{"type": "FeatureCollection", "features": [{"type": "Feature", "geometry": {"type": "Point", "coordinates": [-80.281265799612, 25.668590731393]}, "properties": {"id": "9b9439b5c9c3b344", "source": "coral-gables", "jurisdiction": "Coral Gables", "county": "Miami-Dade", "meeting_body": "Development Review Committee", "meeting_date": "2026-08-28", "title": "DERC-26-08-0082 Level 1. Subdivision review for a Tentative Plat entitled \u201cSunlit Gardens\u201d located at 10005 and 10015 Snapper Creek Road.", "summary": "", "plain": "Plat / subdivision \u2014 at 10005 and 10015 Snapper Creek Road, Coral Gables", "link": "https://coralgables.legistar.com/LegislationDetail.aspx?ID=8174665&GUID=7191978C-7152-4350-87AA-E9595BA8AA37&G=C03FECCE-1BDD-4BC9-824E-247E8F7F967D&Options=&Search=", "project_type": "plat", "multifamily": false, "address": "10005 and 10015 Snapper Creek Road", "parcel": null, "status": "heard", "first_seen": "2026-08-18", "units": null, "acres": null, "score": 0}}, {"type": "Feature", "geometry": {"type": "Point", "coordinates": [-80.283433701385, 25.7109925715]}, "properties": {"id": "bdc5eca5ce5f047e", "source": "coral-gables", "jurisdiction": "Coral Gables", "county": "Miami-Dade", "meeting_body": "City Commission", "meeting_date": "2026-08-25", "title": "An Ordinance of the City Commission requesting amendments to the Future Land Use Map of the City of Coral Gables Comprehensive Plan pursuant to Zoning Code Article 14, \u201cProcess,\u201d Section 14-213, \u201cComprehensive Plan Text and Map Amendments,\u201d and Small Scale Amendment Procedures (ss. 163.3187, Florida Statutes), to change from \u201cCommercial Low-Rise Intensity\u201d to \u201cUniversity Use\u201d for Lot 3, less the s", "summary": "", "plain": "Land-use change \u2014 at 1530 Levante Avenue, Coral Gables", "link": "https://coralgables.legistar.com/LegislationDetail.aspx?ID=8176249&GUID=5DA8E42F-70E7-4644-A980-0C85CF7EC5C8&G=C03FECCE-1BDD-4BC9-824E-247E8F7F967D&Options=&Search=", "project_type": "land-use", "multifamily": false, "address": "1530 Levante Avenue", "parcel": null, "status": "heard", "first_seen": "2026-08-19", "units": null, "acres": null, "score": 1}}, {"type": "Feature", "geometry": {"type": "Point", "coordinates": [-80.283433701385, 25.7109925715]}, "properties": {"id": "d4bc0cb98cb8cba7", "source": "coral-gables", "jurisdiction": "Coral Gables", "county": "Miami-Dade", "meeting_body": "City Commission", "meeting_date": "2026-08-25", "title": "An Ordinance of the City Commission making Zoning District boundary changes pursuant to Zoning Code Article 14, \u201cProcess,\u201d Section 14-212, \u201cZoning Code Text and Map Amendments,\u201d from \u201cMixed-Use 1 (MX1)\u201d to \u201cUniversity Campus District (UCD)\u201d for Lot 3, less the southwest one-half, Lots 4 and 5, and Lots 14 through 17, Block 192, Riviera Section 14, Second Revised Plat, Coral Gables (1530 Levante Av", "summary": "", "plain": "Multifamily plat / subdivision \u2014 at 1530 Levante Avenue, Coral Gables", "link": "https://coralgables.legistar.com/LegislationDetail.aspx?ID=8176251&GUID=D75509E1-FF1E-4BBE-8484-E5C3BFC9C3E4&G=C03FECCE-1BDD-4BC9-824E-247E8F7F967D&Options=&Search=", "project_type": "plat", "multifamily": true, "address": "1530 Levante Avenue", "parcel": null, "status": "heard", "first_seen": "2026-08-19", "units": null, "acres": null, "score": 3}}, {"type": "Feature", "geometry": {"type": "Point", "coordinates": [-80.257264848091, 25.761292187425]}, "properties": {"id": "f8c17ee751fb4cad", "source": "coral-gables", "jurisdiction": "Coral Gables", "county": "Miami-Dade", "meeting_body": "City Commission", "meeting_date": "2026-08-25", "title": "An Ordinance of the City Commission amending the Future Land Use Map and Mixed Use Overlay District Map of the City of Coral Gables Comprehensive Plan pursuant to Zoning Code Article 14, \u201cProcess,\u201d Section 14-213, \u201cComprehensive Plan Text and Map Amendments,\u201d and Small Scale amendment procedures (ss. 163.3187, Florida Statutes), from \u201cReligious/Institutional\u201d to \u201cCommercial Mid-Rise Intensity\u201d and", "summary": "", "plain": "Multifamily land-use change \u2014 at 110 Phoenetia Avenue, Coral Gables", "link": "https://coralgables.legistar.com/LegislationDetail.aspx?ID=8176240&GUID=7E7BB42D-F878-458F-9287-DADAA877D6CE&G=C03FECCE-1BDD-4BC9-824E-247E8F7F967D&Options=&Search=", "project_type": "land-use", "multifamily": true, "address": "110 Phoenetia Avenue", "parcel": null, "status": "heard", "first_seen": "2026-08-19", "units": null, "acres": null, "score": 4}}, {"type": "Feature", "geometry": {"type": "Point", "coordinates": [-80.257264848091, 25.761292187425]}, "properties": {"id": "13bab34da797baf0", "source": "coral-gables", "jurisdiction": "Coral Gables", "county": "Miami-Dade", "meeting_body": "City Commission", "meeting_date": "2026-08-25", "title": "An Ordinance of the City Commission making Zoning District boundary changes pursuant to Zoning Code Article 14, \u201cProcess,\u201d Section 14-212, \u201cZoning Code Text and Map Amendments:\u201d 1) from \u201cSpecial Use\u201d to \u201cMixed Use 2\u201d, and 2) to include  within the boundaries of the North Ponce Mixed Use District Overlay,  Block 21, Revised Plat of Coral Gables Douglas Section (110 Phoenetia Avenue), Coral Gables, ", "summary": "", "plain": "Multifamily plat / subdivision \u2014 at 110 Phoenetia Avenue, Coral Gables", "link": "https://coralgables.legistar.com/LegislationDetail.aspx?ID=8176241&GUID=B80DCF7C-C9A4-46CA-8B97-7F9E65353B6A&G=C03FECCE-1BDD-4BC9-824E-247E8F7F967D&Options=&Search=", "project_type": "plat", "multifamily": true, "address": "110 Phoenetia Avenue", "parcel": null, "status": "heard", "first_seen": "2026-08-19", "units": null, "acres": null, "score": 3}}, {"type": "Feature", "geometry": {"type": "Point", "coordinates": [-80.257264848091, 25.761292187425]}, "properties": {"id": "0912859caf5681f0", "source": "coral-gables", "jurisdiction": "Coral Gables", "county": "Miami-Dade", "meeting_body": "City Commission", "meeting_date": "2026-08-25", "title": "An Ordinance of the City Commission granting approval of a Planned Area Development (PAD) pursuant to Zoning Code Article 14, \u201cProcess,\u201d Section 14-206, \u201cGeneral Procedures for Planned Area Development\u201d for a mixed-use project referred to as \u201cCrystal Residences,\u201d including a private school, on property legally described as  Block 21, Revised Plat of Coral Gables Douglas Section (110 Phoenetia Aven", "summary": "", "plain": "Multifamily plat / subdivision \u2014 at 110 Phoenetia Avenue, Coral Gables", "link": "https://coralgables.legistar.com/LegislationDetail.aspx?ID=8176242&GUID=7D641D8A-0A0F-4E85-AEAC-6787E18276A2&G=C03FECCE-1BDD-4BC9-824E-247E8F7F967D&Options=&Search=", "project_type": "plat", "multifamily": true, "address": "110 Phoenetia Avenue", "parcel": null, "status": "heard", "first_seen": "2026-08-19", "units": null, "acres": null, "score": 3}}, {"type": "Feature", "geometry": {"type": "Point", "coordinates": [-80.257264848091, 25.761292187425]}, "properties": {"id": "921321af76c33aa7", "source": "coral-gables", "jurisdiction": "Coral Gables", "county": "Miami-Dade", "meeting_body": "City Commission", "meeting_date": "2026-08-25", "title": "A Resolution of the City Commission requesting Mixed-Use Site Plan Review and an Encroachment Agreement pursuant to Article 14, \u201cProcess\u201d Section 14-203, \u201cConditional Uses,\u201d for a proposed mixed-use project, referred to as \u201cCrystal Residences,\u201d including a private school and live/work units; on property legally described as Block 21, Revised Plat of Coral Gables Douglas Section (110 Phoenetia Aven", "summary": "", "plain": "Multifamily site plan \u2014 at 110 Phoenetia Avenue, Coral Gables", "link": "https://coralgables.legistar.com/LegislationDetail.aspx?ID=8176243&GUID=92CA0D03-B390-4E1F-B2FF-6BD5BE6539F5&G=C03FECCE-1BDD-4BC9-824E-247E8F7F967D&Options=&Search=", "project_type": "site-plan", "multifamily": true, "address": "110 Phoenetia Avenue", "parcel": null, "status": "heard", "first_seen": "2026-08-19", "units": null, "acres": null, "score": 3}}, {"type": "Feature", "geometry": {"type": "Point", "coordinates": [-80.260558539186, 25.744623740403]}, "properties": {"id": "671ccdc94bcb90a0", "source": "coral-gables", "jurisdiction": "Coral Gables", "county": "Miami-Dade", "meeting_body": "City Commission", "meeting_date": "2026-08-25", "title": "A Resolution of the City Commission amending Resolution No. 2022-81, as amended by Resolution No. R-2025-468, which approved a mixed-use site plan for the property legally described as Lots 5 through 27, Block 28, Coral Gables Crafts Section (340, 330, 322, 314, 310, 300 Catalonia Avenue, 301, 309, 317, 323, 325, 333, 341 Malaga Avenue), Coral Gables, Florida, to allow for completion of the public", "summary": "", "plain": "Multifamily site plan \u2014 at 300 Catalonia Avenue, Coral Gables", "link": "https://coralgables.legistar.com/LegislationDetail.aspx?ID=8176246&GUID=6141C3F6-98CB-4FAC-A5F5-A49E67149842&G=C03FECCE-1BDD-4BC9-824E-247E8F7F967D&Options=&Search=", "project_type": "site-plan", "multifamily": true, "address": "300 Catalonia Avenue", "parcel": null, "status": "heard", "first_seen": "2026-08-21", "units": null, "acres": null, "score": 3}}, {"type": "Feature", "geometry": {"type": "Point", "coordinates": [-80.260986506835, 25.755873615493]}, "properties": {"id": "584a6b9674c053c7", "source": "coral-gables", "jurisdiction": "Coral Gables", "county": "Miami-Dade", "meeting_body": "City Commission", "meeting_date": "2026-08-25", "title": "An Ordinance of the City Commission amending Ordinance No. 2022-26, which granted approval of a Planned Area Development (PAD) for the multi-family project referred to as \u201c301-341 Madeira\u201d on the property legally described as Lots 4 thru 24, Block 1 of Revised Plat of Coral Gables Section K (341, 335, 331, 325, 321, 317, 301 Madeira Avenue), Coral Gables, Florida, to modify Condition relating to u", "summary": "", "plain": "Multifamily plat / subdivision \u2014 at 301 Madeira Avenue, Coral Gables", "link": "https://coralgables.legistar.com/LegislationDetail.aspx?ID=8176519&GUID=B16A9512-75E4-4D5A-9325-DE2C4E16342E&G=C03FECCE-1BDD-4BC9-824E-247E8F7F967D&Options=&Search=", "project_type": "plat", "multifamily": true, "address": "301 Madeira Avenue", "parcel": null, "status": "heard", "first_seen": "2026-08-21", "units": null, "acres": null, "score": 3}}, {"type": "Feature", "geometry": {"type": "Point", "coordinates": [-80.283554968076, 25.758749844401]}, "properties": {"id": "0ac7ae8f793bdc00", "source": "coral-gables", "jurisdiction": "Coral Gables", "county": "Miami-Dade", "meeting_body": "Historic Preservation Board", "meeting_date": "2026-08-13", "title": "CASE FILE LHD 2026-004: Consideration of the local historic designation of the property at 1307 Lisbon Street, legally described as Lot 2, Block 58, Coral Gables Granada Section Revised, according to the Plat thereof, as recorded in Plat Book 8, at Page 113 of the Public Records of Miami-Dade County, Florida.", "summary": "", "plain": "Plat / subdivision \u2014 at 1307 Lisbon Street, Coral Gables", "link": "https://coralgables.legistar.com/LegislationDetail.aspx?ID=8166185&GUID=76CE5E50-1A3D-4003-ACEF-A73963CFAF4F&G=C03FECCE-1BDD-4BC9-824E-247E8F7F967D&Options=&Search=", "project_type": "plat", "multifamily": false, "address": "1307 Lisbon Street", "parcel": null, "status": "heard", "first_seen": "2026-08-11", "units": null, "acres": null, "score": 0}}, {"type": "Feature", "geometry": {"type": "Point", "coordinates": [-80.278023745867, 25.755157947519]}, "properties": {"id": "60fd6a29f191416e", "source": "coral-gables", "jurisdiction": "Coral Gables", "county": "Miami-Dade", "meeting_body": "Historic Preservation Board", "meeting_date": "2026-08-13", "title": "CASE FILE COA (SP) 2026-020: An application for the issuance of a Special Certificate of Appropriateness for the property at 1137 Obispo Avenue, a Local Historic Landmark, legally described as Lots 21, Block 17, Coral Gables Section \u201cC,\u201d according to the Plat thereof, as recorded in Plat Book 8, at page 26, of the Public Records of Miami-Dade County, Florida. The application requests design approv", "summary": "", "plain": "Plat / subdivision \u2014 at 1137 Obispo Avenue, Coral Gables", "link": "https://coralgables.legistar.com/LegislationDetail.aspx?ID=8165287&GUID=406EA30C-B4F2-42B1-B247-B5A1857A6858&G=C03FECCE-1BDD-4BC9-824E-247E8F7F967D&Options=&Search=", "project_type": "plat", "multifamily": false, "address": "1137 Obispo Avenue", "parcel": null, "status": "heard", "first_seen": "2026-08-11", "units": null, "acres": null, "score": 0}}, {"type": "Feature", "geometry": {"type": "Point", "coordinates": [-80.276230449881, 25.760946746361]}, "properties": {"id": "c0a3fabf31f1c6c3", "source": "coral-gables", "jurisdiction": "Coral Gables", "county": "Miami-Dade", "meeting_body": "Historic Preservation Board", "meeting_date": "2026-08-13", "title": "CASE FILE COA (SP) 2026-023: An application for the issuance of a Special Certificate of Appropriateness for the property at 1116 Alberca Street, a Local Historic Landmark, legally described as Lots 19, Block 2, Granada Place Section Amended Plat, according to the Plat thereof, as recorded in Plat Book 13, at page 51, of the Public Records of Miami-Dade County, Florida. The application requests de", "summary": "", "plain": "Plat / subdivision \u2014 at 1116 Alberca Street, Coral Gables", "link": "https://coralgables.legistar.com/LegislationDetail.aspx?ID=8165288&GUID=6393D7A3-0629-488B-A40B-53AACFA383FA&G=C03FECCE-1BDD-4BC9-824E-247E8F7F967D&Options=&Search=", "project_type": "plat", "multifamily": false, "address": "1116 Alberca Street", "parcel": null, "status": "heard", "first_seen": "2026-08-11", "units": null, "acres": null, "score": 0}}, {"type": "Feature", "geometry": {"type": "Point", "coordinates": [-80.27009808043, 25.755357347802]}, "properties": {"id": "1c9d6ca882a14fa3", "source": "coral-gables", "jurisdiction": "Coral Gables", "county": "Miami-Dade", "meeting_body": "Historic Preservation Board", "meeting_date": "2026-07-16", "title": "CASE FILE AV 2025-001: An application requesting ad valorem tax relief for the property at 720 Madeira Avenue, a Local Historic Landmark, legally described as Lot 7, Block 7, Coral Estates Section, according to the Plat thereof, as recorded in Plat Book 19, at Page 7, of the Public Records of Miami-Dade County, Florida. The related Special Certificates of Appropriateness, COA (SP) 2024-040 was gra", "summary": "", "plain": "Plat / subdivision \u2014 at 720 Madeira Avenue, Coral Gables", "link": "https://coralgables.legistar.com/LegislationDetail.aspx?ID=8133984&GUID=A92B1DF8-CEDA-48AB-AEC6-5FFCBCA5F08B&G=C03FECCE-1BDD-4BC9-824E-247E8F7F967D&Options=&Search=", "project_type": "plat", "multifamily": false, "address": "720 Madeira Avenue", "parcel": null, "status": "heard", "first_seen": "2026-07-14", "units": null, "acres": null, "score": 0}}, {"type": "Feature", "geometry": {"type": "Point", "coordinates": [-80.263740799665, 25.754818470684]}, "properties": {"id": "56ed596af6827eea", "source": "coral-gables", "jurisdiction": "Coral Gables", "county": "Miami-Dade", "meeting_body": "Historic Preservation Board", "meeting_date": "2026-07-16", "title": "CASE FILE LHD 2025-006 and CASE FILE COA (SP) 2026-007: Consideration of the local historic designation of the property at 439 Majorca Avenue, legally described as Lot 16 & the West \u00bd of Lot 17, Block 1, Coral Gables Section B, according to the Plat thereof, as recorded in Plat Book 5, at Page 111 of the Public Records of Miami-Dade County, Florida. The applicant is also requesting the issuance of", "summary": "", "plain": "Plat / subdivision \u2014 at 439 Majorca Avenue, Coral Gables", "link": "https://coralgables.legistar.com/LegislationDetail.aspx?ID=8072326&GUID=92A3BD40-8A3B-4049-BFEB-825258AB9FE9&G=C03FECCE-1BDD-4BC9-824E-247E8F7F967D&Options=&Search=", "project_type": "plat", "multifamily": false, "address": "439 Majorca Avenue", "parcel": null, "status": "heard", "first_seen": "2026-07-11", "units": null, "acres": null, "score": 0}}, {"type": "Feature", "geometry": {"type": "Point", "coordinates": [-80.26371053578, 25.750244673776]}, "properties": {"id": "a3be50bc395be705", "source": "coral-gables", "jurisdiction": "Coral Gables", "county": "Miami-Dade", "meeting_body": "Historic Preservation Board", "meeting_date": "2026-07-16", "title": "CASE FILE LHD 2025-014 and CASE FILE COA (SP) 2026-015: Consideration of the local historic designation of the property at 446 Aragon Avenue, legally described as Lot 1, Block 8, Section Coral Gables Section \u201cB,\u201d according to the Plat thereof, as recorded in Plat Book 5, at Page 111 of the Public Records of Miami-Dade County, Florida. The applicant is also requesting the issuance of an Accelerated", "summary": "", "plain": "Plat / subdivision \u2014 at 446 Aragon Avenue, Coral Gables", "link": "https://coralgables.legistar.com/LegislationDetail.aspx?ID=8134591&GUID=67447909-DBDE-47DB-ABE4-8FE1C3F8792D&G=C03FECCE-1BDD-4BC9-824E-247E8F7F967D&Options=&Search=", "project_type": "plat", "multifamily": false, "address": "446 Aragon Avenue", "parcel": null, "status": "heard", "first_seen": "2026-07-14", "units": null, "acres": null, "score": 0}}, {"type": "Feature", "geometry": {"type": "Point", "coordinates": [-80.265872669425, 25.752515876455]}, "properties": {"id": "76db5181d942338f", "source": "coral-gables", "jurisdiction": "Coral Gables", "county": "Miami-Dade", "meeting_body": "Historic Preservation Board", "meeting_date": "2026-07-16", "title": "CASE FILE COA (SP) 2025-019: An application for the issuance of a Special Certificate of Appropriateness for the property at 547 Alcazar Avenue, a Contributing Resource within the \u201cAlcazar Avenue Historic District,\u201d  legally described as Lot 24, Block 13, Coral Gables Section \u201cB,\u201d according to the Plat thereof, as recorded in Plat Book 5, at Page 111, of the Public Records of Miami-Dade County, Fl", "summary": "", "plain": "Plat / subdivision \u2014 at 547 Alcazar Avenue, Coral Gables", "link": "https://coralgables.legistar.com/LegislationDetail.aspx?ID=7987997&GUID=76E0EF45-A004-44B5-90BF-A4E0913D3D38&G=C03FECCE-1BDD-4BC9-824E-247E8F7F967D&Options=&Search=", "project_type": "plat", "multifamily": false, "address": "547 Alcazar Avenue", "parcel": null, "status": "heard", "first_seen": "2026-07-06", "units": null, "acres": null, "score": 0}}, {"type": "Feature", "geometry": {"type": "Point", "coordinates": [-80.268279035387, 25.731512515334]}, "properties": {"id": "ca8c5fc57da78baf", "source": "coral-gables", "jurisdiction": "Coral Gables", "county": "Miami-Dade", "meeting_body": "Historic Preservation Board", "meeting_date": "2026-07-16", "title": "CASE FILE COA (SP) 2026-016: An application for the issuance of a Special Certificate of Appropriateness for the property at 4400 Palmarito Street, a Contributing Resource within the \u201cItalian Village,\u201d legally described as Lots 7 thru 9, Block 12, Coral Gables Riviera Section Part 1, according to the Plat thereof, as recorded in Plat Book 28, at Page 31 of the Public Records of Miami-Dade County, ", "summary": "", "plain": "Plat / subdivision \u2014 at 4400 Palmarito Street, Coral Gables", "link": "https://coralgables.legistar.com/LegislationDetail.aspx?ID=8072289&GUID=E5ADF1A7-CEDF-49B9-B58B-4AF8A1E0091E&G=C03FECCE-1BDD-4BC9-824E-247E8F7F967D&Options=&Search=", "project_type": "plat", "multifamily": false, "address": "4400 Palmarito Street", "parcel": null, "status": "heard", "first_seen": "2026-07-06", "units": null, "acres": null, "score": 0}}, {"type": "Feature", "geometry": {"type": "Point", "coordinates": [-80.256061847155, 25.728116533646]}, "properties": {"id": "5bfb122fa19ccc9d", "source": "coral-gables", "jurisdiction": "Coral Gables", "county": "Miami-Dade", "meeting_body": "Historic Preservation Board", "meeting_date": "2026-07-16", "title": "CASE FILE COA (SP) 2026-004: An application for the issuance of a Special Certificate of Appropriateness for the property at 118 Florida Avenue, a Contributing Resource with the \u201cMacFarlane Homestead Subdivision Historic District,\u201d legally described as Lot 20, Block 1-A, MacFarlane Homestead, according to the Plat thereof, as recorded in Plat Book 5, at Page 81, of the Public Records of Miami-Dade", "summary": "", "plain": "Plat / subdivision \u2014 at 118 Florida Avenue, Coral Gables", "link": "https://coralgables.legistar.com/LegislationDetail.aspx?ID=8133983&GUID=F8E10330-50C8-4C71-B8FC-98B4F727F54E&G=C03FECCE-1BDD-4BC9-824E-247E8F7F967D&Options=&Search=", "project_type": "plat", "multifamily": false, "address": "118 Florida Avenue", "parcel": null, "status": "heard", "first_seen": "2026-07-14", "units": null, "acres": null, "score": 0}}, {"type": "Feature", "geometry": {"type": "Point", "coordinates": [-80.263127049451, 25.753179198586]}, "properties": {"id": "4bf7795546c19df2", "source": "coral-gables", "jurisdiction": "Coral Gables", "county": "Miami-Dade", "meeting_body": "Historic Preservation Board", "meeting_date": "2026-07-16", "title": "CASE FILE COA (SP) 2026-006: An application for the issuance of a Special Certificate of Appropriateness for the property at 410 Minorca Avenue, a Local Historic Landmark, legally described as Lots 10 & 11, Block 4, Coral Gables Section \u201cB,\u201d according to the Plat thereof, as recorded in Plat Book 5, at page 111, of the Public Records of Miami-Dade County, Florida. The application requests design a", "summary": "", "plain": "Plat / subdivision \u2014 at 410 Minorca Avenue, Coral Gables", "link": "https://coralgables.legistar.com/LegislationDetail.aspx?ID=8134592&GUID=046BE10A-6378-4983-BFCB-30FE94599D39&G=C03FECCE-1BDD-4BC9-824E-247E8F7F967D&Options=&Search=", "project_type": "plat", "multifamily": false, "address": "410 Minorca Avenue", "parcel": null, "status": "heard", "first_seen": "2026-07-14", "units": null, "acres": null, "score": 0}}, {"type": "Feature", "geometry": {"type": "Point", "coordinates": [-80.258487910873, 25.744735026716]}, "properties": {"id": "943653cbcdc56f33", "source": "coral-gables", "jurisdiction": "Coral Gables", "county": "Miami-Dade", "meeting_body": "City Commission", "meeting_date": "2026-07-07", "title": "A Resolution of the City Commission amending Resolution No. 2024-107, as amended by Resolution No. 2025-463, which approved the mixed-use site plan and encroachment plan for the project referred to as \"Ponce Park Residences\" on a property legally described as Lots 8 through 21, less the west \u00bd of Lot 8, Block 29, Crafts Section, together with that portion of the 20-foot platted alley lying east of", "summary": "", "plain": "Multifamily site plan \u2014 at 3000 Ponce de Leon Blvd, Coral Gables", "link": "https://coralgables.legistar.com/LegislationDetail.aspx?ID=8127310&GUID=E3D53CE9-5250-4B61-85B4-093AC78F756A&G=C03FECCE-1BDD-4BC9-824E-247E8F7F967D&Options=&Search=", "project_type": "site-plan", "multifamily": true, "address": "3000 Ponce de Leon Blvd", "parcel": null, "status": "heard", "first_seen": "2026-07-06", "units": null, "acres": null, "score": 3}}, {"type": "Feature", "geometry": {"type": "Point", "coordinates": [-80.270008491795, 25.690120480493]}, "properties": {"id": "a7495731ec4575a0", "source": "coral-gables", "jurisdiction": "Coral Gables", "county": "Miami-Dade", "meeting_body": "Board of Adjustment", "meeting_date": "2026-07-06", "title": "VARI-26-03-0030 (Deferred from last meeting)\nVariances for freestanding carport and chain link fence at 8800 Old Culter Rd.\n1.\tVariance to allow a freestanding carport canopy to have reduced interior side setbacks of nine-feet and four- inches (9\u2019-4\u201d) from both the north and south side where 20 feet is required on both sides, per Site Specifics Section A-56.H.2 of the Coral Gables Zoning Code.\n2.\t", "summary": "", "plain": "Variance \u2014 at 8800 Old Culter Rd. 1, Coral Gables", "link": "https://coralgables.legistar.com/LegislationDetail.aspx?ID=7976223&GUID=148ACC07-686B-4A93-9ED3-4B9B5DE6096F&G=C03FECCE-1BDD-4BC9-824E-247E8F7F967D&Options=&Search=", "project_type": "variance", "multifamily": false, "address": "8800 Old Culter Rd. 1", "parcel": null, "status": "heard", "first_seen": "2026-07-06", "units": null, "acres": null, "score": 0}}, {"type": "Feature", "geometry": {"type": "Point", "coordinates": [-80.255787631388, 25.706953590464]}, "properties": {"id": "3dcb3e66c15738a6", "source": "coral-gables", "jurisdiction": "Coral Gables", "county": "Miami-Dade", "meeting_body": "Board of Adjustment", "meeting_date": "2026-07-06", "title": "VARI-26-02-0029 (Deferred from last meeting)\nVariance request at 240 Edgewater Drive\n1.\tVariance to allow a proposed dock to extend 11 feet and 3 inches into the waterway from the seawall, where five feet (5\u2019) is the maximum allowed per Section 3-702(A) of the Coral Gables Zoning Code.", "summary": "", "plain": "Variance \u2014 at 240 Edgewater Drive 1, Coral Gables", "link": "https://coralgables.legistar.com/LegislationDetail.aspx?ID=8040750&GUID=D46851EE-14F8-4FDD-8ACD-D72DEED71415&G=C03FECCE-1BDD-4BC9-824E-247E8F7F967D&Options=&Search=", "project_type": "variance", "multifamily": false, "address": "240 Edgewater Drive 1", "parcel": null, "status": "heard", "first_seen": "2026-07-06", "units": null, "acres": null, "score": 0}}, {"type": "Feature", "geometry": {"type": "Point", "coordinates": [-80.255195688745, 25.706960317072]}, "properties": {"id": "b96ea7bd3c753483", "source": "coral-gables", "jurisdiction": "Coral Gables", "county": "Miami-Dade", "meeting_body": "Board of Adjustment", "meeting_date": "2026-07-06", "title": "VARI-26-06-0033\r\nVariances for cooling tower at 10 Edgewater Drive.\r\n1.\tVariance to allow an accessory building (cooling tower) to be located closer to the front street, between the street and the main building, pursuant to Section 3-301(b), Section 3-310(b) of the Coral Gables Zoning Code.\r\n2.\tVariance to allow the fa\u00e7ade of the proposed cooling tower enclosure to have louvers facing the street, ", "summary": "", "plain": "Variance \u2014 at 10 Edgewater Drive. 1, Coral Gables", "link": "https://coralgables.legistar.com/LegislationDetail.aspx?ID=8125059&GUID=CA987884-2B67-4DD1-97FB-04B46C75DA2A&G=C03FECCE-1BDD-4BC9-824E-247E8F7F967D&Options=&Search=", "project_type": "variance", "multifamily": false, "address": "10 Edgewater Drive. 1", "parcel": null, "status": "heard", "first_seen": "2026-07-06", "units": null, "acres": null, "score": 0}}, {"type": "Feature", "geometry": {"type": "Point", "coordinates": [-80.275451664726, 25.744931705114]}, "properties": {"id": "dcd258b07ff44b32", "source": "coral-gables", "jurisdiction": "Coral Gables", "county": "Miami-Dade", "meeting_body": "Board of Adjustment", "meeting_date": "2026-07-06", "title": "VARI-26-06-0034 \r\nVariance request at 2830 De Soto Boulevard\r\n1.\tVariance request to reduce the required interior length of an existing garage to 20 feet 2 inches, where 22 feet is required, pursuant to Section 10-102.A(4) of the Coral Gables Zoning Code.", "summary": "", "plain": "Variance \u2014 at 2830 De Soto Boulevard 1, Coral Gables", "link": "https://coralgables.legistar.com/LegislationDetail.aspx?ID=8125060&GUID=344523EF-FBF8-4408-9EFF-A53A6174ECFE&G=C03FECCE-1BDD-4BC9-824E-247E8F7F967D&Options=&Search=", "project_type": "variance", "multifamily": false, "address": "2830 De Soto Boulevard 1", "parcel": null, "status": "heard", "first_seen": "2026-07-06", "units": null, "acres": null, "score": 0}}, {"type": "Feature", "geometry": {"type": "Point", "coordinates": [-80.260897507805, 25.698007927208]}, "properties": {"id": "07d9c53c4251c1e6", "source": "coral-gables", "jurisdiction": "Coral Gables", "county": "Miami-Dade", "meeting_body": "Waterways Advisory Board", "meeting_date": "2026-07-01", "title": "a. 361 Los Pinos Boulevard - Dock Variance, Board Member Comments Review", "summary": "a. 361 Los Pinos Boulevard - Dock Variance, Board Member Comments Review", "plain": "Variance \u2014 at 361 Los Pinos Boulevard, Coral Gables", "link": "https://coralgables.legistar.com/MeetingDetail.aspx?LEGID=5484&GID=62&G=C03FECCE-1BDD-4BC9-824E-247E8F7F967D", "project_type": "variance", "multifamily": false, "address": "361 Los Pinos Boulevard", "parcel": null, "status": "heard", "first_seen": "2026-07-06", "units": null, "acres": null, "score": 0}}, {"type": "Feature", "geometry": {"type": "Point", "coordinates": [-80.255787631388, 25.706953590464]}, "properties": {"id": "b31d986cbe0e5295", "source": "coral-gables", "jurisdiction": "Coral Gables", "county": "Miami-Dade", "meeting_body": "Waterways Advisory Board", "meeting_date": "2026-07-01", "title": "a. 240 Edgewater Drive \u2013 Dock Variance, Board Member Comments Review", "summary": "a. 240 Edgewater Drive \u2013 Dock Variance, Board Member Comments Review", "plain": "Variance \u2014 at 240 Edgewater Drive, Coral Gables", "link": "https://coralgables.legistar.com/MeetingDetail.aspx?LEGID=5484&GID=62&G=C03FECCE-1BDD-4BC9-824E-247E8F7F967D", "project_type": "variance", "multifamily": false, "address": "240 Edgewater Drive", "parcel": null, "status": "heard", "first_seen": "2026-07-06", "units": null, "acres": null, "score": 0}}, {"type": "Feature", "geometry": {"type": "Point", "coordinates": [-80.258303334445, 25.742745437902]}, "properties": {"id": "b758ea85189e428d", "source": "coral-gables", "jurisdiction": "Coral Gables", "county": "Miami-Dade", "meeting_body": "Development Review Committee", "meeting_date": "2026-06-26", "title": "DERC-26-06-0077 Level 2. Change of Use for the existing five-story building to a mixed-use development with residential and commercial uses, located at 3195 Ponce de Leon Boulevard.", "summary": "", "plain": "Multifamily development item \u2014 at 3195 Ponce de Leon Boulevard, Coral Gables", "link": "https://coralgables.legistar.com/LegislationDetail.aspx?ID=8070599&GUID=991463A4-0E1D-4582-89C7-960116368C2D&G=C03FECCE-1BDD-4BC9-824E-247E8F7F967D&Options=&Search=", "project_type": "other-development", "multifamily": true, "address": "3195 Ponce de Leon Boulevard", "parcel": null, "status": "heard", "first_seen": "2026-07-06", "units": null, "acres": null, "score": 3}}, {"type": "Feature", "geometry": {"type": "Point", "coordinates": [-80.258303334445, 25.742745437902]}, "properties": {"id": "87e1f2a5b8127c09", "source": "coral-gables", "jurisdiction": "Coral Gables", "county": "Miami-Dade", "meeting_body": "Development Review Committee", "meeting_date": "2026-06-26", "title": "DERC-26-06-0078 Level 2. New construction of a two-story office building on the existing parking lot associated with 3195 Ponce de Leon Boulevard, subject to any other required legislative approvals for the site.", "summary": "", "plain": "Development item \u2014 at 3195 Ponce de Leon Boulevard, Coral Gables", "link": "https://coralgables.legistar.com/LegislationDetail.aspx?ID=8070600&GUID=6E22AEFD-5D89-4B65-8B10-96E077C5E5A7&G=C03FECCE-1BDD-4BC9-824E-247E8F7F967D&Options=&Search=", "project_type": "other-development", "multifamily": false, "address": "3195 Ponce de Leon Boulevard", "parcel": null, "status": "heard", "first_seen": "2026-07-06", "units": null, "acres": null, "score": 0}}, {"type": "Feature", "geometry": {"type": "Point", "coordinates": [-80.275359982955, 25.756674000337]}, "properties": {"id": "c12f1bc20f71c908", "source": "coral-gables", "jurisdiction": "Coral Gables", "county": "Miami-Dade", "meeting_body": "Historic Preservation Board", "meeting_date": "2026-06-18", "title": "CASE FILE LHD 2026-03: Consideration of the local historic designation of the property at 1624 Granada Boulevard, legally described as Lots 23 & S7FT of Lot 22 & Lot 24 & S10 FT of Lot 21, Block 1, Coral Gables Section \u201cC,\u201d according to the Plat thereof, as recorded in Plat Book 8, at Page 26 of the Public Records of Miami-Dade County, Florida.", "summary": "", "plain": "Plat / subdivision \u2014 at 1624 Granada Boulevard, Coral Gables", "link": "https://coralgables.legistar.com/LegislationDetail.aspx?ID=8072327&GUID=A1C7E620-C4C9-481A-9DA7-F70E6CE77B57&G=C03FECCE-1BDD-4BC9-824E-247E8F7F967D&Options=&Search=", "project_type": "plat", "multifamily": false, "address": "1624 Granada Boulevard", "parcel": null, "status": "heard", "first_seen": "2026-07-06", "units": null, "acres": null, "score": 0}}, {"type": "Feature", "geometry": {"type": "Point", "coordinates": [-80.271853852208, 25.754339914758]}, "properties": {"id": "84172c1a7fb5ea33", "source": "coral-gables", "jurisdiction": "Coral Gables", "county": "Miami-Dade", "meeting_body": "Historic Preservation Board", "meeting_date": "2026-06-18", "title": "CASE FILE COA (SP) 2026-009: An application for the issuance of a Special Certificate of Appropriateness for the property at 808 Majorca Avenue, a Local Historic Landmark, legally described as the East 25 Feet of Lot 7 & All of Lot 8, Block 30, Coral Gables Section \u201cB,\u201d according to the Plat thereof, as recorded in Plat Book 5, at Page 111, of the Public Records of Miami-Dade County, Florida. The ", "summary": "", "plain": "Plat / subdivision \u2014 at 808 Majorca Avenue, Coral Gables", "link": "https://coralgables.legistar.com/LegislationDetail.aspx?ID=8072290&GUID=49FF71C1-A43B-48C3-9DB5-D0E07E751170&G=C03FECCE-1BDD-4BC9-824E-247E8F7F967D&Options=&Search=", "project_type": "plat", "multifamily": false, "address": "808 Majorca Avenue", "parcel": null, "status": "heard", "first_seen": "2026-07-06", "units": null, "acres": null, "score": 0}}, {"type": "Feature", "geometry": {"type": "Point", "coordinates": [-80.280737767006, 25.751291159592]}, "properties": {"id": "f4b369c142ed9b2b", "source": "coral-gables", "jurisdiction": "Coral Gables", "county": "Miami-Dade", "meeting_body": "Historic Preservation Board", "meeting_date": "2026-06-18", "title": "CASE FILE COA (SP) 2024-010 RENEWAL:  An application for the reissuance of a Special Certificate of Appropriateness for the property at 1256 South Greenway Drive, a Non-Contributing Resource within the \u201cCountry Club of Coral Gables Historic District,\u201d legally described as Lots 3 & 4, Block 5, Coral Gables Section \u201cE,\u201d according to the Plat thereof, as recorded in Plat Book 8, Page 13 of the Public", "summary": "", "plain": "Plat / subdivision \u2014 at 1256 South Greenway Drive, Coral Gables", "link": "https://coralgables.legistar.com/LegislationDetail.aspx?ID=8072328&GUID=F42E6F37-1047-4F39-9F41-F99809DF69A4&G=C03FECCE-1BDD-4BC9-824E-247E8F7F967D&Options=&Search=", "project_type": "plat", "multifamily": false, "address": "1256 South Greenway Drive", "parcel": null, "status": "heard", "first_seen": "2026-07-06", "units": null, "acres": null, "score": 0}}, {"type": "Feature", "geometry": {"type": "Point", "coordinates": [-80.255787631388, 25.706953590464]}, "properties": {"id": "3465adbf4f561edd", "source": "coral-gables", "jurisdiction": "Coral Gables", "county": "Miami-Dade", "meeting_body": "Waterways Advisory Board", "meeting_date": "2026-06-03", "title": "a. 240 Edgewater Drive \u2013 Dock Variance, Board Member Comments Review\r\nb. Pending Items Review \u2013 Added Manatee Outlook", "summary": "a. 240 Edgewater Drive \u2013 Dock Variance, Board Member Comments Review\r\nb. Pending Items Review \u2013 Added Manatee Outlook", "plain": "Variance \u2014 at 240 Edgewater Drive, Coral Gables", "link": "https://coralgables.legistar.com/MeetingDetail.aspx?LEGID=5452&GID=62&G=C03FECCE-1BDD-4BC9-824E-247E8F7F967D", "project_type": "variance", "multifamily": false, "address": "240 Edgewater Drive", "parcel": null, "status": "heard", "first_seen": "2026-07-06", "units": null, "acres": null, "score": 0}}, {"type": "Feature", "geometry": {"type": "Point", "coordinates": [-80.257441417909, 25.764566058942]}, "properties": {"id": "913203ac95c9d8e7", "source": "coral-gables", "jurisdiction": "Coral Gables", "county": "Miami-Dade", "meeting_body": "City Commission", "meeting_date": "2026-06-02", "title": "Update regarding Live Local Act application located at 3808 SW 8th Street referred to as \u201cPonce 8.\u201d", "summary": "", "plain": "Multifamily development item \u2014 at 3808 SW 8th Street, Coral Gables", "link": "https://coralgables.legistar.com/LegislationDetail.aspx?ID=8039931&GUID=673B0BD6-718E-422A-85CC-E8B1CAA8DA0C&G=C03FECCE-1BDD-4BC9-824E-247E8F7F967D&Options=&Search=", "project_type": "other-development", "multifamily": true, "address": "3808 SW 8th Street", "parcel": null, "status": "heard", "first_seen": "2026-07-06", "units": null, "acres": null, "score": 3}}, {"type": "Feature", "geometry": {"type": "Point", "coordinates": [-80.268786109568, 25.739027957278]}, "properties": {"id": "ee1dae6029ae7893", "source": "coral-gables", "jurisdiction": "Coral Gables", "county": "Miami-Dade", "meeting_body": "City Commission", "meeting_date": "2026-06-02", "title": "An Appeal to the Coral Gables City Commission from the decision of the Board of Adjustment on May 4, 2026 approving an application for a variance to allow a mechanical equipment for a swimming pool to have a side setback of one foot and nine inches (1\u2019-9\u201d) and rear setback of two feet and seven inches (2\u2019-7\u201d), where a minimum of five feet (5\u2019) is required on both side and rear, per Section 3-308.D", "summary": "", "plain": "Variance \u2014 at 722 Aledo Avenue, Coral Gables", "link": "https://coralgables.legistar.com/LegislationDetail.aspx?ID=8039937&GUID=4BEE31CF-B66C-456E-8A7C-157902DD535C&G=C03FECCE-1BDD-4BC9-824E-247E8F7F967D&Options=&Search=", "project_type": "variance", "multifamily": false, "address": "722 Aledo Avenue", "parcel": null, "status": "heard", "first_seen": "2026-07-06", "units": null, "acres": null, "score": 0}}, {"type": "Feature", "geometry": {"type": "Point", "coordinates": [-80.261209552194, 25.750995212551]}, "properties": {"id": "6fc6a4d478efdf1d", "source": "coral-gables", "jurisdiction": "Coral Gables", "county": "Miami-Dade", "meeting_body": "City Commission", "meeting_date": "2026-06-02", "title": "A Resolution of the City Commission granting an amendment to a previously approved Conditional Use (Resolution No. 2016-140), with all remaining conditions of approval to remain in effect, pursuant to Zoning Code Article 14, \u201cProcess,\u201d Section 14-203, \u201cConditional Uses,\u201d to allow a private school use with educational instruction from kindergarten through fifth (5th) grade within an existing day ca", "summary": "", "plain": "Special exception \u2014 at 320 Giralda Avenue, Coral Gables", "link": "https://coralgables.legistar.com/LegislationDetail.aspx?ID=8039932&GUID=575D5919-AD6C-4452-B6B2-8D1EAEE049F3&G=C03FECCE-1BDD-4BC9-824E-247E8F7F967D&Options=&Search=", "project_type": "special-exception", "multifamily": false, "address": "320 Giralda Avenue", "parcel": null, "status": "heard", "first_seen": "2026-07-06", "units": null, "acres": null, "score": 0}}, {"type": "Feature", "geometry": {"type": "Point", "coordinates": [-80.2608769924, 25.74389950748]}, "properties": {"id": "b1166c991761d1d2", "source": "coral-gables", "jurisdiction": "Coral Gables", "county": "Miami-Dade", "meeting_body": "Development Review Committee", "meeting_date": "2026-05-29", "title": "DERC-26-04-0075 | DRC Level 2. Malaga Residences - New construction of a four (4) story building consisting of twenty-five (25) dwelling units with Mediterranean Bonus, located at 300, 310, and 318 Malaga Avenue.", "summary": "", "plain": "Multifamily development item \u2014 at 318 Malaga Avenue, Coral Gables", "link": "https://coralgables.legistar.com/LegislationDetail.aspx?ID=8031142&GUID=5754F51D-779B-4E18-BADF-84121E91A8CD&G=C03FECCE-1BDD-4BC9-824E-247E8F7F967D&Options=&Search=", "project_type": "other-development", "multifamily": true, "address": "318 Malaga Avenue", "parcel": null, "status": "heard", "first_seen": "2026-07-06", "units": null, "acres": null, "score": 3}}, {"type": "Feature", "geometry": {"type": "Point", "coordinates": [-80.274946581955, 25.745869514961]}, "properties": {"id": "b9ef42f09ba6e389", "source": "coral-gables", "jurisdiction": "Coral Gables", "county": "Miami-Dade", "meeting_body": "Historic Preservation Board", "meeting_date": "2026-05-21", "title": "CASE FILE LHD 2025-004 and COA (SP) 2026-019: Consideration of the local historic designation of the property at 2716 Granada Boulevard, legally described as Lots 12 & 13, Block 15, Coral Gables Section \u201cA,\u201d according to the Plat thereof, as recorded in Plat Book 5, at Page 102 of the Public Records of Miami-Dade County, Florida. The applicant is also requesting the issuance of an Accelerated Spec", "summary": "", "plain": "Plat / subdivision \u2014 at 2716 Granada Boulevard, Coral Gables", "link": "https://coralgables.legistar.com/LegislationDetail.aspx?ID=8032814&GUID=7755F065-0754-4F97-A65C-8A408F2F7173&G=C03FECCE-1BDD-4BC9-824E-247E8F7F967D&Options=&Search=", "project_type": "plat", "multifamily": false, "address": "2716 Granada Boulevard", "parcel": null, "status": "heard", "first_seen": "2026-07-06", "units": null, "acres": null, "score": 0}}, {"type": "Feature", "geometry": {"type": "Point", "coordinates": [-80.280596953902, 25.75881343829]}, "properties": {"id": "991895540ddbad8c", "source": "coral-gables", "jurisdiction": "Coral Gables", "county": "Miami-Dade", "meeting_body": "Historic Preservation Board", "meeting_date": "2026-05-21", "title": "CASE FILE LHD 2026-01: Consideration of the local historic designation of the property at 1315 Genoa Street, legally described as Lot 10, Block 37, Coral Gables Granada Section Revised, according to the Plat thereof, as recorded in Plat Book 8, at Page 113 of the Public Records of Miami-Dade County, Florida.", "summary": "", "plain": "Plat / subdivision \u2014 at 1315 Genoa Street, Coral Gables", "link": "https://coralgables.legistar.com/LegislationDetail.aspx?ID=7988324&GUID=8AF2A766-4A52-481F-B571-BC413E223098&G=C03FECCE-1BDD-4BC9-824E-247E8F7F967D&Options=&Search=", "project_type": "plat", "multifamily": false, "address": "1315 Genoa Street", "parcel": null, "status": "heard", "first_seen": "2026-07-06", "units": null, "acres": null, "score": 0}}, {"type": "Feature", "geometry": {"type": "Point", "coordinates": [-80.263076717752, 25.750380989986]}, "properties": {"id": "1fecd62cb111f180", "source": "coral-gables", "jurisdiction": "Coral Gables", "county": "Miami-Dade", "meeting_body": "Historic Preservation Board", "meeting_date": "2026-05-21", "title": "CASE FILE COA (SP) 2025-017 CONTINUED: An application for the issuance of a Special Certificate of Appropriateness for the property at 415 Aragon Avenue, a Local Historic Landmark, legally described as Lot 16 & W1/2 Lot 15, Block 7, Coral Gables Section B, according to the Plat thereof, as recorded in Plat Book 5, at Page 111, of the Public Records of Miami-Dade County, Florida. The application re", "summary": "", "plain": "Plat / subdivision \u2014 at 415 Aragon Avenue, Coral Gables", "link": "https://coralgables.legistar.com/LegislationDetail.aspx?ID=8032816&GUID=B19FDEB7-CFE3-46C5-B527-D2E8B495F2D4&G=C03FECCE-1BDD-4BC9-824E-247E8F7F967D&Options=&Search=", "project_type": "plat", "multifamily": false, "address": "415 Aragon Avenue", "parcel": null, "status": "heard", "first_seen": "2026-07-06", "units": null, "acres": null, "score": 0}}, {"type": "Feature", "geometry": {"type": "Point", "coordinates": [-80.275415593393, 25.754086282104]}, "properties": {"id": "edf835e7cc7b2cd2", "source": "coral-gables", "jurisdiction": "Coral Gables", "county": "Miami-Dade", "meeting_body": "Historic Preservation Board", "meeting_date": "2026-05-21", "title": "CASE FILE COA (SP) 2026-017: An application for the issuance of a Special Certificate of Appropriateness for the property at 1008 Alhambra Circle, a Contributing Resource within the \u201cAlhambra Circle Historic District,\u201d legally described as Lot 9 & North 45\u2019-0\u201d Lot 10, Block 4, Coral Gables Section \u201cC\u201d, according to the Plat thereof, as recorded in Plat Book 8, at Page 26 of the Public Records of M", "summary": "", "plain": "Plat / subdivision \u2014 at 1008 Alhambra Circle, Coral Gables", "link": "https://coralgables.legistar.com/LegislationDetail.aspx?ID=8032920&GUID=D73EF3F2-0FA9-4D52-BC99-A8D0612627B0&G=C03FECCE-1BDD-4BC9-824E-247E8F7F967D&Options=&Search=", "project_type": "plat", "multifamily": false, "address": "1008 Alhambra Circle", "parcel": null, "status": "heard", "first_seen": "2026-07-06", "units": null, "acres": null, "score": 0}}, {"type": "Feature", "geometry": {"type": "Point", "coordinates": [-80.268279035387, 25.731512515334]}, "properties": {"id": "903a9c3b9470f2f9", "source": "coral-gables", "jurisdiction": "Coral Gables", "county": "Miami-Dade", "meeting_body": "Historic Preservation Board", "meeting_date": "2026-05-21", "title": "CASE FILE COA (SP) 2026-016: An application for the issuance of a Special Certificate of Appropriateness for the property at 4400 Palmarito Street, a Contributing Resource within the \u201cItalian Village,\u201d legally described as Lots 7 thru 9, Block 12, Coral Gables Riviera Section Part 1, according to the Plat thereof, as recorded in Plat Book 28, at Page 31 of the Public Records of Miami-Dade County, ", "summary": "", "plain": "Plat / subdivision \u2014 at 4400 Palmarito Street, Coral Gables", "link": "https://coralgables.legistar.com/LegislationDetail.aspx?ID=8032835&GUID=BFAF2761-7C2D-4884-AB5D-CBCFCE4D12C5&G=C03FECCE-1BDD-4BC9-824E-247E8F7F967D&Options=&Search=", "project_type": "plat", "multifamily": false, "address": "4400 Palmarito Street", "parcel": null, "status": "heard", "first_seen": "2026-07-06", "units": null, "acres": null, "score": 0}}, {"type": "Feature", "geometry": {"type": "Point", "coordinates": [-80.369158501664, 25.797191655335]}, "properties": {"id": "5b4d8c14d488370e", "source": "doral", "jurisdiction": "Doral", "county": "Miami-Dade", "meeting_body": "Council Meeting", "meeting_date": "2026-09-09", "title": "Ordinance #2026-19 \"EMRE Tuna Investment LLC Rezoning\"\r\n\r\nAN ORDINANCE OF THE MAYOR AND THE CITY COUNCIL OF THE CITY OF DORAL, FLORIDA, APPROVING AN AMENDMENT TO THE CITY\u2019S OFFICIAL ZONING MAP FROM INDUSTRIAL (I) TO CORRIDOR COMMERCIAL (CC) FOR \u00b11.5 ACRES FOR THE PROPERTY LOCATED AT 2500 NW 107 AVE; PROVIDING FOR SEVERABILITY; PROVIDING FOR CONFLICTS; AND PROVIDING FOR AN EFFECTIVE DATE", "summary": "", "plain": "Rezoning \u00b7 1.5 ac \u2014 at 2500 NW 107 AVE, Doral", "link": "https://doral.legistar.com/LegislationDetail.aspx?ID=8149655&GUID=2DA270B3-832F-4A6C-B7AD-5EE38AD524FA&G=D82F2348-2767-4256-B89E-318FCD920820&Options=&Search=", "project_type": "rezoning", "multifamily": false, "address": "2500 NW 107 AVE", "parcel": null, "status": "upcoming", "first_seen": "2026-08-06", "units": null, "acres": 1.5, "score": 2}}, {"type": "Feature", "geometry": {"type": "Point", "coordinates": [-80.3291387, 25.8160556]}, "properties": {"id": "cea8d8ce936c8eb5", "source": "doral", "jurisdiction": "Doral", "county": "Miami-Dade", "meeting_body": "Council Meeting", "meeting_date": "2026-08-12", "title": "Ordinance #2026-07 \u201cVacation of Street - La Joya\u201d\r\n\r\nAN ORDINANCE OF THE MAYOR AND THE CITY COUNCIL OF THE CITY OF DORAL, FLORIDA, APPROVING A PUBLIC RIGHT-OF-WAY VACATION OF NW 52 TERRACE IN DOWNTOWN DORAL, ADJACENT TO THE PROPERTIES WITH FOLIO NUMBERS 35-3022-018-0010, 35-3022-018-0020, 35-3022-018-0030, AND 35-3022-018-0040, FOR THE PROPOSED HOUSING DEVELOPMENT NAMED \u201cLA JOYA\u201d; AUTHORIZING THE ", "summary": "", "plain": "Development item \u2014 at 52 TERRACE, Doral", "link": "https://doral.legistar.com/LegislationDetail.aspx?ID=7965947&GUID=72F71ED1-0E74-4027-ACD6-192EEA704EC8&G=D82F2348-2767-4256-B89E-318FCD920820&Options=&Search=", "project_type": "other-development", "multifamily": false, "address": "52 TERRACE", "parcel": "35-3022-018-0010", "status": "heard", "first_seen": "2026-07-06", "units": null, "acres": null, "score": 0}}, {"type": "Feature", "geometry": {"type": "Point", "coordinates": [-80.368727089, 25.788423377801]}, "properties": {"id": "c986b32a165c76b8", "source": "doral", "jurisdiction": "Doral", "county": "Miami-Dade", "meeting_body": "Council Meeting", "meeting_date": "2026-08-12", "title": "Ordinance #2026-11 \u201cGreystar FLUM Amendment\u201d\r\n\r\nAN ORDINANCE OF THE MAYOR AND THE CITY COUNCIL OF THE CITY OF DORAL, FLORIDA, APPROVING A SMALL-SCALE LAND USE AMENDMENT TO THE CITY OF DORAL COMPREHENSIVE PLAN FUTURE LAND USE MAP,  TO CHANGE THE LAND USE DESIGNATION FROM BUSINESS (B) TO MALL MIXED USE (MMU) FOR \u00b125.61 ACRES FOR THE PROPERTY GENERALLY LOCATED AT 1625 NW 107 AVE AND 1603 NW 107 AVE; ", "summary": "", "plain": "Multifamily land-use change \u00b7 25.61 ac \u2014 at 1625 NW 107 AVE, Doral", "link": "https://doral.legistar.com/LegislationDetail.aspx?ID=8055910&GUID=7284D7C8-02DE-47B6-A5CB-6BFB2CF0D837&G=D82F2348-2767-4256-B89E-318FCD920820&Options=&Search=", "project_type": "land-use", "multifamily": true, "address": "1625 NW 107 AVE", "parcel": null, "status": "heard", "first_seen": "2026-07-06", "units": null, "acres": 25.61, "score": 5}}, {"type": "Feature", "geometry": {"type": "Point", "coordinates": [-80.368727089, 25.788423377801]}, "properties": {"id": "b4be2d21f792d8c1", "source": "doral", "jurisdiction": "Doral", "county": "Miami-Dade", "meeting_body": "Council Meeting", "meeting_date": "2026-08-12", "title": "Ordinance #2026-12 \u201cGreystar Rezoning\u201d\r\n\r\nAN ORDINANCE OF THE MAYOR AND THE CITY COUNCIL OF THE CITY OF DORAL, FLORIDA, APPROVING AN AMENDMENT TO THE CITY\u2019S OFFICIAL ZONING MAP FROM CORRIDOR COMMERCIAL DISTRICT (CC) TO MALL MIXED USE (MMU) FOR \u00b125.61 ACRES FOR THE PROPERTY GENERALLY LOCATED AT 1625 NW 107 AVE AND 1603 NW 107 AVE; PROVIDING FOR INCORPORATION OF RECITALS; PROVIDING FOR SEVERABILITY;", "summary": "", "plain": "Multifamily rezoning \u00b7 25.61 ac \u2014 at 1625 NW 107 AVE, Doral", "link": "https://doral.legistar.com/LegislationDetail.aspx?ID=8055901&GUID=68CF79EA-AB12-4DAF-9622-CD0A91860298&G=D82F2348-2767-4256-B89E-318FCD920820&Options=&Search=", "project_type": "rezoning", "multifamily": true, "address": "1625 NW 107 AVE", "parcel": null, "status": "heard", "first_seen": "2026-07-06", "units": null, "acres": 25.61, "score": 5}}, {"type": "Feature", "geometry": {"type": "Point", "coordinates": [-80.368727089, 25.788423377801]}, "properties": {"id": "ac0d558f37db9c66", "source": "doral", "jurisdiction": "Doral", "county": "Miami-Dade", "meeting_body": "Council Meeting", "meeting_date": "2026-08-12", "title": "Ordinance #2026-14 \u201cGreystar International Mall DRI Modification\u201d\r\n\r\nAN ORDINANCE OF THE MAYOR AND THE CITY COUNCIL OF THE CITY OF DORAL, FLORIDA, APPROVING A MODIFICATION TO THE MIAMI INTERNATIONAL MALL CONSOLIDATED DEVELOPMENT OF REGIONAL IMPACT (DRI) DEVELOPMENT ORDER TO ALLOW RESIDENTIAL DEVELOPMENT WITHIN CERTAIN PARCELS OF THE DRI TOTALING APPROXIMATELY 25.612 ACRES, FOR THE PROPERTY GENERAL", "summary": "", "plain": "Development agreement \u00b7 25.612 ac \u2014 at 1625 NW 107 AVE, Doral", "link": "https://doral.legistar.com/LegislationDetail.aspx?ID=8055911&GUID=1CE31D12-54E7-4445-92CA-4C940123E302&G=D82F2348-2767-4256-B89E-318FCD920820&Options=&Search=", "project_type": "development-agreement", "multifamily": false, "address": "1625 NW 107 AVE", "parcel": null, "status": "heard", "first_seen": "2026-07-23", "units": null, "acres": 25.612, "score": 1}}, {"type": "Feature", "geometry": {"type": "Point", "coordinates": [-80.368727089, 25.788423377801]}, "properties": {"id": "4e25eab9a843196e", "source": "doral", "jurisdiction": "Doral", "county": "Miami-Dade", "meeting_body": "Council Meeting", "meeting_date": "2026-08-12", "title": "Ordinance #2026-15 \u201cGreystar International Mall MDA\u201d\r\n\r\nAN ORDINANCE OF THE MAYOR AND THE CITY COUNCIL OF THE CITY OF DORAL, FLORIDA, APPROVING A DEVELOPMENT AGREEMENT WITH EWE RETAIL II LTD., JCP INTERNATIONAL I LLC, AND WEST DADE COUNTY ASSOCIATES, FOR A CONCEPTUAL MASTER SITE PLAN FOR A RESIDENTIAL DEVELOPMENT PROJECT WITHIN MIAMI INTERNATIONAL MALL CONSOLIDATED DEVELOPMENT OF REGIONAL IMPACT (", "summary": "", "plain": "Multifamily site plan \u00b7 25.612 ac \u2014 at 1625 NW 107 AVE, Doral", "link": "https://doral.legistar.com/LegislationDetail.aspx?ID=8056258&GUID=A1654D7F-0641-4E8E-AA71-C0A891A1D4AF&G=D82F2348-2767-4256-B89E-318FCD920820&Options=&Search=", "project_type": "site-plan", "multifamily": true, "address": "1625 NW 107 AVE", "parcel": null, "status": "heard", "first_seen": "2026-07-06", "units": null, "acres": 25.612, "score": 4}}, {"type": "Feature", "geometry": {"type": "Point", "coordinates": [-80.368727089, 25.788423377801]}, "properties": {"id": "663c9a1d52acc626", "source": "doral", "jurisdiction": "Doral", "county": "Miami-Dade", "meeting_body": "Council Meeting", "meeting_date": "2026-08-12", "title": "A RESOLUTION OF THE MAYOR AND THE CITY COUNCIL OF THE CITY OF DORAL, FLORIDA, APPROVING A SITE PLAN FOR GREYSTAR DEVELOPMENT EAST, LLC, FOR \u00b17.33-ACRES OF PROPERTY LOCATED AT 1625 NORTHWEST 107 AVENUE IN THE CITY OF DORAL, FLORIDA, PURSUANT TO RESIDENTIAL PHASE 1 OF THE MASTER DEVELOPMENT AGREEMENT WITH THE CITY AND SECTION 53-184(F) OF THE CITY\u2019S LAND DEVELOPMENT CODE; AND PROVIDING FOR AN EFFECT", "summary": "", "plain": "Site plan \u00b7 7.33 ac \u2014 at 1625 NORTHWEST 107 AVENUE, Doral", "link": "https://doral.legistar.com/LegislationDetail.aspx?ID=8149653&GUID=B9916AB8-C1E1-40F0-8DB2-767155C9A9BD&G=D82F2348-2767-4256-B89E-318FCD920820&Options=&Search=", "project_type": "site-plan", "multifamily": false, "address": "1625 NORTHWEST 107 AVENUE", "parcel": null, "status": "heard", "first_seen": "2026-08-06", "units": null, "acres": 7.33, "score": 1}}, {"type": "Feature", "geometry": {"type": "Point", "coordinates": [-80.368727089, 25.788423377801]}, "properties": {"id": "61d2c67d2b4d218f", "source": "doral", "jurisdiction": "Doral", "county": "Miami-Dade", "meeting_body": "Council Meeting", "meeting_date": "2026-08-12", "title": "A RESOLUTION OF THE MAYOR AND THE CITY COUNCIL OF THE CITY OF DORAL, FLORIDA, APPROVING A SITE PLAN FOR GREYSTAR DEVELOPMENT EAST, LLC, FOR \u00b15.66-ACRES OF PROPERTY LOCATED AT 1625 NORTHWEST 107 AVENUE IN THE CITY OF DORAL, FLORIDA, PURSUANT TO RESIDENTIAL PHASE 2 OF THE MASTER DEVELOPMENT AGREEMENT WITH THE CITY AND PURSUANT TO SECTION 53-184(F) OF THE CITY\u2019S LAND DEVELOPMENT CODE; AND PROVIDING F", "summary": "", "plain": "Site plan \u00b7 5.66 ac \u2014 at 1625 NORTHWEST 107 AVENUE, Doral", "link": "https://doral.legistar.com/LegislationDetail.aspx?ID=8149654&GUID=D197F847-A6E9-4E44-A2AD-C803EB991B25&G=D82F2348-2767-4256-B89E-318FCD920820&Options=&Search=", "project_type": "site-plan", "multifamily": false, "address": "1625 NORTHWEST 107 AVENUE", "parcel": null, "status": "heard", "first_seen": "2026-08-06", "units": null, "acres": 5.66, "score": 1}}, {"type": "Feature", "geometry": {"type": "Point", "coordinates": [-80.33117481530725, 25.82389008330986]}, "properties": {"id": "9d16b427b1a1f25a", "source": "doral", "jurisdiction": "Doral", "county": "Miami-Dade", "meeting_body": "Council Meeting", "meeting_date": "2026-08-12", "title": "A RESOLUTION OF THE MAYOR AND THE CITY COUNCIL OF THE CITY OF DORAL, FLORIDA, APPROVING THE SITE PLAN AND SPECIAL EXCEPTION USE PERMIT FOR +/-8,000 S.F. FITNESS/SPORTS FACILITY AND OUTDOOR SOCCER FIELDS LOCATED ON A VACANT PARCEL IN THE CITY OF DORAL, FLORIDA, IDENTIFIED WITH MIAMI DADE FOLIO NO. 35-3022-000-0981, PURSUANT TO SECTION 68-849(B)(5) OF THE CITY\u2019S LAND DEVELOPMENT CODE; AND PROVIDING ", "summary": "", "plain": "Site plan \u2014 parcel 35-3022-000-0981, Doral", "link": "https://doral.legistar.com/LegislationDetail.aspx?ID=8149596&GUID=86F946CC-91FF-46FA-A67B-F2F907E4FBFB&G=D82F2348-2767-4256-B89E-318FCD920820&Options=&Search=", "project_type": "site-plan", "multifamily": false, "address": null, "parcel": "35-3022-000-0981", "status": "heard", "first_seen": "2026-08-06", "units": null, "acres": null, "score": 0}}, {"type": "Feature", "geometry": {"type": "Point", "coordinates": [-80.331682291438, 25.824445879917]}, "properties": {"id": "01970cfea3fefc31", "source": "doral", "jurisdiction": "Doral", "county": "Miami-Dade", "meeting_body": "Council Meeting", "meeting_date": "2026-08-12", "title": "A RESOLUTION OF THE MAYOR AND THE CITY COUNCIL OF THE CITY OF DORAL, FLORIDA, APPROVING THE SITE PLAN FOR 8300 INVEST LLC, FOR THE PROPERTY LOCATED AT 8335 NW 56 STREET IN THE CITY OF DORAL, FLORIDA, PURSUANT TO SECTION 53-184(F) OF THE CITY\u2019S LAND DEVELOPMENT CODE; AND PROVIDING FOR AN EFFECTIVE DATE", "summary": "", "plain": "Site plan \u2014 at 8335 NW 56 STREET, Doral", "link": "https://doral.legistar.com/LegislationDetail.aspx?ID=8149650&GUID=9E75F2A8-CEB2-4722-91D7-5CF6967D2D07&G=D82F2348-2767-4256-B89E-318FCD920820&Options=&Search=", "project_type": "site-plan", "multifamily": false, "address": "8335 NW 56 STREET", "parcel": null, "status": "heard", "first_seen": "2026-08-06", "units": null, "acres": null, "score": 0}}, {"type": "Feature", "geometry": {"type": "Point", "coordinates": [-80.3774904, 25.8077877]}, "properties": {"id": "b86ef58ee7e7903c", "source": "doral", "jurisdiction": "Doral", "county": "Miami-Dade", "meeting_body": "Council Meeting", "meeting_date": "2026-08-12", "title": "A RESOLUTION OF THE MAYOR AND THE CITY COUNCIL OF THE CITY OF DORAL, FLORIDA, APPROVING THE SITE PLAN FOR CEDECO 41 LLC FOR A COMMERCIAL DEVELOPMENT FEATURING A PHARMACY, RETAIL STOREFRONTS, AND A GAS STATION WITH AN ASSOCIATED CONVENIENCE STORE, ON A \u00b1 7.57 ACRE VACANT PARCEL, GENERALLY LOCATED ON NW 41 STREET BETWEEN NW 114 AND 112 AVENUE, IN THE CITY OF DORAL, FLORIDA, IDENTIFIED WITH MIAMI DAD", "summary": "", "plain": "Site plan \u00b7 7.57 ac \u2014 at 41 STREET, Doral", "link": "https://doral.legistar.com/LegislationDetail.aspx?ID=8149651&GUID=A46A8E55-9654-4233-B33E-ED7B4A1E98AB&G=D82F2348-2767-4256-B89E-318FCD920820&Options=&Search=", "project_type": "site-plan", "multifamily": false, "address": "41 STREET", "parcel": "35-3019-001-0370", "status": "heard", "first_seen": "2026-08-06", "units": null, "acres": 7.57, "score": 1}}, {"type": "Feature", "geometry": {"type": "Point", "coordinates": [-80.342589876595, 25.792730282963]}, "properties": {"id": "2b3fc25c086a5802", "source": "doral", "jurisdiction": "Doral", "county": "Miami-Dade", "meeting_body": "Council Meeting", "meeting_date": "2026-08-12", "title": "A RESOLUTION OF THE MAYOR AND THE CITY COUNCIL OF THE CITY OF DORAL, FLORIDA, APPROVING A SITE PLAN MODIFICATION FOR ROYAL ATLANTIC REALTY, INC. LOCATED AT 2020 NW 89 PLACE IN THE CITY OF DORAL, FLORIDA, PURSUANT TO SECTION 53-184(F) OF THE CITY\u2019S LAND DEVELOPMENT CODE; AND PROVIDING FOR AN EFFECTIVE DATE", "summary": "", "plain": "Site plan \u2014 at 2020 NW 89 PLACE, Doral", "link": "https://doral.legistar.com/LegislationDetail.aspx?ID=8149652&GUID=CB9CF3C4-EEB3-431D-8790-080CC74F728D&G=D82F2348-2767-4256-B89E-318FCD920820&Options=&Search=", "project_type": "site-plan", "multifamily": false, "address": "2020 NW 89 PLACE", "parcel": null, "status": "heard", "first_seen": "2026-08-06", "units": null, "acres": null, "score": 0}}, {"type": "Feature", "geometry": {"type": "Point", "coordinates": [-80.368727089, 25.788423377801]}, "properties": {"id": "e069277f3651755b", "source": "doral", "jurisdiction": "Doral", "county": "Miami-Dade", "meeting_body": "Local Planning Agency", "meeting_date": "2026-06-10", "title": "A RESOLUTION OF THE MAYOR AND THE CITY COUNCIL OF THE CITY OF DORAL, FLORIDA, SITTING AS THE LOCAL PLANNING AGENCY, RECOMMENDING APPROVAL / DENIAL OF, OR GOING FORWARD WITHOUT A RECOMMENDATION TO THE LOCAL GOVERNING BODY, A SMALL-SCALE LAND USE AMENDMENT TO THE CITY OF DORAL COMPREHENSIVE PLAN FUTURE LAND USE MAP,  TO CHANGE THE LAND USE DESIGNATION FROM BUSINESS (B) TO MALL MIXED USE (MMU) FOR \u00b12", "summary": "", "plain": "Multifamily land-use change \u00b7 25.61 ac \u2014 at 1625 NW 107 AVE, Doral", "link": "https://doral.legistar.com/LegislationDetail.aspx?ID=8055883&GUID=0EBB5F43-8BE0-4D22-BE5D-1C2ACA162C40&G=D82F2348-2767-4256-B89E-318FCD920820&Options=&Search=", "project_type": "land-use", "multifamily": true, "address": "1625 NW 107 AVE", "parcel": null, "status": "heard", "first_seen": "2026-07-06", "units": null, "acres": 25.61, "score": 5}}, {"type": "Feature", "geometry": {"type": "Point", "coordinates": [-80.369239748979, 25.804116513209]}, "properties": {"id": "c287c9db2478c8ca", "source": "doral", "jurisdiction": "Doral", "county": "Miami-Dade", "meeting_body": "Council Meeting", "meeting_date": "2026-03-11", "title": "Ordinance #2025-49 \u201cFLUM Amendment Eurocon LLC Ritz Sky Mansions\u201d\r\n\r\nAN ORDINANCE OF THE MAYOR AND THE CITY COUNCIL OF THE CITY OF DORAL, FLORIDA, APPROVING A SMALL-SCALE LAND USE AMENDMENT TO THE CITY OF DORAL COMPREHENSIVE PLAN FUTURE LAND USE MAP,  TO CHANGE THE LAND USE DESIGNATION FROM OFFICE (O) TO OFFICE AND RESIDENTIAL (OR) FOR \u00b14.95 ACRES GENERALLY LOCATED AT 3285 NW 107 AVENUE; PROVIDING", "summary": "", "plain": "Land-use change \u00b7 4.95 ac \u2014 at 3285 NW 107 AVENUE, Doral", "link": "https://doral.legistar.com/LegislationDetail.aspx?ID=7769678&GUID=EF695ABB-1491-4903-982A-E5CD162410B0&G=D82F2348-2767-4256-B89E-318FCD920820&Options=&Search=", "project_type": "land-use", "multifamily": false, "address": "3285 NW 107 AVENUE", "parcel": null, "status": "heard", "first_seen": "2026-07-06", "units": null, "acres": 4.95, "score": 2}}, {"type": "Feature", "geometry": {"type": "Point", "coordinates": [-80.369239748979, 25.804116513209]}, "properties": {"id": "7bb5cb04afa7a5ff", "source": "doral", "jurisdiction": "Doral", "county": "Miami-Dade", "meeting_body": "Council Meeting", "meeting_date": "2026-03-11", "title": "Ordinance #2025-50 \"Eurocon LLC Ritz Sky Mansions Rezoning\"\r\n\r\nAN ORDINANCE OF THE MAYOR AND THE CITY COUNCIL OF THE CITY OF DORAL, FLORIDA, APPROVING AN AMENDMENT TO THE CITY\u2019S OFFICIAL ZONING MAP FROM OFFICE-3 (O-3) TO MULTIFAMILY RESIDENTIAL-4 (MF-4) FOR \u00b14.95 ACRES FOR THE PROPERTY LOCATED AT 3285 NW 107 AVENUE; PROVIDING FOR SEVERABILITY; PROVIDING FOR CONFLICTS; AND PROVIDING FOR AN EFFECTIV", "summary": "", "plain": "Multifamily rezoning \u00b7 4.95 ac \u2014 at 3285 NW 107 AVENUE, Doral", "link": "https://doral.legistar.com/LegislationDetail.aspx?ID=7769669&GUID=F6213901-A54D-42D5-9AF1-A78BEC70A6FD&G=D82F2348-2767-4256-B89E-318FCD920820&Options=&Search=", "project_type": "rezoning", "multifamily": true, "address": "3285 NW 107 AVENUE", "parcel": null, "status": "heard", "first_seen": "2026-07-06", "units": null, "acres": 4.95, "score": 5}}, {"type": "Feature", "geometry": {"type": "Point", "coordinates": [-80.369239748979, 25.804116513209]}, "properties": {"id": "cd5a9c8e44e0dc5d", "source": "doral", "jurisdiction": "Doral", "county": "Miami-Dade", "meeting_body": "Council Meeting", "meeting_date": "2026-03-11", "title": "A RESOLUTION OF THE MAYOR AND THE CITY COUNCIL OF THE CITY OF DORAL, FLORIDA, APPROVING A SITE PLAN MODIFICATION FOR SKY RITZ MANSIONS LOCATED AT 3285 NORTHWEST 107 AVENUE IN THE CITY OF DORAL, FLORIDA, PURSUANT TO SECTION 53-184(F) OF THE CITY\u2019S LAND DEVELOPMENT CODE; AND PROVIDING FOR AN EFFECTIVE DATE", "summary": "", "plain": "Site plan \u2014 at 3285 NORTHWEST 107 AVENUE, Doral", "link": "https://doral.legistar.com/LegislationDetail.aspx?ID=7932663&GUID=E9BED412-F922-45F5-A4C9-83AFD7C41F95&G=D82F2348-2767-4256-B89E-318FCD920820&Options=&Search=", "project_type": "site-plan", "multifamily": false, "address": "3285 NORTHWEST 107 AVENUE", "parcel": null, "status": "heard", "first_seen": "2026-07-06", "units": null, "acres": null, "score": 0}}, {"type": "Feature", "geometry": {"type": "Point", "coordinates": [-80.355006091709, 25.811714674175]}, "properties": {"id": "53927b3c96165af7", "source": "doral", "jurisdiction": "Doral", "county": "Miami-Dade", "meeting_body": "Council Meeting", "meeting_date": "2026-03-11", "title": "A RESOLUTION OF THE MAYOR AND THE CITY COUNCIL OF THE CITY OF DORAL, FLORIDA, APPROVING THE SITE PLAN MODIFICATION FOR PUBLIX AT DORAL PLAZA, LOCATED AT 9705-9779 NW 41 STREET IN THE CITY OF DORAL, FLORIDA, PURSUANT TO SECTION 53-184(F) OF THE CITY\u2019S LAND DEVELOPMENT CODE; PROVIDING FOR IMPLEMENTATION; PROVIDING FOR INCORPORATION OF RECITALS; AND PROVIDING FOR AN EFFECTIVE DATE", "summary": "", "plain": "Site plan \u2014 at 9705-9779 NW 41 STREET, Doral", "link": "https://doral.legistar.com/LegislationDetail.aspx?ID=7932727&GUID=DCEF5992-B590-46AB-A8D1-E54F4F1CD06B&G=D82F2348-2767-4256-B89E-318FCD920820&Options=&Search=", "project_type": "site-plan", "multifamily": false, "address": "9705-9779 NW 41 STREET", "parcel": null, "status": "heard", "first_seen": "2026-07-06", "units": null, "acres": null, "score": 0}}, {"type": "Feature", "geometry": {"type": "Point", "coordinates": [-80.137794464529, 25.79251873535]}, "properties": {"id": "c259063d4f7b9c97", "source": "miami-beach", "jurisdiction": "Miami Beach", "county": "Miami-Dade", "meeting_body": "Historic Preservation Board", "meeting_date": "2026-09-15", "title": "3. HPB26-0705, 1722 JEFFERSON AVENUE. Land Use Document Letter of Intent 09-15-26 Variance Letter of Intent and Criteria 09-15-26 Checklist 09-15-26 First Submittal Cover Sheet 09-15-26 Architectural Plans 09-15-26 Landscape Plans 09-15-26 Historic Designation Report - Palm View 09-15-26 Zoning Data", "summary": " Sheet 09-15-26 Variance Diagram 09-15-26 Before Photographs 09-15-26 Microfilm 09-15-26 Survey 09-15-26 Mailing Labels 09-15-26 View Item Details", "plain": "Variance \u2014 at 1722 JEFFERSON AVENUE, Miami Beach", "link": "https://miamibeachfl.primegov.com/Portal/Meeting?compiledMeetingDocumentFileId=24755#AgendaItem_12884", "project_type": "variance", "multifamily": false, "address": "1722 JEFFERSON AVENUE", "parcel": null, "status": "upcoming", "first_seen": "2026-08-15", "units": null, "acres": null, "score": 1}}, {"type": "Feature", "geometry": {"type": "Point", "coordinates": [-80.137954445742, 25.806748462918]}, "properties": {"id": "9338299f2112e453", "source": "miami-beach", "jurisdiction": "Miami Beach", "county": "Miami-Dade", "meeting_body": "Board of Adjustment", "meeting_date": "2026-09-18", "title": "4. ZBA25-0177, 3010 ALTON ROAD Land Use Document 12-05-25 Narative Response_v1 12-05-25_3010_Arch_Plans_for_Variance_v1[1] 12-05-25 L-00 Landcaping Plan for Variance_v1 12-05-25 MIAMI BEACH Plan Corrections Report_v1 12-05-25 Update SURVEY_v1 12-05-2025 Medical Records 1_v1 12-05-2025 Medical Record", "summary": "s 2_v1 12-5-2025 Letter of Intent_v1 12-05-25 - Property Full Legal Description 12-05-25-BOA Application ZBA25-0177 - 3010 Alton Road - Staff Report & Draft Order 5-1-26 Bongini Objection 3010 Alton ZBA25-0177 (4-26-26) Fw_ 3010 Alton rd zba25-0177 Letter of Intent 06-10-26 Narrative Response 06-10-26 Plan Corrections Report 06-10-26 Architectural Plans (for Variance) 06-10-26 Landscape Plan (for ", "plain": "Variance \u2014 at 3010 ALTON ROAD, Miami Beach", "link": "https://miamibeachfl.primegov.com/Portal/Meeting?compiledMeetingDocumentFileId=24938#AgendaItem_12360", "project_type": "variance", "multifamily": false, "address": "3010 ALTON ROAD", "parcel": null, "status": "upcoming", "first_seen": "2026-08-27", "units": null, "acres": null, "score": 1}}, {"type": "Feature", "geometry": {"type": "Point", "coordinates": [-80.130931795819, 25.837592319493]}, "properties": {"id": "7497ac923a6892b6", "source": "miami-beach", "jurisdiction": "Miami Beach", "county": "Miami-Dade", "meeting_body": "Planning Board", "meeting_date": "2026-10-06", "title": "13. PB26-0860, 5757 ALTON ROAD \u2013 FUTURE LAND USE MAP CHANGE Land Use Document (1) 8-9-2026 Narrative Responses_v1 8-9-2026 Survey_v1.pdf 8-9-2026 Application_v1 8-9-2026 Mailing Labels_v1.pdf 8-9-2026 Plans_v1.pdf 8-9-2026 Letter of Intent_v1 8-9-2026 Mailing Labels_v1 8-9-2026 Narrative Responses_v", "summary": "1.pdf 8-9-2026 Plans_v1 8-9-2026 Letter of Intent_v1.pdf 8-9-2026 Survey_v1 8-9-2026 Application_v1.pdf 8-9-2026 Checklist_v1 8-9-2026 Checklist_v1.pdf View Item Details", "plain": "Land-use change \u2014 at 5757 ALTON ROAD, Miami Beach", "link": "https://miamibeachfl.primegov.com/Portal/Meeting?compiledMeetingDocumentFileId=25046#AgendaItem_13077", "project_type": "land-use", "multifamily": false, "address": "5757 ALTON ROAD", "parcel": null, "status": "upcoming", "first_seen": "2026-09-03", "units": null, "acres": null, "score": 2}}, {"type": "Feature", "geometry": {"type": "Point", "coordinates": [-80.13612025022, 25.774888160851]}, "properties": {"id": "535fca649567931c", "source": "miami-beach", "jurisdiction": "Miami Beach", "county": "Miami-Dade", "meeting_body": "Commission Meeting", "meeting_date": "2026-07-22", "title": "C7 O A RESOLUTION OF THE MAYOR AND CITY COMMISSION OF THE CITY OF MIAMI BEACH, FLORIDA, APPROVING THE ASSIGNMENT TO, AND ASSUMPTION BY, MIAMI-DADE COUNTY, FLORIDA (COUNTY) OF THE PROMISSORY NOTE, MORTGAGE AND SECURITY AGREEMENT, AND OTHER LOAN DOCUMENTS, DATED JULY 5, 2011, BETWEEN THE CITY (LENDER)", "summary": " AND MBCDC MERIDIAN PLACE, LLC. (BORROWER), AS OWNER OF THE PROPERTY LOCATED AT 530 MERIDIAN AVENUE (PROPERTY) (COLLECTIVELY, THE \u201cTRANSACTION\u201d), ASSOCIATED WITH A HOME INVESTMENT PARTNERSHIP PROGRAM (HOME) LOAN IN THE PRINCIPAL AMOUNT OF TWO MILLION EIGHT HUNDRED SIXTY-FOUR THOUSAND SIX HUNDRED FORTY-TWO AND 00/100 DOLLARS ($2,864,642.00) FROM THE CITY TO BORROWER; SAID TRANSACTION BEING REQUIRED", "plain": "Multifamily development item \u2014 at 530 MERIDIAN AVENUE, Miami Beach", "link": "https://miamibeachfl.primegov.com/Portal/Meeting?compiledMeetingDocumentFileId=24552#AgendaItem_12620", "project_type": "other-development", "multifamily": true, "address": "530 MERIDIAN AVENUE", "parcel": null, "status": "heard", "first_seen": "2026-07-23", "units": null, "acres": null, "score": 3}}, {"type": "Feature", "geometry": {"type": "Point", "coordinates": [-80.133245756018, 25.768373300509]}, "properties": {"id": "0aa0b2944c4b874a", "source": "miami-beach", "jurisdiction": "Miami Beach", "county": "Miami-Dade", "meeting_body": "Commission Meeting", "meeting_date": "2026-07-22", "title": "R5 AH COMPREHENSIVE PLAN FLUM AMENDMENT \u2013 ONE OCEAN DRIVE AN ORDINANCE OF THE MAYOR AND CITY COMMISSION OF THE CITY OF MIAMI BEACH, FLORIDA, BY AMENDING THE FUTURE LAND USE MAP OF THE 2040 MIAMI BEACH COMPREHENSIVE PLAN, PURSUANT TO SECTION 2.4.1 OF THE MIAMI BEACH RESILIENCY CODE AND PURSUANT TO SE", "summary": "CTION 163.3181, SECTION 163.3184, AND SECTION 163.3187, FLORIDA STATUTES, BY CHANGING THE FUTURE LAND USE DESIGNATION FOR A PARCEL OF LAND LOCATED AT 1 OCEAN DRIVE, MIAMI BEACH, FROM THE CURRENT DESIGNATION OF \u201cRECREATION AND OPEN SPACE INCLUDING WATERWAYS (ROS)\u201d TO \u201cPUBLIC FACILITY: GOVERNMENTAL USES (PF)\u201d; AND PROVIDING FOR INCLUSION IN THE COMPREHENSIVE PLAN, TRANSMITTAL, REPEALER, SEVERABILITY", "plain": "Land-use change \u2014 at 1 OCEAN DRIVE, Miami Beach", "link": "https://miamibeachfl.primegov.com/Portal/Meeting?compiledMeetingDocumentFileId=24552#AgendaItem_12391", "project_type": "land-use", "multifamily": false, "address": "1 OCEAN DRIVE", "parcel": null, "status": "heard", "first_seen": "2026-07-23", "units": null, "acres": null, "score": 1}}, {"type": "Feature", "geometry": {"type": "Point", "coordinates": [-80.142324017783, 25.784035353412]}, "properties": {"id": "02ed7911ba95ba18", "source": "miami-beach", "jurisdiction": "Miami Beach", "county": "Miami-Dade", "meeting_body": "Commission Meeting", "meeting_date": "2026-07-22", "title": "R7 L A RESOLUTION OF THE MAYOR AND CITY COMMISSION OF THE CITY OF MIAMI BEACH, FLORIDA, APPROVING, FOLLOWING SECOND READING/PUBLIC HEARING, THE FIRST AMENDMENT AND RESTATEMENT OF THE DEVELOPMENT AGREEMENT RECORDED IN OFFICIAL RECORD BOOK 34887, PAGE 3047 OF THE PUBLIC RECORDS OF MIAMI-DADE COUNTY, F", "summary": "LORIDA, AS AUTHORIZED UNDER SECTION 2.11.1 OF THE MIAMI BEACH RESILIENCY CODE, AND SECTIONS 163.3220 - 163.3243, FLORIDA STATUTES, BETWEEN THE CITY AND 1250 WEST AVE OWNER LLC AND WEST AVE HOSPITALITY OWNER, LLC (COLLECTIVELY THE \"DEVELOPER\"), WHICH FIRST AMENDMENT AND RESTATED DEVELOPMENT AGREEMENT MODIFIES THE TERMS AND CONDITIONS FOR THE DEVELOPMENT OF THE PROPERTY LOCATED AT 1250 WEST AVENUE (", "plain": "Multifamily development agreement \u00b7 125 units \u2014 at 1250 WEST AVE, Miami Beach", "link": "https://miamibeachfl.primegov.com/Portal/Meeting?compiledMeetingDocumentFileId=24552#AgendaItem_12428", "project_type": "development-agreement", "multifamily": true, "address": "1250 WEST AVE", "parcel": null, "status": "heard", "first_seen": "2026-07-23", "units": 125, "acres": null, "score": 5}}, {"type": "Feature", "geometry": {"type": "Point", "coordinates": [-80.13612025022, 25.774888160851]}, "properties": {"id": "d277a8def1e651d6", "source": "miami-beach", "jurisdiction": "Miami Beach", "county": "Miami-Dade", "meeting_body": "Commission Meeting", "meeting_date": "2026-07-22", "title": "RDA-2. A RESOLUTION OF THE CHAIRPERSON AND MEMBERS OF THE MIAMI BEACH REDEVELOPMENT AGENCY (RDA), APPROVING THE ASSIGNMENT TO, AND ASSUMPTION BY, MIAMI-DADE COUNTY, FLORIDA (COUNTY) OF THE PROMISSORY NOTE, MORTGAGE AND SECURITY AGREEMENT, RESTRICTIVE COVENANT AND OTHER LOAN DOCUMENTS, DATED FEBRUARY", "summary": " 5, 2007, BETWEEN THE RDA (LENDER) AND MBCDC MERIDIAN PLACE, LLC. (BORROWER), AS OWNER OF THE PROPERTY LOCATED AT 530 MERIDIAN AVENUE (PROPERTY) (COLLECTIVELY, THE \u201cTRANSACTION\u201d), ASSOCIATED WITH A LOAN IN THE PRINCIPAL AMOUNT OF ONE MILLION FIVE HUNDRED THOUSAND AND 00/100 DOLLARS ($1,500,000.00) FROM THE RDA TO BORROWER; SAID TRANSACTION BEING REQUIRED IN CONNECTION WITH THE PURCHASE OF THE PROP", "plain": "Multifamily development item \u2014 at 530 MERIDIAN AVENUE, Miami Beach", "link": "https://miamibeachfl.primegov.com/Portal/Meeting?compiledMeetingDocumentFileId=24552#AgendaItem_12719", "project_type": "other-development", "multifamily": true, "address": "530 MERIDIAN AVENUE", "parcel": null, "status": "heard", "first_seen": "2026-07-23", "units": null, "acres": null, "score": 3}}, {"type": "Feature", "geometry": {"type": "Point", "coordinates": [-80.137954445742, 25.806748462918]}, "properties": {"id": "96f83d00f03682c5", "source": "miami-beach", "jurisdiction": "Miami Beach", "county": "Miami-Dade", "meeting_body": "Cancelled - Board of Adjustment", "meeting_date": "2026-07-10", "title": "3. ZBA25-0177, 3010 ALTON ROAD Land Use Document 12-05-25 Narative Response_v1 12-05-25_3010_Arch_Plans_for_Variance_v1[1] 12-05-25 L-00 Landcaping Plan for Variance_v1 12-05-25 MIAMI BEACH Plan Corrections Report_v1 12-05-25 Update SURVEY_v1 12-05-2025 Medical Records 1_v1 12-05-2025 Medical Record", "summary": "s 2_v1 12-5-2025 Letter of Intent_v1 12-05-25 - Property Full Legal Description 12-05-25-BOA Application ZBA25-0177 - 3010 Alton Road - Staff Report & Draft Order 5-1-26 Bongini Objection 3010 Alton ZBA25-0177 (4-26-26) Fw_ 3010 Alton rd zba25-0177 Letter of Intent 06-10-26 Narrative Response 06-10-26 Plan Corrections Report 06-10-26 Architectural Plans (for Variance) 06-10-26 Landscape Plan (for ", "plain": "Variance \u2014 at 3010 ALTON ROAD, Miami Beach", "link": "https://miamibeachfl.primegov.com/Portal/Meeting?compiledMeetingDocumentFileId=24614#AgendaItem_12356", "project_type": "variance", "multifamily": false, "address": "3010 ALTON ROAD", "parcel": null, "status": "heard", "first_seen": "2026-08-05", "units": null, "acres": null, "score": 0}}, {"type": "Feature", "geometry": {"type": "Point", "coordinates": [-80.129492825027, 25.793468053369]}, "properties": {"id": "7b7cf2a7d33a4bbd", "source": "miami-beach", "jurisdiction": "Miami Beach", "county": "Miami-Dade", "meeting_body": "Planning Board", "meeting_date": "2026-07-07", "title": "11. PB26-0816, 1775 COLLINS AVENUE \u2013 COMPREHENSIVE PLAN AMENDMENT Land Use Document Letter of Intent 06-02-26 Comp Plan Ordinance 06-02-26 Traffic Statement 06-02-26 FAR Plans 06-02-26 Survey 06-02-26 Mailing Labels 06-02-26 Public Comment - Collins Park Neighborhood Assoc 07-07-26 Community Meeting", "summary": " #1 - Raleigh Presentation 07-07-26 Staff Report & Draft Ordinance 07-07-26 Letter of Support - Shore Club 07-07-26 Letter of Support - Collins Park 07-07-26 Letter of Support - Crescent Heights 07-07-26 Letter of Support - Ritz Carlton 07-07-26 Letter of Support - Sagamore 07-07-26 Letter of Support - Lincoln Road BID 07-07-26 Letter of Support - DOM Properties LLC 07-07-26 Letter of Support - Ma", "plain": "Land-use change \u2014 at 1775 COLLINS AVENUE, Miami Beach", "link": "https://miamibeachfl.primegov.com/Portal/Meeting?compiledMeetingDocumentFileId=24791#AgendaItem_11980", "project_type": "land-use", "multifamily": false, "address": "1775 COLLINS AVENUE", "parcel": null, "status": "heard", "first_seen": "2026-08-20", "units": null, "acres": null, "score": 1}}, {"type": "Feature", "geometry": {"type": "Point", "coordinates": [-80.131483098586, 25.795561636191]}, "properties": {"id": "17528249811ee8a3", "source": "miami-beach", "jurisdiction": "Miami Beach", "county": "Miami-Dade", "meeting_body": "Planning Board", "meeting_date": "2026-07-07", "title": "15. PB26-0834, 1940 PARK AVENUE \u2013 COMPREHENSIVE PLAN AMENDMENT. Land Use Document Signed Application 07-07-26 Letter of Intent 07-07-26 Checklist 07-07-26 Comp Plan Ordinance 07-07-26 Plans 07-07-26 Survey 07-07-26 Traffic Methodology 07-07-26 Traffic Study 07-07-26 Mailing Labels 07-07-26 Staff Rep", "summary": "ort & Draft Ordinance 07-07-26 Letter of Support - Collins Park 07-07-26 Presentation 07-07-26 View Item Details", "plain": "Land-use change \u2014 at 1940 PARK AVENUE, Miami Beach", "link": "https://miamibeachfl.primegov.com/Portal/Meeting?compiledMeetingDocumentFileId=24791#AgendaItem_12075", "project_type": "land-use", "multifamily": false, "address": "1940 PARK AVENUE", "parcel": null, "status": "heard", "first_seen": "2026-08-20", "units": null, "acres": null, "score": 1}}, {"type": "Feature", "geometry": {"type": "Point", "coordinates": [-80.121376172769, 25.849623882892]}, "properties": {"id": "4c5126be27059866", "source": "miami-beach", "jurisdiction": "Miami Beach", "county": "Miami-Dade", "meeting_body": "Commission Meeting", "meeting_date": "2026-06-24", "title": "C7 W A RESOLUTION OF THE MAYOR AND CITY COMMISSION OF THE CITY OF MIAMI BEACH, FLORIDA, AUTHORIZING THE CITY MANAGER TO NEGOTIATE WITH DEAUVILLE ASSOCIATES, LLC (OWNER) (1) A TEMPORARY PARKING MANAGEMENT AGREEMENT (INITIAL AGREEMENT), SAID INITIAL AGREEMENT TO COVER ALL OR A PORTION OF THE GARAGE LO", "summary": "CATED AT 6625 INDIAN CREEK DRIVE, MIAMI BEACH, FLORIDA (GARAGE PROPERTY), TO ENABLE THE CITY TO USE, ACCESS, AND/OR OPERATE THE PARKING SPACES TO BE MADE AVAILABLE BY THE OWNER FOR PUBLIC USE AT THE GARAGE PROPERTY (PUBLIC BENEFIT PARKING SPACES) IMMEDIATELY, FOR A PERIOD OF NOT LESS THAN 24 MONTHS (TEMPORARY PUBLIC PARKING PERIOD), AS CONTEMPLATED BY SECTION 5(B) OF THAT CERTAIN DEVELOPMENT AGREE", "plain": "Development agreement \u2014 at 6625 INDIAN CREEK DRIVE, Miami Beach", "link": "https://miamibeachfl.primegov.com/Portal/Meeting?compiledMeetingDocumentFileId=24578#AgendaItem_11969", "project_type": "development-agreement", "multifamily": false, "address": "6625 INDIAN CREEK DRIVE", "parcel": null, "status": "heard", "first_seen": "2026-07-25", "units": null, "acres": null, "score": 0}}, {"type": "Feature", "geometry": {"type": "Point", "coordinates": [-80.133245756018, 25.768373300509]}, "properties": {"id": "01fd586675888d38", "source": "miami-beach", "jurisdiction": "Miami Beach", "county": "Miami-Dade", "meeting_body": "Commission Meeting", "meeting_date": "2026-06-24", "title": "R5 B COMPREHENSIVE PLAN FLUM AMENDMENT \u2013 ONE OCEAN DRIVE AN ORDINANCE OF THE MAYOR AND CITY COMMISSION OF THE CITY OF MIAMI BEACH, FLORIDA, BY AMENDING THE FUTURE LAND USE MAP OF THE 2040 MIAMI BEACH COMPREHENSIVE PLAN, PURSUANT TO SECTION 2.4.1 OF THE MIAMI BEACH RESILIENCY CODE AND PURSUANT TO SEC", "summary": "TION 163.3181, SECTION 163.3184, AND SECTION 163.3187, FLORIDA STATUTES, BY CHANGING THE FUTURE LAND USE DESIGNATION FOR A PARCEL OF LAND LOCATED AT 1 OCEAN DRIVE, MIAMI BEACH, FROM THE CURRENT DESIGNATION OF \u201cRECREATION AND OPEN SPACE INCLUDING WATERWAYS (ROS)\u201d TO \u201cPUBLIC FACILITY: GOVERNMENTAL USES (PF)\u201d; AND PROVIDING FOR INCLUSION IN THE COMPREHENSIVE PLAN, TRANSMITTAL, REPEALER, SEVERABILITY,", "plain": "Land-use change \u2014 at 1 OCEAN DRIVE, Miami Beach", "link": "https://miamibeachfl.primegov.com/Portal/Meeting?compiledMeetingDocumentFileId=24578#AgendaItem_11951", "project_type": "land-use", "multifamily": false, "address": "1 OCEAN DRIVE", "parcel": null, "status": "heard", "first_seen": "2026-07-25", "units": null, "acres": null, "score": 1}}, {"type": "Feature", "geometry": {"type": "Point", "coordinates": [-80.142324017783, 25.784035353412]}, "properties": {"id": "8ce82cddd9833443", "source": "miami-beach", "jurisdiction": "Miami Beach", "county": "Miami-Dade", "meeting_body": "Commission Meeting", "meeting_date": "2026-06-24", "title": "R7 D A RESOLUTION OF THE MAYOR AND CITY COMMISSION OF THE CITY OF MIAMI BEACH, FLORIDA, APPROVING, FOLLOWING FIRST READING/PUBLIC HEARING, THE FIRST AMENDMENT AND RESTATEMENT OF THE DEVELOPMENT AGREEMENT RECORDED IN OFFICIAL RECORD BOOK 34887, PAGE 3047 OF THE PUBLIC RECORDS OF MIAMI-DADE COUNTY, FL", "summary": "ORIDA, AS AUTHORIZED UNDER SECTION 2.11.1 OF THE MIAMI BEACH RESILIENCY CODE, AND SECTIONS 163.3220 \u2013 163.3243, FLORIDA STATUTES, BETWEEN THE CITY AND 1250 WEST AVE OWNER LLC AND WEST AVE HOSPITALITY OWNER, LLC (COLLECTIVELY THE \u201cDEVELOPER\u201d), WHICH FIRST AMENDMENT AND RESTATED DEVELOPMENT AGREEMENT MODIFIES THE TERMS AND CONDITIONS FOR THE DEVELOPMENT OF THE PROPERTY LOCATED AT 1250 WEST AVENUE (T", "plain": "Multifamily development agreement \u00b7 125 units \u2014 at 1250 WEST AVE, Miami Beach", "link": "https://miamibeachfl.primegov.com/Portal/Meeting?compiledMeetingDocumentFileId=24578#AgendaItem_12305", "project_type": "development-agreement", "multifamily": true, "address": "1250 WEST AVE", "parcel": null, "status": "heard", "first_seen": "2026-07-25", "units": 125, "acres": null, "score": 5}}, {"type": "Feature", "geometry": {"type": "Point", "coordinates": [-80.137954445742, 25.806748462918]}, "properties": {"id": "2f1c0f8bca0bb02e", "source": "miami-beach", "jurisdiction": "Miami Beach", "county": "Miami-Dade", "meeting_body": "Board of Adjustment", "meeting_date": "2026-06-10", "title": "4. ZBA25-0177, 3010 ALTON ROAD Land Use Document 12-05-25 Narative Response_v1 12-05-25_3010_Arch_Plans_for_Variance_v1[1] 12-05-25 L-00 Landcaping Plan for Variance_v1 12-05-25 MIAMI BEACH Plan Corrections Report_v1 12-05-25 Update SURVEY_v1 12-05-2025 Medical Records 1_v1 12-05-2025 Medical Record", "summary": "s 2_v1 12-5-2025 Letter of Intent_v1 12-05-25 - Property Full Legal Description 12-05-25-BOA Application ZBA25-0177 - 3010 Alton Road - Staff Report & Draft Order 5-1-26 Bongini Objection 3010 Alton ZBA25-0177 (4-26-26) Fw_ 3010 Alton rd zba25-0177 Letter of Intent 06-10-26 Narrative Response 06-10-26 Plan Corrections Report 06-10-26 Architectural Plans (for Variance) 06-10-26 Landscape Plan (for ", "plain": "Variance \u2014 at 3010 ALTON ROAD, Miami Beach", "link": "https://miamibeachfl.primegov.com/Portal/Meeting?compiledMeetingDocumentFileId=24599#AgendaItem_11828", "project_type": "variance", "multifamily": false, "address": "3010 ALTON ROAD", "parcel": null, "status": "heard", "first_seen": "2026-07-31", "units": null, "acres": null, "score": 0}}, {"type": "Feature", "geometry": {"type": "Point", "coordinates": [-80.129492825027, 25.793468053369]}, "properties": {"id": "2e079cca0a3aec7c", "source": "miami-beach", "jurisdiction": "Miami Beach", "county": "Miami-Dade", "meeting_body": "Planning Board", "meeting_date": "2026-06-02", "title": "8. PB26-0816, 1775 COLLINS AVENUE \u2013 COMPREHENSIVE PLAN AMENDMENT Land Use Document 04-20-26 - Letter of Intent_v1 04-20-26 - Comp Plan Ordinance_v1 04-20-26 - Mailing Labels_v1 04-20-26 - Survey_v1 04-20-26 - Application Form_v1 04-20-26 - PB26-0816 - Comp Plan - Traffic Statement_v1 04-20-26 - FAR ", "summary": "Plans_v1 PB26-0815, 1775 Collins Av.Jun26 Presentation 06-02-26 View Item Details", "plain": "Land-use change \u2014 at 1775 COLLINS AVENUE, Miami Beach", "link": "https://miamibeachfl.primegov.com/Portal/Meeting?compiledMeetingDocumentFileId=23399#AgendaItem_11400", "project_type": "land-use", "multifamily": false, "address": "1775 COLLINS AVENUE", "parcel": null, "status": "heard", "first_seen": "2026-07-06", "units": null, "acres": null, "score": 1}}, {"type": "Feature", "geometry": {"type": "Point", "coordinates": [-80.121376172769, 25.849623882892]}, "properties": {"id": "84c1cfa5ea57a1cb", "source": "miami-beach", "jurisdiction": "Miami Beach", "county": "Miami-Dade", "meeting_body": "Commission Meeting", "meeting_date": "2026-05-20", "title": "C7 AW A RESOLUTION OF THE MAYOR AND CITY COMMISSION OF THE CITY OF MIAMI BEACH, FLORIDA, AUTHORIZING THE CITY MANAGER TO NEGOTIATE A PARKING MANAGEMENT AGREEMENT (AGREEMENT) WITH TMG 67 COMMUNITIES, LLC AND DEAUVILLE ASSOCIATES, LLC (COLLECTIVELY, THE DEVELOPER) TO ENABLE THE CITY TO OPERATE THE PAR", "summary": "KING SPACES TO BE MADE AVAILABLE BY THE DEVELOPER FOR PUBLIC USE AT SUCH GARAGE, AS CONTEMPLATED BY SECTION 5(B)(VI) OF THAT CERTAIN DEVELOPMENT AGREEMENT BETWEEN THE CITY AND THE DEVELOPER, AS RECORDED IN THE OFFICIAL RECORDS OF MIAMI-DADE COUNTY, FLORIDA AT BOOK 34913, PAGE 4492, FOR THE MANAGEMENT OF THE PUBLIC PARKING SPACES TO BE PROVIDED WITHIN THE PROPERTY LOCATED AT 6625 INDIAN CREEK DRIVE", "plain": "Development agreement \u2014 at 6625 INDIAN CREEK DRIVE, Miami Beach", "link": "https://miamibeachfl.primegov.com/Portal/Meeting?compiledMeetingDocumentFileId=23741#AgendaItem_11880", "project_type": "development-agreement", "multifamily": false, "address": "6625 INDIAN CREEK DRIVE", "parcel": null, "status": "heard", "first_seen": "2026-07-06", "units": null, "acres": null, "score": 0}}, {"type": "Feature", "geometry": {"type": "Point", "coordinates": [-80.133245756018, 25.768373300509]}, "properties": {"id": "c47c09030dc3c4f3", "source": "miami-beach", "jurisdiction": "Miami Beach", "county": "Miami-Dade", "meeting_body": "Commission Meeting", "meeting_date": "2026-05-20", "title": "R5 AJ COMPREHENSIVE PLAN FLUM AMENDMENT \u2013 ONE OCEAN DRIVE AN ORDINANCE OF THE MAYOR AND CITY COMMISSION OF THE CITY OF MIAMI BEACH, FLORIDA, BY AMENDING THE FUTURE LAND USE MAP OF THE 2040 MIAMI BEACH COMPREHENSIVE PLAN, PURSUANT TO SECTION 2.4.1 OF THE MIAMI BEACH RESILIENCY CODE AND PURSUANT TO SE", "summary": "CTION 163.3181, SECTION 163.3184, AND SECTION 163.3187, FLORIDA STATUTES, BY CHANGING THE FUTURE LAND USE DESIGNATION FOR A PARCEL OF LAND LOCATED AT 1 OCEAN DRIVE, MIAMI BEACH, FROM THE CURRENT DESIGNATION OF \u201cRECREATION AND OPEN SPACE INCLUDING WATERWAYS (ROS)\u201d TO \u201cPUBLIC FACILITY: GOVERNMENTAL USES (PF)\u201d; AND PROVIDING FOR INCLUSION IN THE COMPREHENSIVE PLAN, TRANSMITTAL, REPEALER, SEVERABILITY", "plain": "Land-use change \u2014 at 1 OCEAN DRIVE, Miami Beach", "link": "https://miamibeachfl.primegov.com/Portal/Meeting?compiledMeetingDocumentFileId=23741#AgendaItem_11563", "project_type": "land-use", "multifamily": false, "address": "1 OCEAN DRIVE", "parcel": null, "status": "heard", "first_seen": "2026-07-06", "units": null, "acres": null, "score": 1}}, {"type": "Feature", "geometry": {"type": "Point", "coordinates": [-80.142324017783, 25.784035353412]}, "properties": {"id": "441e7cc7d005558b", "source": "miami-beach", "jurisdiction": "Miami Beach", "county": "Miami-Dade", "meeting_body": "Design Review Board", "meeting_date": "2026-05-14", "title": "4. DRB25-1159, 1250 WEST AVENUE. Land Use Document Letter of Intent 05-14-26 Checklist 05-14-26 Narrative Response 05-14-26 Architecture Plans (1) 05-14-26 Architecture Plans (2) 05-14-26 Architecture Plans (3) 05-14-26 Architecture Plans (4) 05-14-26 Landscape Plans 05-14-26 Arborist Assessment 05-", "summary": "14-26 Traffic Methodology 05-14-26 Traffic Assessment 05-14-26 Development Agreement 05-14-26 Survey 05-14-26 Mailing Labels 05-14-26 Resolution 26-SDRC-003 (B2026000003) 05-14-26 Staff Report & Draft Order 05-14-26 Disclosure Letter 05-14-26 Presentation 05-14-26 DRB25-1159 - 1250 West Avenue - Recorded Order 05-14-26 View Item Details", "plain": "Development agreement \u2014 at 1250 WEST AVENUE, Miami Beach", "link": "https://miamibeachfl.primegov.com/Portal/Meeting?compiledMeetingDocumentFileId=24626#AgendaItem_11107", "project_type": "development-agreement", "multifamily": false, "address": "1250 WEST AVENUE", "parcel": null, "status": "heard", "first_seen": "2026-08-07", "units": null, "acres": null, "score": 0}}, {"type": "Feature", "geometry": {"type": "Point", "coordinates": [-80.13461893489, 25.772302711724]}, "properties": {"id": "fe0672679b9c0f7a", "source": "miami-beach", "jurisdiction": "Miami Beach", "county": "Miami-Dade", "meeting_body": "Historic Preservation Board", "meeting_date": "2026-05-12", "title": "3. HPB25-0645, 235 WASHINGTON AVENUE \u2013 BASECAMP305 Land Use Document Letter of Intent 03-17-26 Checklist 03-17-26 Narrative Responses 03-17-26 Plans (Architectural & Landscape) 03-17-26 Structural Assessment Report 03-17-26 40-50 Year Recertification 03-17-26 Historic Resource Report 03-17-26 Microf", "summary": "ilm 03-17-26 Building Permit (BC2013662 - Part 1) 03-17-26 Building Permit (BC2013662 - Part 2) 03-17-26 Prior ADA Waiver 03-17-26 Building Card 03-17-26 Business Tax Receipt 03-17-26 Survey 03-17-26 Mailing Labels 03-17-26 Letter of Support - SOFNA 03-17-26 Staff Report & Draft Order 03-17-26 Presentation 03-17-26 Staff Report & Draft Order 04-14-26 Letter of Intent (Updated Variance) 05-12-26 Su", "plain": "Variance \u2014 at 235 WASHINGTON AVENUE, Miami Beach", "link": "https://miamibeachfl.primegov.com/Portal/Meeting?compiledMeetingDocumentFileId=22899#AgendaItem_11298", "project_type": "variance", "multifamily": false, "address": "235 WASHINGTON AVENUE", "parcel": null, "status": "heard", "first_seen": "2026-07-06", "units": null, "acres": null, "score": 0}}, {"type": "Feature", "geometry": {"type": "Point", "coordinates": [-80.133245756018, 25.768373300509]}, "properties": {"id": "87d17c9283aadf6d", "source": "miami-beach", "jurisdiction": "Miami Beach", "county": "Miami-Dade", "meeting_body": "Planning Board", "meeting_date": "2026-05-05", "title": "9. PB26-0825, 1 OCEAN DRIVE \u2013 COMPREHENSIVE PLAN FUTURE LAND USE MAP AMENDMENT. Land Use Document PB26-0825 - Application & Affidavit PB26-0825, 1 Ocean Dr FLUM.May26 PB26-0825 Pier Park PB FLUM Amendment Presentation FINAL 4.29.26 View Item Details", "summary": "", "plain": "Land-use change \u2014 at 1 OCEAN DRIVE, Miami Beach", "link": "https://miamibeachfl.primegov.com/Portal/Meeting?compiledMeetingDocumentFileId=23366#AgendaItem_11077", "project_type": "land-use", "multifamily": false, "address": "1 OCEAN DRIVE", "parcel": null, "status": "heard", "first_seen": "2026-07-06", "units": null, "acres": null, "score": 1}}, {"type": "Feature", "geometry": {"type": "Point", "coordinates": [-80.129441863214, 25.798762663655]}, "properties": {"id": "587d7ca23c3d7ef4", "source": "miami-beach", "jurisdiction": "Miami Beach", "county": "Miami-Dade", "meeting_body": "Commission Meeting", "meeting_date": "2026-04-22", "title": "C7 G A RESOLUTION OF THE MAYOR AND CITY COMMISSION OF THE CITY OF MIAMI BEACH, FLORIDA, APPROVING THE GRANT AGREEMENT, AS AMENDED, WITH MIAMI NEW DRAMA, INC. (\u201cGRANTEE\u201d), AS AUTHORIZED BY RESOLUTION NO. 2025-33909, IN CONNECTION WITH THE GENERAL OBLIGATION BOND FOR ARTS & CULTURE PROGRAM, IN THE AMO", "summary": "UNT OF $7.604 MILLION, FOR THE CONSTRUCTION OF IMPROVEMENTS TO THE COLLINS PARK CULTURAL FACILITY LOCATED WITHIN THE CITY OWNED COLLINS PARK GARAGE AT 340 23RD STREET; PROVIDING TERMS AND CONDITIONS FOR THE GRANTEE\u2019S CONDITIONAL USE OF ANY UNUSED CONTINGENCY FUNDS, CONSISTENT WITH THE COLLINS PARK CULTURAL ARTS FACILITY LEASE AGREEMENT DATED APRIL 18, 2022, BETWEEN THE CITY (AS LANDLORD) AND MIAMI", "plain": "Special exception \u2014 at 340 23RD STREET, Miami Beach", "link": "https://miamibeachfl.primegov.com/Portal/Meeting?compiledMeetingDocumentFileId=23321#AgendaItem_11205", "project_type": "special-exception", "multifamily": false, "address": "340 23RD STREET", "parcel": null, "status": "heard", "first_seen": "2026-07-06", "units": null, "acres": null, "score": 0}}, {"type": "Feature", "geometry": {"type": "Point", "coordinates": [-80.140796084853, 25.774854577329]}, "properties": {"id": "39b6e1cc9b8ebadc", "source": "miami-beach", "jurisdiction": "Miami Beach", "county": "Miami-Dade", "meeting_body": "Commission Meeting", "meeting_date": "2026-04-22", "title": "C7 O A RESOLUTION OF THE MAYOR AND CITY COMMISSION OF THE CITY OF MIAMI BEACH, FLORIDA, APPROVING, IN SUBSTANTIAL FORM, A UTILITY EASEMENT AGREEMENT FOR WATER MAIN AND WATER METER (\"EASEMENT AGREEMENT\") FROM TCH 500 ALTON COMMERCIAL, LLC (\"OWNER/GRANTOR\") TO THE CITY (\"GRANTEE\"), FOR USE OF THE FOLL", "summary": "OWING EASEMENT AREAS ON OWNER'S PROPERTY, LOCATED AT 500 ALTON ROAD, LYING IN SECTION 03, TOWNSHIP 54 SOUTH, RANGE 42 EAST, MIAMI-DADE COUNTY, FLORIDA: (1) EASEMENT AREA LYING IN PORTIONS OF LOTS 8, 9, 10, OF AMENDED PLAT OF AQUARIUM SITE RESUBDIVISION, RECORDED IN PLAT BOOK 21, AT PAGE 83 OF THE PUBLIC RECORDS OF MIAMI-DADE COUNTY, FLORIDA (THE \"PLAT\"), CONTAINING APPROXIMATELY 979 SQUARE FEET, A", "plain": "Plat / subdivision \u2014 at 500 ALTON ROAD, Miami Beach", "link": "https://miamibeachfl.primegov.com/Portal/Meeting?compiledMeetingDocumentFileId=23321#AgendaItem_10728", "project_type": "plat", "multifamily": false, "address": "500 ALTON ROAD", "parcel": null, "status": "heard", "first_seen": "2026-07-06", "units": null, "acres": null, "score": 0}}, {"type": "Feature", "geometry": {"type": "Point", "coordinates": [-80.130244202315, 25.836434830341]}, "properties": {"id": "84658513d17e27ca", "source": "miami-beach", "jurisdiction": "Miami Beach", "county": "Miami-Dade", "meeting_body": "Commission Meeting", "meeting_date": "2026-04-22", "title": "R9 E CITY COMMISSION FILE NO. 2025-00001 APPEAL, FILED BY ONUR S. GUNDAY, OF AN ORDER OF THE MIAMI BEACH DESIGN REVIEW BOARD (\u201cDRB\u201d) DATED OCTOBER 22, 2025, FOR DRB FILE NO. 25-1104, APPROVING THE CONSTRUCTION OF A NEW GOLF COURSE CLUB HOUSE, THE RELOCATION OF TENNIS COURTS, FOUR NEW PADEL COURTS, T", "summary": "HE ADDITION OF THREE COMFORT STATIONS, A NEW DRIVEWAY, A VARIANCE FROM THE REQUIRED ANCILLARY STRUCTURE SETBACK, AND ONE OR MORE WAIVERS, TO REPLACE THE EXISTING CLUBHOUSE. 3:00 p.m. Applicable Area: Middle Beach City Attorney Continued from 2/5/2026 - R9 D Memorandum Petitioners Notice of Appeal for DRB25-1104 Petitioners Appendix to Notice of Appeal Joint Response to Appeal 2025-00001 DRB25-1104", "plain": "Variance \u2014 at 1104 5685 Alton Rd, Miami Beach", "link": "https://miamibeachfl.primegov.com/Portal/Meeting?compiledMeetingDocumentFileId=23321#AgendaItem_10415", "project_type": "variance", "multifamily": false, "address": "1104 5685 Alton Rd", "parcel": null, "status": "heard", "first_seen": "2026-07-06", "units": null, "acres": null, "score": 0}}, {"type": "Feature", "geometry": {"type": "Point", "coordinates": [-80.266343221504, 25.849982880319]}, "properties": {"id": "ec5e155feae549b1", "source": "hialeah", "jurisdiction": "Hialeah", "county": "Miami-Dade", "meeting_body": "Planning & Zoning Board", "meeting_date": "2026-09-09", "title": "Amendments to City of Hialeah Ordinance No. 2023-086 to permit a 3-story multifamily development with 14 residential units instead of a 4-story multifamily development with 18 residential units. Varia", "summary": "Amendments to City of Hialeah Ordinance No. 2023-086 to permit a 3-story multifamily development with 14 residential units instead of a 4-story multifamily development with 18 residential units. Variance permit to allow a single-use, multifamily residential building, where a vertical mix of uses is required; to allow a front setback of 6.4 feet, where 17 feet built-to-line is required, and to allo", "plain": "Multifamily variance \u00b7 14 units \u2014 at 3011 East 8th Avenue, Hialeah", "link": "https://www.hialeahfl.gov/AgendaCenter/ViewFile/Agenda/_09092026-1392", "project_type": "variance", "multifamily": true, "address": "3011 East 8th Avenue", "parcel": null, "status": "upcoming", "first_seen": "2026-09-02", "units": 14, "acres": null, "score": 4}}, {"type": "Feature", "geometry": {"type": "Point", "coordinates": [-80.283094538333, 25.870086267851]}, "properties": {"id": "0195304c2dd728aa", "source": "hialeah", "jurisdiction": "Hialeah", "county": "Miami-Dade", "meeting_body": "Planning & Zoning Board", "meeting_date": "2026-09-09", "title": "Rezoning property from R-1 (One-Family District) to OPS (Office and Professional Services District). Variance permit to allow a front setback of 10 feet, where 20 feet is required, and to allow 22% pe", "summary": "Rezoning property from R-1 (One-Family District) to OPS (Office and Professional Services District). Variance permit to allow a front setback of 10 feet, where 20 feet is required, and to allow 22% pervious area, where a minimum of 30% pervious area is required. The property is located at 1 East 52nd Place, Hialeah, zoned R-1 (One-Family District). Applicant: Frank De La Paz on behalf of Suny Comf", "plain": "Rezoning \u2014 at 1 East 52nd Place, Hialeah", "link": "https://www.hialeahfl.gov/AgendaCenter/ViewFile/Agenda/_09092026-1392", "project_type": "rezoning", "multifamily": false, "address": "1 East 52nd Place", "parcel": null, "status": "upcoming", "first_seen": "2026-09-02", "units": null, "acres": null, "score": 2}}, {"type": "Feature", "geometry": {"type": "Point", "coordinates": [-80.262080667366, 25.834393938082]}, "properties": {"id": "00384bab36fa43cf", "source": "hialeah", "jurisdiction": "Hialeah", "county": "Miami-Dade", "meeting_body": "Planning & Zoning Board", "meeting_date": "2026-09-09", "title": "Variance Permit to re-plat the property into two substandard lots and to allow the construction of a duplex on each substandard lot having a frontage of approximately 50 feet and a total lot area of a", "summary": "Variance Permit to re-plat the property into two substandard lots and to allow the construction of a duplex on each substandard lot having a frontage of approximately 50 feet and a total lot area of approximately 5,500 square feet and 5,365 square feet, where a frontage of 75 feet and a total lot area of 7,500 square feet are required; to allow the following setback adjustment for the west lot: al", "plain": "Plat / subdivision \u2014 at 981 East 13th Street, Hialeah", "link": "https://www.hialeahfl.gov/AgendaCenter/ViewFile/Agenda/_09092026-1392", "project_type": "plat", "multifamily": false, "address": "981 East 13th Street", "parcel": null, "status": "upcoming", "first_seen": "2026-09-02", "units": null, "acres": null, "score": 1}}, {"type": "Feature", "geometry": {"type": "Point", "coordinates": [-80.325486060432, 25.878780994165]}, "properties": {"id": "0216d904cd3a6162", "source": "hialeah", "jurisdiction": "Hialeah", "county": "Miami-Dade", "meeting_body": "Planning & Zoning Board", "meeting_date": "2026-09-09", "title": "Variance permit to allow thirty-four (34) parking spaces, where forty-five (45) parking spaces are required. The property is located at 2122-2124 West 62nd Street, Hialeah, zoned M-1 (Industrial Distr", "summary": "Variance permit to allow thirty-four (34) parking spaces, where forty-five (45) parking spaces are required. The property is located at 2122-2124 West 62nd Street, Hialeah, zoned M-1 (Industrial District). Applicant: Ceasar Mestre, Esq., on behalf of Level II Palmetto, LLC and Samurai Fireworks. TABLED ITEM FROM AUGUST 26TH, 2026 MEETING. Application No.: VAR-000431-2026", "plain": "Variance \u2014 at 2122-2124 West 62nd Street, Hialeah", "link": "https://www.hialeahfl.gov/AgendaCenter/ViewFile/Agenda/_09092026-1392", "project_type": "variance", "multifamily": false, "address": "2122-2124 West 62nd Street", "parcel": null, "status": "upcoming", "first_seen": "2026-09-02", "units": null, "acres": null, "score": 1}}, {"type": "Feature", "geometry": {"type": "Point", "coordinates": [-80.264513038693, 25.865487610862]}, "properties": {"id": "28e8cac8d8288bde", "source": "hialeah", "jurisdiction": "Hialeah", "county": "Miami-Dade", "meeting_body": "Planning & Zoning Board", "meeting_date": "2026-09-09", "title": "Variance Permit to allow the legalization of an oversized carport with an area of approximately 879 square feet, where a maximum of 400 square feet is permitted; to allow a rear setback of 10 feet, wh", "summary": "Variance Permit to allow the legalization of an oversized carport with an area of approximately 879 square feet, where a maximum of 400 square feet is permitted; to allow a rear setback of 10 feet, where a minimum of 20 feet is required; to allow an interior south side setback of 8 inches, where a minimum of 2 feet is required, and to allow the carport to have a height of 14.3 feet, where 10 feet ", "plain": "Variance \u2014 at 4698 East 9th Court, Hialeah", "link": "https://www.hialeahfl.gov/AgendaCenter/ViewFile/Agenda/_09092026-1392", "project_type": "variance", "multifamily": false, "address": "4698 East 9th Court", "parcel": null, "status": "upcoming", "first_seen": "2026-09-02", "units": null, "acres": null, "score": 1}}, {"type": "Feature", "geometry": {"type": "Point", "coordinates": [-80.28621480661, 25.841873504245]}, "properties": {"id": "86f7622e977b1660", "source": "hialeah", "jurisdiction": "Hialeah", "county": "Miami-Dade", "meeting_body": "Planning & Zoning Board", "meeting_date": "2026-09-09", "title": "Variance Permit to allow eleven (11) on-site parking spaces, where twenty-four (24) parking spaces are required; to allow a one-way driveway of 7 feet, where 10 feet is the minimum required; to allow ", "summary": "Variance Permit to allow eleven (11) on-site parking spaces, where twenty-four (24) parking spaces are required; to allow a one-way driveway of 7 feet, where 10 feet is the minimum required; to allow two parking spaces within the public right-of-way along West 2nd Avenue, where parking spaces within the right-of-way are prohibited; to allow 1% pervious area, where a minimum of 10% pervious area is", "plain": "Variance \u2014 at 201-205 West 22nd Street, Hialeah", "link": "https://www.hialeahfl.gov/AgendaCenter/ViewFile/Agenda/_09092026-1392", "project_type": "variance", "multifamily": false, "address": "201-205 West 22nd Street", "parcel": null, "status": "upcoming", "first_seen": "2026-09-02", "units": null, "acres": null, "score": 1}}, {"type": "Feature", "geometry": {"type": "Point", "coordinates": [-80.315472212503, 25.881385186168]}, "properties": {"id": "339f065f1549ad3e", "source": "hialeah", "jurisdiction": "Hialeah", "county": "Miami-Dade", "meeting_body": "Planning & Zoning Board", "meeting_date": "2026-08-26", "title": "Rezoning property from R-1 (One-Family District) to R-3-1 (Multiple-Family District); Conditional Use Permit (CUP) to allow a kindergarten class with a maximum capacity of five (5) students in conjunc", "summary": "Rezoning property from R-1 (One-Family District) to R-3-1 (Multiple-Family District); Conditional Use Permit (CUP) to allow a kindergarten class with a maximum capacity of five (5) students in conjunction with a daycare facility with a maximum capacity of nineteen (19) children; Variance Permit to allow an interior north side setback of 6.55 feet, where 10 feet is required, for the legalization of", "plain": "Rezoning \u2014 at 6360 West 16th Avenue, Hialeah", "link": "https://www.hialeahfl.gov/AgendaCenter/ViewFile/Agenda/_08262026-1377", "project_type": "rezoning", "multifamily": false, "address": "6360 West 16th Avenue", "parcel": null, "status": "heard", "first_seen": "2026-08-20", "units": null, "acres": null, "score": 1}}, {"type": "Feature", "geometry": {"type": "Point", "coordinates": [-80.292334071519, 25.843475907628]}, "properties": {"id": "c7602af0d5ba0780", "source": "hialeah", "jurisdiction": "Hialeah", "county": "Miami-Dade", "meeting_body": "Planning & Zoning Board", "meeting_date": "2026-08-26", "title": "Rezoning properties from C-1 (Restricted Retail Commercial District) to R-2 (One- and Two-Family Residential District). Variance Permit to allow the construction of a duplex throughout two substandard", "summary": "Rezoning properties from C-1 (Restricted Retail Commercial District) to R-2 (One- and Two-Family Residential District). Variance Permit to allow the construction of a duplex throughout two substandard lots, having a total frontage of 40 feet, where a minimum frontage of 75 feet is required; to allow a total lot area of 3,520 square feet, where a minimum of 7,500 square feet is required; to allow i", "plain": "Rezoning \u2014 at 521 West 24th Street, Hialeah", "link": "https://www.hialeahfl.gov/AgendaCenter/ViewFile/Agenda/_08262026-1377", "project_type": "rezoning", "multifamily": false, "address": "521 West 24th Street", "parcel": "04-3012-010-1060", "status": "heard", "first_seen": "2026-08-20", "units": null, "acres": null, "score": 1}}, {"type": "Feature", "geometry": {"type": "Point", "coordinates": [-80.325486060432, 25.878780994165]}, "properties": {"id": "0ff7ebaba9e264f2", "source": "hialeah", "jurisdiction": "Hialeah", "county": "Miami-Dade", "meeting_body": "Planning & Zoning Board", "meeting_date": "2026-08-26", "title": "Variance permit to allow thirty-four (34) parking spaces, where forty-five (45) parking spaces are required. The property is located at 2122-2124 West 62nd Street, Hialeah, zoned M-1 (Industrial Distr", "summary": "Variance permit to allow thirty-four (34) parking spaces, where forty-five (45) parking spaces are required. The property is located at 2122-2124 West 62nd Street, Hialeah, zoned M-1 (Industrial District). Applicant: Ceasar Mestre, Esq., on behalf of Level II Palmetto, LLC and Samurai Fireworks. THE APPLICANT HAS REQUESTED THAT THE ITEM BE TABLED UNTIL THE SEPTEMBER 9TH, 2026 PLANNING AND ZONING B", "plain": "Variance \u2014 at 2122-2124 West 62nd Street, Hialeah", "link": "https://www.hialeahfl.gov/AgendaCenter/ViewFile/Agenda/_08262026-1377", "project_type": "variance", "multifamily": false, "address": "2122-2124 West 62nd Street", "parcel": null, "status": "heard", "first_seen": "2026-08-20", "units": null, "acres": null, "score": 0}}, {"type": "Feature", "geometry": {"type": "Point", "coordinates": [-80.26742546201, 25.850692541478]}, "properties": {"id": "83c457dbc9c0b4dc", "source": "hialeah", "jurisdiction": "Hialeah", "county": "Miami-Dade", "meeting_body": "Planning & Zoning Board", "meeting_date": "2026-08-26", "title": "Variance permit to allow the expansion of a legal nonconforming single-family residence, including an existing addition with an interior west side setback of 5.70 feet, where 7.5 feet are required. Th", "summary": "Variance permit to allow the expansion of a legal nonconforming single-family residence, including an existing addition with an interior west side setback of 5.70 feet, where 7.5 feet are required. The property is located at 750 East 31st Street, Hialeah, zoned R-1 (One-Family District). Applicant: Leysi Sanchez Casanova. Application No.: VAR-000727-2026", "plain": "Variance \u2014 at 750 East 31st Street, Hialeah", "link": "https://www.hialeahfl.gov/AgendaCenter/ViewFile/Agenda/_08262026-1377", "project_type": "variance", "multifamily": false, "address": "750 East 31st Street", "parcel": null, "status": "heard", "first_seen": "2026-08-20", "units": null, "acres": null, "score": 0}}, {"type": "Feature", "geometry": {"type": "Point", "coordinates": [-80.263828532364, 25.86895392833]}, "properties": {"id": "3324cc36f838c376", "source": "hialeah", "jurisdiction": "Hialeah", "county": "Miami-Dade", "meeting_body": "City Council", "meeting_date": "2026-08-25", "title": "Any modifications to the site plan or expansion of the improvements shall require further review and approval by the City. Planner's Recommendation: Approval with conditions. Property Owner: Roberto A", "summary": "Any modifications to the site plan or expansion of the improvements shall require further review and approval by the City. Planner's Recommendation: Approval with conditions. Property Owner: Roberto Amador, 5080 East 9 Lane, Hialeah, Florida 33013.", "plain": "Site plan \u2014 at 5080 East 9 Lane, Hialeah", "link": "https://www.hialeahfl.gov/AgendaCenter/ViewFile/Agenda/_08252026-1383", "project_type": "site-plan", "multifamily": false, "address": "5080 East 9 Lane", "parcel": null, "status": "heard", "first_seen": "2026-08-22", "units": null, "acres": null, "score": 0}}, {"type": "Feature", "geometry": {"type": "Point", "coordinates": [-80.265433167179, 25.82741661368]}, "properties": {"id": "e5f672383fc509da", "source": "hialeah", "jurisdiction": "Hialeah", "county": "Miami-Dade", "meeting_body": "City Council", "meeting_date": "2026-08-25", "title": "ORDINANCE: Second reading and public hearing of proposed ordinance amending the Future Land Use Map of the City of Hialeah Comprehensive Plan pursuant to Section 163.3187, Florida Statutes, (Small-Sca", "summary": "ORDINANCE: Second reading and public hearing of proposed ordinance amending the Future Land Use Map of the City of Hialeah Comprehensive Plan pursuant to Section 163.3187, Florida Statutes, (Small-Scale Development Amendment) to change the land use designation from Low-Density Residential to Office and Professional Services for the property located at 590 East 8th Avenue, Hialeah, zoned R-1 One- F", "plain": "Land-use change \u2014 at 590 East 8th Avenue, Hialeah", "link": "https://www.hialeahfl.gov/AgendaCenter/ViewFile/Agenda/_08252026-1383", "project_type": "land-use", "multifamily": false, "address": "590 East 8th Avenue", "parcel": null, "status": "heard", "first_seen": "2026-08-22", "units": null, "acres": null, "score": 1}}, {"type": "Feature", "geometry": {"type": "Point", "coordinates": [-80.265433167179, 25.82741661368]}, "properties": {"id": "0aa47f75904399cc", "source": "hialeah", "jurisdiction": "Hialeah", "county": "Miami-Dade", "meeting_body": "City Council", "meeting_date": "2026-08-25", "title": "If a Business Tax Receipt is not obtained within one (1) year of the effective date of the ordinance approving the rezoning, the property shall be reverted to its original R-1 (One-Family District) zo", "summary": "If a Business Tax Receipt is not obtained within one (1) year of the effective date of the ordinance approving the rezoning, the property shall be reverted to its original R-1 (One-Family District) zoning classification. On August 11, 2026, the item was postponed until the City Council Meeting of August 25, 2026, at 5:30 p.m., because it needed to be re-noticed. On June 23, 2026, the City Council ", "plain": "Rezoning \u2014 at 590 East 8 Avenue, Hialeah", "link": "https://www.hialeahfl.gov/AgendaCenter/ViewFile/Agenda/_08252026-1383", "project_type": "rezoning", "multifamily": false, "address": "590 East 8 Avenue", "parcel": null, "status": "heard", "first_seen": "2026-08-22", "units": null, "acres": null, "score": 1}}, {"type": "Feature", "geometry": {"type": "Point", "coordinates": [-80.271107318243, 25.81695866366]}, "properties": {"id": "6a831ead4bfabd1f", "source": "hialeah", "jurisdiction": "Hialeah", "county": "Miami-Dade", "meeting_body": "City Council", "meeting_date": "2026-08-25", "title": "ORDINANCE: First reading of proposed ordinance amending the Future Land Use Map of the City of Hialeah Comprehensive Plan pursuant to Section 163.3187, Florida Statutes, (Small-Scale Development Amend", "summary": "ORDINANCE: First reading of proposed ordinance amending the Future Land Use Map of the City of Hialeah Comprehensive Plan pursuant to Section 163.3187, Florida Statutes, (Small-Scale Development Amendment) to change the land use designation from Low-Density Residential to Commercial for the property located at 652 Southeast 5th Avenue, Hialeah, currently zoned R-1, legally described herein; repeal", "plain": "Land-use change \u2014 at 652 Southeast 5th Avenue, Hialeah", "link": "https://www.hialeahfl.gov/AgendaCenter/ViewFile/Agenda/_08252026-1383", "project_type": "land-use", "multifamily": false, "address": "652 Southeast 5th Avenue", "parcel": null, "status": "heard", "first_seen": "2026-08-22", "units": null, "acres": null, "score": 1}}, {"type": "Feature", "geometry": {"type": "Point", "coordinates": [-80.315590112717, 25.85521899992]}, "properties": {"id": "d547c14a27995296", "source": "hialeah", "jurisdiction": "Hialeah", "county": "Miami-Dade", "meeting_body": "City Council", "meeting_date": "2026-08-25", "title": "ORDINANCE: Second reading and public hearing of proposed ordinance granting a Special Use Permit (SUP) pursuant to Hialeah Code of Ordinances \u00a7 98-161 to allow an outdoor storage area for bulk materia", "summary": "ORDINANCE: Second reading and public hearing of proposed ordinance granting a Special Use Permit (SUP) pursuant to Hialeah Code of Ordinances \u00a7 98-161 to allow an outdoor storage area for bulk materials and equipment; and granting variances to allow: (i) the proposed outdoor storage area to be enclosed by a 12 foot-high tubular steel fence, where an 8 foot-high masonry wall is required, and (ii) 1", "plain": "Special exception \u2014 at 1650 West 37 Street, Hialeah", "link": "https://www.hialeahfl.gov/AgendaCenter/ViewFile/Agenda/_08252026-1383", "project_type": "special-exception", "multifamily": false, "address": "1650 West 37 Street", "parcel": null, "status": "heard", "first_seen": "2026-08-22", "units": null, "acres": null, "score": 0}}, {"type": "Feature", "geometry": {"type": "Point", "coordinates": [-80.265433167179, 25.82741661368]}, "properties": {"id": "19930cf07a602d55", "source": "hialeah", "jurisdiction": "Hialeah", "county": "Miami-Dade", "meeting_body": "City Council", "meeting_date": "2026-08-25", "title": "ORDINANCE: Second reading and public hearing of proposed ordinance rezoning property from R-1 One-Family District to OPS Office and Professional Services for the property located at 590 East 8th Avenu", "summary": "ORDINANCE: Second reading and public hearing of proposed ordinance rezoning property from R-1 One-Family District to OPS Office and Professional Services for the property located at 590 East 8th Avenue, Hialeah, zoned R-1 One-Family District, legally described herein; repealing all ordinances or parts of ordinances in conflict herewith; providing penalties for violation hereof; providing for a sev", "plain": "Rezoning \u2014 at 590 East 8th Avenue, Hialeah", "link": "https://www.hialeahfl.gov/AgendaCenter/ViewFile/Agenda/_08252026-1383", "project_type": "rezoning", "multifamily": false, "address": "590 East 8th Avenue", "parcel": null, "status": "heard", "first_seen": "2026-08-22", "units": null, "acres": null, "score": 1}}, {"type": "Feature", "geometry": {"type": "Point", "coordinates": [-80.291223235648, 25.884711482322]}, "properties": {"id": "ff5bac5be51013d3", "source": "hialeah", "jurisdiction": "Hialeah", "county": "Miami-Dade", "meeting_body": "City Council", "meeting_date": "2026-08-25", "title": "ITEM IS POSTPONED AS PER THE APPLICANT UNTIL THE CITY COUNCIL MEETING OG SEPTEMBER 8, 2026, AT 7:00 P.M. ORDINANCE: Second reading and public hearing of proposed ordinance granting a Special Use Permi", "summary": "ITEM IS POSTPONED AS PER THE APPLICANT UNTIL THE CITY COUNCIL MEETING OG SEPTEMBER 8, 2026, AT 7:00 P.M. ORDINANCE: Second reading and public hearing of proposed ordinance granting a Special Use Permit (SUP) pursuant to the City of Hialeah Code of Ordinances \u00a7 98-161 to allow a Biomedical Research Center for the property located at 6815 West 4th Avenue, Hialeah, zoned C-2 Liberal Retail Commercial", "plain": "Special exception \u2014 at 6815 West 4th Avenue, Hialeah", "link": "https://www.hialeahfl.gov/AgendaCenter/ViewFile/Agenda/_08252026-1383", "project_type": "special-exception", "multifamily": false, "address": "6815 West 4th Avenue", "parcel": null, "status": "heard", "first_seen": "2026-08-22", "units": null, "acres": null, "score": 0}}, {"type": "Feature", "geometry": {"type": "Point", "coordinates": [-80.2748513269, 25.861547663208]}, "properties": {"id": "5fb12b110a2ff302", "source": "hialeah", "jurisdiction": "Hialeah", "county": "Miami-Dade", "meeting_body": "City Council", "meeting_date": "2026-08-25", "title": "ORDINANCE: First reading of proposed ordinance rezoning property from R-1 One-Family District to P Parking District for the property located at 390 East 43rd Street, Hialeah, zoned R-1 One-Family Dist", "summary": "ORDINANCE: First reading of proposed ordinance rezoning property from R-1 One-Family District to P Parking District for the property located at 390 East 43rd Street, Hialeah, zoned R-1 One-Family District, legally described herein; repealing all ordinances or part of ordinances in conflict herewith; providing penalties for violation hereof; providing for a severability clause; and providing for an", "plain": "Rezoning \u2014 at 390 East 43rd Street, Hialeah", "link": "https://www.hialeahfl.gov/AgendaCenter/ViewFile/Agenda/_08252026-1383", "project_type": "rezoning", "multifamily": false, "address": "390 East 43rd Street", "parcel": null, "status": "heard", "first_seen": "2026-08-22", "units": null, "acres": null, "score": 1}}, {"type": "Feature", "geometry": {"type": "Point", "coordinates": [-80.2748513269, 25.861547663208]}, "properties": {"id": "4f3f9f471024ba85", "source": "hialeah", "jurisdiction": "Hialeah", "county": "Miami-Dade", "meeting_body": "City Council", "meeting_date": "2026-08-25", "title": "The site shall be developed in substantial accordance with the plans signed and sealed by Maria Eugenia Fernandez, AR, dated 5/19/2026, with the following modifications: An eight (8) foot-high concret", "summary": "The site shall be developed in substantial accordance with the plans signed and sealed by Maria Eugenia Fernandez, AR, dated 5/19/2026, with the following modifications: An eight (8) foot-high concrete wall shall be installed along the west and south property line adjacent to the residential properties; and The first ten feet of the proposed wall along the west property line shall not exceed 2 fee", "plain": "Site plan \u2014 at 390 E 43 Street, Hialeah", "link": "https://www.hialeahfl.gov/AgendaCenter/ViewFile/Agenda/_08252026-1383", "project_type": "site-plan", "multifamily": false, "address": "390 E 43 Street", "parcel": null, "status": "heard", "first_seen": "2026-08-22", "units": null, "acres": null, "score": 0}}, {"type": "Feature", "geometry": {"type": "Point", "coordinates": [-80.27127218864759, 25.816401600319345]}, "properties": {"id": "6e4be3265bbe9fb5", "source": "hialeah", "jurisdiction": "Hialeah", "county": "Miami-Dade", "meeting_body": "City Council", "meeting_date": "2026-08-25", "title": "ORDINANCE: First reading of proposed ordinance rezoning properties from C-3 Extended Liberal Commercial District to C-2 Liberal Retail Commercial District for the properties located at 489, 491, 493 a", "summary": "ORDINANCE: First reading of proposed ordinance rezoning properties from C-3 Extended Liberal Commercial District to C-2 Liberal Retail Commercial District for the properties located at 489, 491, 493 and 499 East Okeechobee Road, Hialeah; and from R-1 One-Family District to C-2 Liberal Retail Commercial District for the property located at 652 Southeast 5th Avenue, Hialeah; and granting variances t", "plain": "Rezoning \u2014 at 493 and 499 East Okeechobee Road, Hialeah", "link": "https://www.hialeahfl.gov/AgendaCenter/ViewFile/Agenda/_08252026-1383", "project_type": "rezoning", "multifamily": false, "address": "493 and 499 East Okeechobee Road", "parcel": "04-3120-005-1280", "status": "heard", "first_seen": "2026-08-22", "units": null, "acres": null, "score": 1}}, {"type": "Feature", "geometry": {"type": "Point", "coordinates": [-80.2615542, 25.8457143]}, "properties": {"id": "5499e8a53586ceb1", "source": "hialeah", "jurisdiction": "Hialeah", "county": "Miami-Dade", "meeting_body": "City Council", "meeting_date": "2026-08-25", "title": "ORDINANCE: First reading of proposed ordinance granting a variance to allow business and professional services on the ground floor, where business and professional services are not allowed on the grou", "summary": "ORDINANCE: First reading of proposed ordinance granting a variance to allow business and professional services on the ground floor, where business and professional services are not allowed on the ground floor, contra to City Hialeah Code of Ordinances \u00a7 98-1543(b)(2) for the property located at 1033 East 25th Street, Hialeah, zoned TOD Transit-Oriented Development, legally described herein; provid", "plain": "Multifamily variance \u2014 at 1033 East 25th Street, Hialeah", "link": "https://www.hialeahfl.gov/AgendaCenter/ViewFile/Agenda/_08252026-1383", "project_type": "variance", "multifamily": true, "address": "1033 East 25th Street", "parcel": null, "status": "heard", "first_seen": "2026-08-22", "units": null, "acres": null, "score": 3}}, {"type": "Feature", "geometry": {"type": "Point", "coordinates": [-80.271107318243, 25.81695866366]}, "properties": {"id": "b21a1814f4311c92", "source": "hialeah", "jurisdiction": "Hialeah", "county": "Miami-Dade", "meeting_body": "Planning & Zoning Board", "meeting_date": "2026-08-12", "title": "Rezoning property located at 652 Southeast 5th Avenue from R-1 (One-Family District) to C-2 (Liberal Retail Commercial District); Rezoning properties located at 489, 491, 493, and 499 East Okeechobee ", "summary": "Rezoning property located at 652 Southeast 5th Avenue from R-1 (One-Family District) to C-2 (Liberal Retail Commercial District); Rezoning properties located at 489, 491, 493, and 499 East Okeechobee Road from C-3 (Extended Liberal Commercial District) to C-2 (Liberal Retail Commercial District); Variance Permit to allow fifty-one (51) parking spaces, where sixty-eight (68) parking spaces are requ", "plain": "Multifamily rezoning \u2014 at 652 Southeast 5th Avenue, Hialeah", "link": "https://www.hialeahfl.gov/AgendaCenter/ViewFile/Agenda/_08122026-1371", "project_type": "rezoning", "multifamily": true, "address": "652 Southeast 5th Avenue", "parcel": "04-3120-005-1280", "status": "heard", "first_seen": "2026-08-08", "units": null, "acres": null, "score": 4}}, {"type": "Feature", "geometry": {"type": "Point", "coordinates": [-80.2615542, 25.8457143]}, "properties": {"id": "015c5897eec2564f", "source": "hialeah", "jurisdiction": "Hialeah", "county": "Miami-Dade", "meeting_body": "Planning & Zoning Board", "meeting_date": "2026-08-12", "title": "Variance permit to allow business and professional services on the ground floor, where business and professional services are not allowed on the ground floor. The property is located at 1033 East 25th", "summary": "Variance permit to allow business and professional services on the ground floor, where business and professional services are not allowed on the ground floor. The property is located at 1033 East 25th Street, Hialeah, zoned TOD (Transit-Oriented Development District). Applicant: Maritza Haro Salgado Esq., on behalf 1025 Hialeah Development, LLC. Application No.: VAR-000441-2026", "plain": "Multifamily variance \u2014 at 1033 East 25th Street, Hialeah", "link": "https://www.hialeahfl.gov/AgendaCenter/ViewFile/Agenda/_08122026-1371", "project_type": "variance", "multifamily": true, "address": "1033 East 25th Street", "parcel": null, "status": "heard", "first_seen": "2026-08-08", "units": null, "acres": null, "score": 3}}, {"type": "Feature", "geometry": {"type": "Point", "coordinates": [-80.277179243961, 25.829215549313]}, "properties": {"id": "42377fa006e69c4f", "source": "hialeah", "jurisdiction": "Hialeah", "county": "Miami-Dade", "meeting_body": "Planning & Zoning Board", "meeting_date": "2026-08-12", "title": "Variance permit to allow a front setback of 0 feet, where 10 feet is required; to allow a street side setback of 6.75 feet, where 10 feet is required; to allow 53.35% lot coverage, where 45% 3 HIALEAH", "summary": "Variance permit to allow a front setback of 0 feet, where 10 feet is required; to allow a street side setback of 6.75 feet, where 10 feet is required; to allow 53.35% lot coverage, where 45% 3 HIALEAH PLANNING AND ZONING BOARD MEETING- AUGUST 12TH, 2026 is the maximum lot coverage allowed; to allow parking within the required front setback, where parking in the front setback is not allowed; to all", "plain": "Multifamily variance \u2014 at 215 East 8th Street, Hialeah", "link": "https://www.hialeahfl.gov/AgendaCenter/ViewFile/Agenda/_08122026-1371", "project_type": "variance", "multifamily": true, "address": "215 East 8th Street", "parcel": null, "status": "heard", "first_seen": "2026-08-08", "units": null, "acres": null, "score": 3}}, {"type": "Feature", "geometry": {"type": "Point", "coordinates": [-80.265433167179, 25.82741661368]}, "properties": {"id": "739c7e36f760b252", "source": "hialeah", "jurisdiction": "Hialeah", "county": "Miami-Dade", "meeting_body": "City Council", "meeting_date": "2026-08-11", "title": "THIS ITEM IS POSTPONED UNTIL THE CITY COUNCIL MEETING OF AUGUST 25, 2026, BECAUSE IT NEEDS TO BE RE-NOTICED. ORDINANCE: Second reading and public hearing of proposed ordinance amending the Future Land", "summary": "THIS ITEM IS POSTPONED UNTIL THE CITY COUNCIL MEETING OF AUGUST 25, 2026, BECAUSE IT NEEDS TO BE RE-NOTICED. ORDINANCE: Second reading and public hearing of proposed ordinance amending the Future Land Use Map of the City of Hialeah Comprehensive Plan pursuant to Section 163.3187, Florida Statutes, (Small- Scale Development Amendment) to change the land use designation from Low-Density Residential ", "plain": "Land-use change \u2014 at 590 East 8th Avenue, Hialeah", "link": "https://www.hialeahfl.gov/AgendaCenter/ViewFile/Agenda/_08112026-1372", "project_type": "land-use", "multifamily": false, "address": "590 East 8th Avenue", "parcel": null, "status": "heard", "first_seen": "2026-08-08", "units": null, "acres": null, "score": 1}}, {"type": "Feature", "geometry": {"type": "Point", "coordinates": [-80.265433167179, 25.82741661368]}, "properties": {"id": "50063244e5c0e57f", "source": "hialeah", "jurisdiction": "Hialeah", "county": "Miami-Dade", "meeting_body": "City Council", "meeting_date": "2026-08-11", "title": "If a Business Tax Receipt is not obtained within one (1) year of the effective date of the ordinance approving the rezoning, the property shall be reverted back to its original R-1 (One-Family Distric", "summary": "If a Business Tax Receipt is not obtained within one (1) year of the effective date of the ordinance approving the rezoning, the property shall be reverted back to its original R-1 (One-Family District) zoning classification. On June 23, 2026, the City Council approved the item on first reading. Second reading and public hearing is scheduled for August 11, 2026, at 5:30 p.m. On June 9, 2026, the C", "plain": "Rezoning \u2014 at 590 East 8 Avenue, Hialeah", "link": "https://www.hialeahfl.gov/AgendaCenter/ViewFile/Agenda/_08112026-1372", "project_type": "rezoning", "multifamily": false, "address": "590 East 8 Avenue", "parcel": null, "status": "heard", "first_seen": "2026-08-08", "units": null, "acres": null, "score": 1}}, {"type": "Feature", "geometry": {"type": "Point", "coordinates": [-80.315590112717, 25.85521899992]}, "properties": {"id": "8a236b08b6cef8f3", "source": "hialeah", "jurisdiction": "Hialeah", "county": "Miami-Dade", "meeting_body": "City Council", "meeting_date": "2026-08-11", "title": "THIS ITEM IS POSTPONED UNTIL THE CITY COUNCIL MEETING OF AUGUST 25, 2026, BECAUSE IT NEEDS TO BE RE-NOTICED. ORDINANCE: Second reading and public hearing of proposed ordinance granting a Special Use P", "summary": "THIS ITEM IS POSTPONED UNTIL THE CITY COUNCIL MEETING OF AUGUST 25, 2026, BECAUSE IT NEEDS TO BE RE-NOTICED. ORDINANCE: Second reading and public hearing of proposed ordinance granting a Special Use Permit (SUP) pursuant to Hialeah Code of Ordinances \u00a7 98-161 to allow an outdoor storage area for bulk materials and equipment; and granting variances to allow: (i) the proposed outdoor storage area to", "plain": "Special exception \u2014 at 1650 West 37 Street, Hialeah", "link": "https://www.hialeahfl.gov/AgendaCenter/ViewFile/Agenda/_08112026-1372", "project_type": "special-exception", "multifamily": false, "address": "1650 West 37 Street", "parcel": null, "status": "heard", "first_seen": "2026-08-08", "units": null, "acres": null, "score": 0}}, {"type": "Feature", "geometry": {"type": "Point", "coordinates": [-80.265433167179, 25.82741661368]}, "properties": {"id": "3998c59b592de956", "source": "hialeah", "jurisdiction": "Hialeah", "county": "Miami-Dade", "meeting_body": "City Council", "meeting_date": "2026-08-11", "title": "THIS ITEM IS POSTPONED UNTIL THE CITY COUNCIL MEETING OF AUGUST 25, 2026, BECAUSE IT NEEDS TO BE RE-NOTICED. ORDINANCE: Second reading and public hearing of proposed ordinance rezoning property from R", "summary": "THIS ITEM IS POSTPONED UNTIL THE CITY COUNCIL MEETING OF AUGUST 25, 2026, BECAUSE IT NEEDS TO BE RE-NOTICED. ORDINANCE: Second reading and public hearing of proposed ordinance rezoning property from R-1 One-Family District to OPS Office and Professional Services for the property located at 590 East 8th Avenue, Hialeah, zoned R-1 One-Family District, legally described herein; repealing all ordinanc", "plain": "Rezoning \u2014 at 590 East 8th Avenue, Hialeah", "link": "https://www.hialeahfl.gov/AgendaCenter/ViewFile/Agenda/_08112026-1372", "project_type": "rezoning", "multifamily": false, "address": "590 East 8th Avenue", "parcel": null, "status": "heard", "first_seen": "2026-08-08", "units": null, "acres": null, "score": 1}}, {"type": "Feature", "geometry": {"type": "Point", "coordinates": [-80.2748513269, 25.861547663208]}, "properties": {"id": "9611cc50cfb16edb", "source": "hialeah", "jurisdiction": "Hialeah", "county": "Miami-Dade", "meeting_body": "City Council", "meeting_date": "2026-08-11", "title": "ORDINANCE: First reading of proposed ordinance rezoning property from R-1 One-Family District to P Parking District for the property located at 390 East 43rd Street, Hialeah, zoned R-1 One-Family Dist", "summary": "ORDINANCE: First reading of proposed ordinance rezoning property from R-1 One-Family District to P Parking District for the property located at 390 East 43rd Street, Hialeah, zoned R-1 One-Family District, legally described herein; repealing all ordinances or part of ordinances in conflict herewith; providing penalties for violation hereof; providing for a severability clause; and providing for an", "plain": "Rezoning \u2014 at 390 East 43rd Street, Hialeah", "link": "https://www.hialeahfl.gov/AgendaCenter/ViewFile/Agenda/_08112026-1372", "project_type": "rezoning", "multifamily": false, "address": "390 East 43rd Street", "parcel": null, "status": "heard", "first_seen": "2026-08-08", "units": null, "acres": null, "score": 1}}, {"type": "Feature", "geometry": {"type": "Point", "coordinates": [-80.2748513269, 25.861547663208]}, "properties": {"id": "709f9d6d1ece259c", "source": "hialeah", "jurisdiction": "Hialeah", "county": "Miami-Dade", "meeting_body": "City Council", "meeting_date": "2026-08-11", "title": "The site shall be developed in substantial accordance with the plans signed and sealed by Maria Eugenia Fernandez, AR, dated 5/19/2026, with the following modifications: An eight (8) foot-high concret", "summary": "The site shall be developed in substantial accordance with the plans signed and sealed by Maria Eugenia Fernandez, AR, dated 5/19/2026, with the following modifications: An eight (8) foot-high concrete wall shall be installed along the west and south property line adjacent to the residential properties; and The first ten feet of the proposed wall along the west property line shall not exceed 2 fee", "plain": "Site plan \u2014 at 390 E 43 Street, Hialeah", "link": "https://www.hialeahfl.gov/AgendaCenter/ViewFile/Agenda/_08112026-1372", "project_type": "site-plan", "multifamily": false, "address": "390 E 43 Street", "parcel": null, "status": "heard", "first_seen": "2026-08-08", "units": null, "acres": null, "score": 0}}, {"type": "Feature", "geometry": {"type": "Point", "coordinates": [-80.166432131417, 25.889221860127]}, "properties": {"id": "c66f8c415a19d14c", "source": "north-miami", "jurisdiction": "North Miami", "county": "Miami-Dade", "meeting_body": "Planning Commission", "meeting_date": "2026-09-10", "title": "PUBLIC HEARING: PC: 17-125 A RESOLUTION OF THE MAYOR AND CITY COUNCIL OF THE CITY OF NORTH MIAMI, FLORIDA, APPROVING AN APPLICATION FOR A CONDITIONAL USE PERMIT, IN SUBSTANTIALLY THE ATTACHED FORM, TO", "summary": "PUBLIC HEARING: PC: 17-125 A RESOLUTION OF THE MAYOR AND CITY COUNCIL OF THE CITY OF NORTH MIAMI, FLORIDA, APPROVING AN APPLICATION FOR A CONDITIONAL USE PERMIT, IN SUBSTANTIALLY THE ATTACHED FORM, TO ALLOW THE DEVELOPMENT OF A 16- STORY MIXED-USE PROJECT CONSISTING OF 225 RESIDENTIAL UNITS, 8,618 SQUARE FEET OF GROUND-FLOOR RETAIL SPACE, 6,453 SQUARE FEET OF OFFICE SPACE, A PUBLIC DOG PARK, AND 3", "plain": "Multifamily special exception \u00b7 225 units \u00b7 0.957 ac \u2014 at 1590 NE 123 STREET, North Miami", "link": "https://www.northmiamifl.gov/AgendaCenter/ViewFile/Agenda/_09102026-496", "project_type": "special-exception", "multifamily": true, "address": "1590 NE 123 STREET", "parcel": "06-2229-083-0020", "status": "upcoming", "first_seen": "2026-08-28", "units": 225, "acres": 0.957, "score": 6}}, {"type": "Feature", "geometry": {"type": "Point", "coordinates": [-80.183668076035, 25.890341394815]}, "properties": {"id": "1082a4fca2f2ab5b", "source": "north-miami", "jurisdiction": "North Miami", "county": "Miami-Dade", "meeting_body": "Board of Adjustment", "meeting_date": "2026-07-15", "title": "NEW PETITIONS V-4-26: A VARIANCE TO ALLOW A BEAUTY SALON SUITES FACILITY WITHIN 1,500 FEET OF AN EXISTING IDENTICAL OR SIMILAR USE IN THE C-3 ZONING DISTRICT\u2013 744 NE 125 ST A VARIANCE TO ARTICLE 5, DI", "summary": "NEW PETITIONS V-4-26: A VARIANCE TO ALLOW A BEAUTY SALON SUITES FACILITY WITHIN 1,500 FEET OF AN EXISTING IDENTICAL OR SIMILAR USE IN THE C-3 ZONING DISTRICT\u2013 744 NE 125 ST A VARIANCE TO ARTICLE 5, DIVISION 22, SECTION 5-2203(B) OF CHAPTER 29 OF THE CITY OF NORTH MIAMI CODE OF ORDINANCES, LAND DEVELOPMENT REGULATIONS (\u201cLDRS\u201d) TO ALLOW A BEAUTY SALON SUITES FACILITY WITHIN ONE THOUSAND FIVE HUNDRED", "plain": "Special exception \u2014 at 744 NE 125 ST, North Miami", "link": "https://www.northmiamifl.gov/AgendaCenter/ViewFile/Agenda/_07152026-495", "project_type": "special-exception", "multifamily": false, "address": "744 NE 125 ST", "parcel": null, "status": "heard", "first_seen": "2026-08-17", "units": null, "acres": null, "score": 0}}, {"type": "Feature", "geometry": {"type": "Point", "coordinates": [-80.183668076035, 25.890341394815]}, "properties": {"id": "f0410efb981a9315", "source": "north-miami", "jurisdiction": "North Miami", "county": "Miami-Dade", "meeting_body": "Board of Adjustment", "meeting_date": "2026-07-15", "title": "NEW PETITIONS V-4-26: A VARIANCE TO ALLOW A BEAUTY SALON SUITES FACILITY WITHIN 1,500 FEET OF AN EXISTING IDENTICAL OR SIMILAR USE IN THE C-3 ZONING DISTRICT\u2013 744 NE 125 ST A VARIANCE TO ARTICLE 5, DI", "summary": "NEW PETITIONS V-4-26: A VARIANCE TO ALLOW A BEAUTY SALON SUITES FACILITY WITHIN 1,500 FEET OF AN EXISTING IDENTICAL OR SIMILAR USE IN THE C-3 ZONING DISTRICT\u2013 744 NE 125 ST A VARIANCE TO ARTICLE 5, DIVISION 22, SECTION 5-2203(B) OF CHAPTER 29 OF THE CITY OF NORTH MIAMI CODE OF ORDINANCES, LAND DEVELOPMENT REGULATIONS (\u201cLDRS\u201d) TO ALLOW A BEAUTY SALON SUITES FACILITY WITHIN ONE THOUSAND FIVE HUNDRED", "plain": "Special exception \u2014 at 744 NE 125 ST, North Miami", "link": "https://www.northmiamifl.gov/AgendaCenter/ViewFile/Agenda/_07152026-493", "project_type": "special-exception", "multifamily": false, "address": "744 NE 125 ST", "parcel": null, "status": "heard", "first_seen": "2026-08-17", "units": null, "acres": null, "score": 0}}, {"type": "Feature", "geometry": {"type": "Point", "coordinates": [-80.161668298157, 25.910299739091]}, "properties": {"id": "b4add104556fd39f", "source": "north-miami", "jurisdiction": "North Miami", "county": "Miami-Dade", "meeting_body": "Planning Commission", "meeting_date": "2026-06-25", "title": "PUBLIC HEARING: PC: 17-123 A RESOLUTION OF THE MAYOR AND CITY COUNCIL OF THE CITY OF NORTH MIAMI, FLORIDA, APPROVING AN APPLICATION FOR A CONDITIONAL USE PERMIT, IN SUBSTANTIALLY THE ATTACHED FORM, FO", "summary": "PUBLIC HEARING: PC: 17-123 A RESOLUTION OF THE MAYOR AND CITY COUNCIL OF THE CITY OF NORTH MIAMI, FLORIDA, APPROVING AN APPLICATION FOR A CONDITIONAL USE PERMIT, IN SUBSTANTIALLY THE ATTACHED FORM, FOR A PROPOSED MIXED USE PROJECT CONSISTING OF A 14-STORY, 269-UNIT APARTMENT BUILDING WITH 4,526 SQUARE FEET OF GROUND FLOOR RETAIL SPACE, AN 8-STORY, 317-UNIT APARTMENT BUILDING, A 2-STORY, 14-UNIT TO", "plain": "Multifamily special exception \u00b7 269 units \u00b7 4.44 ac \u2014 at 1890 NE 146TH STREET, North Miami", "link": "https://www.northmiamifl.gov/AgendaCenter/ViewFile/Agenda/_06252026-490", "project_type": "special-exception", "multifamily": true, "address": "1890 NE 146TH STREET", "parcel": "06-2221-006-0100", "status": "heard", "first_seen": "2026-08-17", "units": 269, "acres": 4.44, "score": 6}}, {"type": "Feature", "geometry": {"type": "Point", "coordinates": [-80.173693473336, 25.900037241953]}, "properties": {"id": "7ee6ed605e71d546", "source": "north-miami", "jurisdiction": "North Miami", "county": "Miami-Dade", "meeting_body": "Planning Commission", "meeting_date": "2026-06-25", "title": "Commission Action 1 | P age PC: 17-124 A RESOLUTION OF THE MAYOR AND CITY COUNCIL OF THE CITY OF NORTH MIAMI, FLORIDA, APPROVING AN APPLICATION TO MODIFY THE PREVIOUSLY APPROVED CONDITIONAL USE PERMIT", "summary": "Commission Action 1 | P age PC: 17-124 A RESOLUTION OF THE MAYOR AND CITY COUNCIL OF THE CITY OF NORTH MIAMI, FLORIDA, APPROVING AN APPLICATION TO MODIFY THE PREVIOUSLY APPROVED CONDITIONAL USE PERMIT, IN SUBSTANTIALLY THE ATTACHED FORM, FOR THE MIXED-USE DEVELOPMENT LOCATED AT 1255 NW 135TH STREET AND 1525 NW 135TH STREET TOTALING 27.67 ACRES, AND IDENTIFIED WITH MIAMI-DADE COUNTY FOLIO NUMBERS: ", "plain": "Multifamily special exception \u00b7 27.67 ac \u2014 at 1255 NW 135TH STREET, North Miami", "link": "https://www.northmiamifl.gov/AgendaCenter/ViewFile/Agenda/_06252026-490", "project_type": "special-exception", "multifamily": true, "address": "1255 NW 135TH STREET", "parcel": "06-2123-000-0050", "status": "heard", "first_seen": "2026-08-17", "units": null, "acres": 27.67, "score": 4}}, {"type": "Feature", "geometry": {"type": "Point", "coordinates": [-80.2008555, 25.8844724]}, "properties": {"id": "aeff2557e7cbcb69", "source": "north-miami", "jurisdiction": "North Miami", "county": "Miami-Dade", "meeting_body": "Planning Commission", "meeting_date": "2026-06-25", "title": "ADJOURNMENT: Meeting adjourned at 6:35 PM Respectfully submitted: Attest: Charles Ernst, Chair Debbie Love, AICP, Director Planning Commission Development Services Department Prepared by: Cyncia Raymo", "summary": "ADJOURNMENT: Meeting adjourned at 6:35 PM Respectfully submitted: Attest: Charles Ernst, Chair Debbie Love, AICP, Director Planning Commission Development Services Department Prepared by: Cyncia Raymond, Commission Secretary Development Services Department PC Minutes May 13, 2026 Page 2 of 2 Planning Commission Report 776 N.E. 125 Street, North Miami, Florida 33161 To: Planning Commission From: Na", "plain": "Multifamily special exception \u00b7 269 units \u2014 at 125 Street, North Miami", "link": "https://www.northmiamifl.gov/AgendaCenter/ViewFile/Agenda/_06252026-490", "project_type": "special-exception", "multifamily": true, "address": "125 Street", "parcel": null, "status": "heard", "first_seen": "2026-08-17", "units": 269, "acres": null, "score": 5}}, {"type": "Feature", "geometry": {"type": "Point", "coordinates": [-80.2008555, 25.8844724]}, "properties": {"id": "8621c9762508aff9", "source": "north-miami", "jurisdiction": "North Miami", "county": "Miami-Dade", "meeting_body": "Planning Commission", "meeting_date": "2026-06-25", "title": "Conditional Use Permit (Exhibit 1) Page 7 of 8 Planning Commission Report 776 N.E. 125 Street, North Miami, Florida 33161", "summary": "Conditional Use Permit (Exhibit 1) Page 7 of 8 Planning Commission Report 776 N.E. 125 Street, North Miami, Florida 33161", "plain": "Special exception \u2014 at 125 Street, North Miami", "link": "https://www.northmiamifl.gov/AgendaCenter/ViewFile/Agenda/_06252026-490", "project_type": "special-exception", "multifamily": false, "address": "125 Street", "parcel": null, "status": "heard", "first_seen": "2026-08-17", "units": null, "acres": null, "score": 0}}, {"type": "Feature", "geometry": {"type": "Point", "coordinates": [-80.161668298157, 25.910299739091]}, "properties": {"id": "5ccfd4a02ff98133", "source": "north-miami", "jurisdiction": "North Miami", "county": "Miami-Dade", "meeting_body": "Planning Commission", "meeting_date": "2026-06-25", "title": "Traffic Impact Analysis by Kimley Horn Page 8 of 8 RESOLUTION NO. ___________ A RESOLUTION OF THE MAYOR AND CITY COUNCIL OF THE CITY OF NORTH MIAMI, FLORIDA, APPROVING AN APPLICATION FOR A CONDITIONAL", "summary": "Traffic Impact Analysis by Kimley Horn Page 8 of 8 RESOLUTION NO. ___________ A RESOLUTION OF THE MAYOR AND CITY COUNCIL OF THE CITY OF NORTH MIAMI, FLORIDA, APPROVING AN APPLICATION FOR A CONDITIONAL USE PERMIT, IN SUBSTANTIALLY THE ATTACHED FORM, FOR A PROPOSED MIXED USE PROJECT CONSISTING OF A 14- STORY, 269-UNIT APARTMENT BUILDING WITH 4,526 SQUARE FEET OF GROUND FLOOR RETAIL SPACE, AN 8-STORY", "plain": "Multifamily special exception \u00b7 269 units \u00b7 4.44 ac \u2014 at 1890 NE 146TH STREET, North Miami", "link": "https://www.northmiamifl.gov/AgendaCenter/ViewFile/Agenda/_06252026-490", "project_type": "special-exception", "multifamily": true, "address": "1890 NE 146TH STREET", "parcel": "06-2221-006-0130", "status": "heard", "first_seen": "2026-08-17", "units": 269, "acres": 4.44, "score": 6}}, {"type": "Feature", "geometry": {"type": "Point", "coordinates": [-80.182449213006, 25.889585524]}, "properties": {"id": "e9793abe35a04027", "source": "north-miami", "jurisdiction": "North Miami", "county": "Miami-Dade", "meeting_body": "Planning Commission", "meeting_date": "2026-06-25", "title": "Sustainable Building Program: The Applicant shall integrate and maintain their proposed sustainable building commitments. Ethan B. Wasserman Tel 305.579.0784 wassermane@gtlaw.com Updated: May 22, 2026", "summary": "Sustainable Building Program: The Applicant shall integrate and maintain their proposed sustainable building commitments. Ethan B. Wasserman Tel 305.579.0784 wassermane@gtlaw.com Updated: May 22, 2026 VIA ELECTRONIC DELIVERY Debbie Love, AICP, Director Development Services Department City of North Miami 12400 NE 8th Avenue North Miami, FL 33161 Re: Letter of Intent for Conditional Use Permit (\u201cCUP", "plain": "Site plan \u2014 at 12400 NE 8th Avenue North, North Miami", "link": "https://www.northmiamifl.gov/AgendaCenter/ViewFile/Agenda/_06252026-490", "project_type": "site-plan", "multifamily": false, "address": "12400 NE 8th Avenue North", "parcel": "06-2221-006-0100", "status": "heard", "first_seen": "2026-08-17", "units": null, "acres": null, "score": 0}}, {"type": "Feature", "geometry": {"type": "Point", "coordinates": [-80.173693473336, 25.900037241953]}, "properties": {"id": "27b41bdcd582d1a8", "source": "north-miami", "jurisdiction": "North Miami", "county": "Miami-Dade", "meeting_body": "Planning Commission", "meeting_date": "2026-06-25", "title": "Public Notice Page 7 of 7 RESOLUTION NO. ___________ A RESOLUTION OF THE MAYOR AND CITY COUNCIL OF THE CITY OF NORTH MIAMI, FLORIDA, APPROVING AN APPLICATION TO MODIFY THE PREVIOUSLY APPROVED CONDITIO", "summary": "Public Notice Page 7 of 7 RESOLUTION NO. ___________ A RESOLUTION OF THE MAYOR AND CITY COUNCIL OF THE CITY OF NORTH MIAMI, FLORIDA, APPROVING AN APPLICATION TO MODIFY THE PREVIOUSLY APPROVED CONDITIONAL USE PERMIT, IN SUBSTANTIALLY THE ATTACHED FORM, FOR THE MIXED-USE DEVELOPMENT LOCATED AT 1255 NW 135TH STREET AND 1525 NW 135TH STREET TOTALING 27.67 ACRES, AND IDENTIFIED WITH MIAMI-DADE COUNTY F", "plain": "Multifamily special exception \u00b7 27.67 ac \u2014 at 1255 NW 135TH STREET, North Miami", "link": "https://www.northmiamifl.gov/AgendaCenter/ViewFile/Agenda/_06252026-490", "project_type": "special-exception", "multifamily": true, "address": "1255 NW 135TH STREET", "parcel": "06-2123-000-0050", "status": "heard", "first_seen": "2026-08-17", "units": null, "acres": 27.67, "score": 4}}, {"type": "Feature", "geometry": {"type": "Point", "coordinates": [-80.182878372257, 25.894757593898]}, "properties": {"id": "f9769518ac6d5da4", "source": "north-miami", "jurisdiction": "North Miami", "county": "Miami-Dade", "meeting_body": "Board of Adjustment", "meeting_date": "2026-06-17", "title": "NEW PETITIONS SE-10-25 \u2013 SPECIAL EXCEPTION REQUEST TO AUTHORIZE A VOCATIONAL SCHOOL AT THE PROPERTY LOCATED AT 12975 W DIXIE HIGHWAY, SPECIFICALLY IDENTIFIED WITH FOLIO NUMBER 06-2230-006-0560. A SPEC", "summary": "NEW PETITIONS SE-10-25 \u2013 SPECIAL EXCEPTION REQUEST TO AUTHORIZE A VOCATIONAL SCHOOL AT THE PROPERTY LOCATED AT 12975 W DIXIE HIGHWAY, SPECIFICALLY IDENTIFIED WITH FOLIO NUMBER 06-2230-006-0560. A SPECIAL EXCEPTION USE PURSUANT TO ARTICLE 4, DIVISION 2, SECTION 4-202 OF CHAPTER 29 OF THE CITY OF NORTH MIAMI CODE OF ORDINANCES, LAND DEVELOPMENT REGULATIONS (\u201cLDRS\u201d) TO AUTHORIZE THE PROPOSED VOCATION", "plain": "Special exception \u2014 at 12975 W DIXIE HIGHWAY, North Miami", "link": "https://www.northmiamifl.gov/AgendaCenter/ViewFile/Agenda/_06172026-486", "project_type": "special-exception", "multifamily": false, "address": "12975 W DIXIE HIGHWAY", "parcel": "06-2230-006-0560", "status": "heard", "first_seen": "2026-08-17", "units": null, "acres": null, "score": 0}}, {"type": "Feature", "geometry": {"type": "Point", "coordinates": [-80.182878372257, 25.894757593898]}, "properties": {"id": "bf0bbd10ecfd1bed", "source": "north-miami", "jurisdiction": "North Miami", "county": "Miami-Dade", "meeting_body": "Board of Adjustment", "meeting_date": "2026-06-17", "title": "NEW PETITIONS SE-10-25 \u2013 SPECIAL EXCEPTION REQUEST TO AUTHORIZE A VOCATIONAL SCHOOL AT THE PROPERTY LOCATED AT 12975 W DIXIE HIGHWAY, SPECIFICALLY IDENTIFIED WITH FOLIO NUMBER 06-2230-006-0560. A SPEC", "summary": "NEW PETITIONS SE-10-25 \u2013 SPECIAL EXCEPTION REQUEST TO AUTHORIZE A VOCATIONAL SCHOOL AT THE PROPERTY LOCATED AT 12975 W DIXIE HIGHWAY, SPECIFICALLY IDENTIFIED WITH FOLIO NUMBER 06-2230-006-0560. A SPECIAL EXCEPTION USE PURSUANT TO ARTICLE 4, DIVISION 2, SECTION 4-202 OF CHAPTER 29 OF THE CITY OF NORTH MIAMI CODE OF ORDINANCES, LAND DEVELOPMENT REGULATIONS (\u201cLDRS\u201d) TO AUTHORIZE THE PROPOSED VOCATION", "plain": "Special exception \u2014 at 12975 W DIXIE HIGHWAY, North Miami", "link": "https://www.northmiamifl.gov/AgendaCenter/ViewFile/Agenda/_06172026-487", "project_type": "special-exception", "multifamily": false, "address": "12975 W DIXIE HIGHWAY", "parcel": "06-2230-006-0560", "status": "heard", "first_seen": "2026-08-17", "units": null, "acres": null, "score": 0}}, {"type": "Feature", "geometry": {"type": "Point", "coordinates": [-80.212827827416, 25.883710821106]}, "properties": {"id": "7ce0650d6b88fad9", "source": "north-miami", "jurisdiction": "North Miami", "county": "Miami-Dade", "meeting_body": "Board of Adjustment", "meeting_date": "2026-06-17", "title": "Petitions: V-2-26: A VARIANCE TO ALLOW A CHECK CASHING STORE WITHIN 1,500 FEET OF A RESIDENTIAL USE OR ZONING DISTRICT \u2013 815 & 817 NW 119 ST A VARIANCE TO ARTICLE 5, DIVISION 16, SECTION 5-1602 OF CHA", "summary": "Petitions: V-2-26: A VARIANCE TO ALLOW A CHECK CASHING STORE WITHIN 1,500 FEET OF A RESIDENTIAL USE OR ZONING DISTRICT \u2013 815 & 817 NW 119 ST A VARIANCE TO ARTICLE 5, DIVISION 16, SECTION 5-1602 OF CHAPTER 29 OF THE CITY OF NORTH MIAMI CODE OF ORDINANCES, LAND DEVELOPMENT REGULATIONS (\u201cLDRS\u201d) TO ALLOW A PROPOSED CHECK CASHING STORE AT THE PROPERTY LOCATED AT 815 & 817 NW 119 STREET TO DEVIATE FROM ", "plain": "Variance \u2014 at 817 NW 119 ST, North Miami", "link": "https://www.northmiamifl.gov/AgendaCenter/ViewFile/Agenda/_06172026-487", "project_type": "variance", "multifamily": false, "address": "817 NW 119 ST", "parcel": null, "status": "heard", "first_seen": "2026-08-17", "units": null, "acres": null, "score": 0}}, {"type": "Feature", "geometry": {"type": "Point", "coordinates": [-80.182939989355, 25.890369412461]}, "properties": {"id": "4f5d4ac7d880ae09", "source": "north-miami", "jurisdiction": "North Miami", "county": "Miami-Dade", "meeting_body": "Board of Adjustment", "meeting_date": "2026-06-17", "title": "ADJOURNMENT Meeting adjourned at 7:29 PM Respectfully submitted: Attest: Michael McDearmaid, Chairperson Daniel Lozandier, Zoning Administrator Board of Adjustment Community Planning & Development Dep", "summary": "ADJOURNMENT Meeting adjourned at 7:29 PM Respectfully submitted: Attest: Michael McDearmaid, Chairperson Daniel Lozandier, Zoning Administrator Board of Adjustment Community Planning & Development Dept. Prepared by: Karla Zuniga Zoning Technician BOA Minutes March 18, 2026 Page 2 of 2 776 NE 125th Street, North Miami, Florida 33161 TO: Board of Adjustment FROM: Daniel Lozandier Zoning Administrato", "plain": "Special exception \u2014 at 2 776 NE 125th Street, North Miami", "link": "https://www.northmiamifl.gov/AgendaCenter/ViewFile/Agenda/_06172026-487", "project_type": "special-exception", "multifamily": false, "address": "2 776 NE 125th Street", "parcel": null, "status": "heard", "first_seen": "2026-08-17", "units": null, "acres": null, "score": 0}}, {"type": "Feature", "geometry": {"type": "Point", "coordinates": [-80.16776621336645, 25.889835188195015]}, "properties": {"id": "3eee87ece54090a7", "source": "north-miami", "jurisdiction": "North Miami", "county": "Miami-Dade", "meeting_body": "Board of Adjustment", "meeting_date": "2026-06-17", "title": "PROJECT OVERVIEW & STATEMENT OF OBJECTIVES The applicant, Palmetto Alfa Romeo Fiat, respectfully submits this Letter of Intent in support of its application for Special Exception, Site Plan approval, ", "summary": "PROJECT OVERVIEW & STATEMENT OF OBJECTIVES The applicant, Palmetto Alfa Romeo Fiat, respectfully submits this Letter of Intent in support of its application for Special Exception, Site Plan approval, and a variance from the minimum lot area requirement to develop a premier Automobile Retail Showroom at the four (4) contiguous parcels under Miami-Dade Folio Numbers 06-2229-045-0350; 06-2229-045-036", "plain": "Rezoning \u00b7 0.5 ac \u2014 parcel 06-2229-045-0350, North Miami", "link": "https://www.northmiamifl.gov/AgendaCenter/ViewFile/Agenda/_06172026-487", "project_type": "rezoning", "multifamily": false, "address": null, "parcel": "06-2229-045-0350", "status": "heard", "first_seen": "2026-08-17", "units": null, "acres": 0.5, "score": 1}}, {"type": "Feature", "geometry": {"type": "Point", "coordinates": [-80.16776621336645, 25.889835188195015]}, "properties": {"id": "494dafda50dfae6a", "source": "north-miami", "jurisdiction": "North Miami", "county": "Miami-Dade", "meeting_body": "Board of Adjustment", "meeting_date": "2026-06-17", "title": "LOT SIZE VARIANCE \u2014 JUSTIFICATION OF HARDSHIP The applicant respectfully requests a variance from Land Development Regulations \u00a7 4-202, which establishes a minimum lot area of one (1) acre for an Auto", "summary": "LOT SIZE VARIANCE \u2014 JUSTIFICATION OF HARDSHIP The applicant respectfully requests a variance from Land Development Regulations \u00a7 4-202, which establishes a minimum lot area of one (1) acre for an Automobile Retail Showroom use. The subject site contains 21,882 square feet (0.50 acres), consisting of four (4) contiguous parcels identified by Miami-Dade Folio Numbers 06-2229-045-0350, 06-2229-045-03", "plain": "Rezoning \u00b7 0.5 ac \u2014 parcel 06-2229-045-0350, North Miami", "link": "https://www.northmiamifl.gov/AgendaCenter/ViewFile/Agenda/_06172026-487", "project_type": "rezoning", "multifamily": false, "address": null, "parcel": "06-2229-045-0350", "status": "heard", "first_seen": "2026-08-17", "units": null, "acres": 0.5, "score": 1}}, {"type": "Feature", "geometry": {"type": "Point", "coordinates": [-80.199824201143, 25.890636285421]}, "properties": {"id": "65fd76802acf9042", "source": "north-miami", "jurisdiction": "North Miami", "county": "Miami-Dade", "meeting_body": "Board of Adjustment", "meeting_date": "2026-06-17", "title": "Conclusion Palmetto Alfa Romeo Fiat represents a sophisticated, low-impact redevelopment that strengthens the North Miami commercial corridor while creating local employment opportunities. The applica", "summary": "Conclusion Palmetto Alfa Romeo Fiat represents a sophisticated, low-impact redevelopment that strengthens the North Miami commercial corridor while creating local employment opportunities. The applicant commits to full compliance with all applicable federal, state, county, and local regulations, including proper licensing and adherence to the City Code in all operations. We respectfully request th", "plain": "Special exception \u2014 at 15 NE 126th Street, North Miami", "link": "https://www.northmiamifl.gov/AgendaCenter/ViewFile/Agenda/_06172026-487", "project_type": "special-exception", "multifamily": false, "address": "15 NE 126th Street", "parcel": null, "status": "heard", "first_seen": "2026-08-17", "units": null, "acres": null, "score": 0}}, {"type": "Feature", "geometry": {"type": "Point", "coordinates": [-80.161668298157, 25.910299739091]}, "properties": {"id": "50f13bf35326add1", "source": "north-miami", "jurisdiction": "North Miami", "county": "Miami-Dade", "meeting_body": "Planning Commission", "meeting_date": "2026-06-02", "title": "PUBLIC HEARING: PC: 17-123 A RESOLUTION OF THE MAYOR AND CITY COUNCIL OF THE CITY OF NORTH MIAMI, FLORIDA, APPROVING AN APPLICATION FOR A CONDITIONAL USE PERMIT, IN SUBSTANTIALLY THE ATTACHED FORM, FO", "summary": "PUBLIC HEARING: PC: 17-123 A RESOLUTION OF THE MAYOR AND CITY COUNCIL OF THE CITY OF NORTH MIAMI, FLORIDA, APPROVING AN APPLICATION FOR A CONDITIONAL USE PERMIT, IN SUBSTANTIALLY THE ATTACHED FORM, FOR A PROPOSED MIXED USE PROJECT CONSISTING OF A 14-STORY, 269-UNIT APARTMENT BUILDING WITH 4,526 SQUARE FEET OF GROUND FLOOR RETAIL SPACE, AN 8-STORY, 317-UNIT APARTMENT BUILDING, A 2-STORY, 14-UNIT TO", "plain": "Multifamily special exception \u00b7 269 units \u00b7 4.44 ac \u2014 at 1890 NE 146TH STREET, North Miami", "link": "https://www.northmiamifl.gov/AgendaCenter/ViewFile/Agenda/_06022026-485", "project_type": "special-exception", "multifamily": true, "address": "1890 NE 146TH STREET", "parcel": "06-2221-006-0100", "status": "heard", "first_seen": "2026-08-17", "units": 269, "acres": 4.44, "score": 6}}, {"type": "Feature", "geometry": {"type": "Point", "coordinates": [-80.2008555, 25.8844724]}, "properties": {"id": "2e659e1c8ef4edb5", "source": "north-miami", "jurisdiction": "North Miami", "county": "Miami-Dade", "meeting_body": "Planning Commission", "meeting_date": "2026-06-02", "title": "ADJOURNMENT: Meeting adjourned at 6:35 PM Respectfully submitted: Attest: Charles Ernst, Chair Debbie Love, AICP, Director Planning Commission Development Services Department Prepared by: Cyncia Raymo", "summary": "ADJOURNMENT: Meeting adjourned at 6:35 PM Respectfully submitted: Attest: Charles Ernst, Chair Debbie Love, AICP, Director Planning Commission Development Services Department Prepared by: Cyncia Raymond, Commission Secretary Development Services Department PC Minutes May 13, 2026 Page 2 of 2 Planning Commission Report 776 N.E. 125 Street, North Miami, Florida 33161 To: Planning Commission From: De", "plain": "Multifamily special exception \u00b7 269 units \u2014 at 125 Street, North Miami", "link": "https://www.northmiamifl.gov/AgendaCenter/ViewFile/Agenda/_06022026-485", "project_type": "special-exception", "multifamily": true, "address": "125 Street", "parcel": null, "status": "heard", "first_seen": "2026-08-17", "units": 269, "acres": null, "score": 5}}, {"type": "Feature", "geometry": {"type": "Point", "coordinates": [-80.2008555, 25.8844724]}, "properties": {"id": "11cf5d4ecda82410", "source": "north-miami", "jurisdiction": "North Miami", "county": "Miami-Dade", "meeting_body": "Planning Commission", "meeting_date": "2026-06-02", "title": "Conditional Use Permit (Exhibit 1) Page 7 of 8 Planning Commission Report 776 N.E. 125 Street, North Miami, Florida 33161", "summary": "Conditional Use Permit (Exhibit 1) Page 7 of 8 Planning Commission Report 776 N.E. 125 Street, North Miami, Florida 33161", "plain": "Special exception \u2014 at 125 Street, North Miami", "link": "https://www.northmiamifl.gov/AgendaCenter/ViewFile/Agenda/_06022026-485", "project_type": "special-exception", "multifamily": false, "address": "125 Street", "parcel": null, "status": "heard", "first_seen": "2026-08-17", "units": null, "acres": null, "score": 0}}, {"type": "Feature", "geometry": {"type": "Point", "coordinates": [-80.161668298157, 25.910299739091]}, "properties": {"id": "2f867858491bfa9f", "source": "north-miami", "jurisdiction": "North Miami", "county": "Miami-Dade", "meeting_body": "Planning Commission", "meeting_date": "2026-06-02", "title": "Traffic Impact Analysis by Kimley Horn Page 8 of 8 RESOLUTION NO. ___________ A RESOLUTION OF THE MAYOR AND CITY COUNCIL OF THE CITY OF NORTH MIAMI, FLORIDA, APPROVING AN APPLICATION FOR A CONDITIONAL", "summary": "Traffic Impact Analysis by Kimley Horn Page 8 of 8 RESOLUTION NO. ___________ A RESOLUTION OF THE MAYOR AND CITY COUNCIL OF THE CITY OF NORTH MIAMI, FLORIDA, APPROVING AN APPLICATION FOR A CONDITIONAL USE PERMIT, IN SUBSTANTIALLY THE ATTACHED FORM, FOR A PROPOSED MIXED USE PROJECT CONSISTING OF A 14- STORY, 269-UNIT APARTMENT BUILDING WITH 4,526 SQUARE FEET OF GROUND FLOOR RETAIL SPACE, AN 8-STORY", "plain": "Multifamily special exception \u00b7 269 units \u00b7 4.44 ac \u2014 at 1890 NE 146TH STREET, North Miami", "link": "https://www.northmiamifl.gov/AgendaCenter/ViewFile/Agenda/_06022026-485", "project_type": "special-exception", "multifamily": true, "address": "1890 NE 146TH STREET", "parcel": "06-2221-006-0130", "status": "heard", "first_seen": "2026-08-17", "units": 269, "acres": 4.44, "score": 6}}, {"type": "Feature", "geometry": {"type": "Point", "coordinates": [-80.182449213006, 25.889585524]}, "properties": {"id": "d3ee46a0e5db2332", "source": "north-miami", "jurisdiction": "North Miami", "county": "Miami-Dade", "meeting_body": "Planning Commission", "meeting_date": "2026-06-02", "title": "Sustainable Building Program: The Applicant shall integrate and maintain their proposed sustainable building commitments. Ethan B. Wasserman Tel 305.579.0784 wassermane@gtlaw.com Updated: May 22, 2026", "summary": "Sustainable Building Program: The Applicant shall integrate and maintain their proposed sustainable building commitments. Ethan B. Wasserman Tel 305.579.0784 wassermane@gtlaw.com Updated: May 22, 2026 VIA ELECTRONIC DELIVERY Debbie Love, AICP, Director Development Services Department City of North Miami 12400 NE 8th Avenue North Miami, FL 33161 Re: Letter of Intent for Conditional Use Permit (\u201cCUP", "plain": "Site plan \u2014 at 12400 NE 8th Avenue North, North Miami", "link": "https://www.northmiamifl.gov/AgendaCenter/ViewFile/Agenda/_06022026-485", "project_type": "site-plan", "multifamily": false, "address": "12400 NE 8th Avenue North", "parcel": "06-2221-006-0100", "status": "heard", "first_seen": "2026-08-17", "units": null, "acres": null, "score": 0}}, {"type": "Feature", "geometry": {"type": "Point", "coordinates": [-80.212827827416, 25.883710821106]}, "properties": {"id": "4fa5867d7fd326df", "source": "north-miami", "jurisdiction": "North Miami", "county": "Miami-Dade", "meeting_body": "Board of Adjustment", "meeting_date": "2026-05-20", "title": "NEW PETITIONS V-2-26: A VARIANCE TO ALLOW A CHECK CASHING STORE WITHIN 1,500 FEET OF A RESIDENTIAL USE OR ZONING DISTRICT \u2013 815 & 817 NW 119 ST A VARIANCE TO ARTICLE 5, DIVISION 16, SECTION 5-1602 OF ", "summary": "NEW PETITIONS V-2-26: A VARIANCE TO ALLOW A CHECK CASHING STORE WITHIN 1,500 FEET OF A RESIDENTIAL USE OR ZONING DISTRICT \u2013 815 & 817 NW 119 ST A VARIANCE TO ARTICLE 5, DIVISION 16, SECTION 5-1602 OF CHAPTER 29 OF THE CITY OF NORTH MIAMI CODE OF ORDINANCES, LAND DEVELOPMENT REGULATIONS (\u201cLDRS\u201d) TO ALLOW A PROPOSED CHECK CASHING STORE AT THE PROPERTY LOCATED AT 815 & 817 NW 119 STREET TO DEVIATE FR", "plain": "Variance \u2014 at 817 NW 119 ST, North Miami", "link": "https://www.northmiamifl.gov/AgendaCenter/ViewFile/Agenda/_05202026-482", "project_type": "variance", "multifamily": false, "address": "817 NW 119 ST", "parcel": null, "status": "heard", "first_seen": "2026-08-17", "units": null, "acres": null, "score": 0}}, {"type": "Feature", "geometry": {"type": "Point", "coordinates": [-80.142867386888, 25.952306382628]}, "properties": {"id": "4c9a8280ca2987a4", "source": "aventura", "jurisdiction": "Aventura", "county": "Miami-Dade", "meeting_body": "City Commission Meetings", "meeting_date": "2026-07-07", "title": "A RESOLUTION OF THE CITY COMMISSION OF THE CITY OF AVENTURA, FLORIDA, APPROVING A SIGN GRAPHICS VARIANCE UNDER SECTION 31- 191( M)( 7) FOR THE AVENTURA CITY CENTER MIXED - USE DEVELOPMENT LOCATED AT 2", "summary": "A RESOLUTION OF THE CITY COMMISSION OF THE CITY OF AVENTURA, FLORIDA, APPROVING A SIGN GRAPHICS VARIANCE UNDER SECTION 31- 191( M)( 7) FOR THE AVENTURA CITY CENTER MIXED - USE DEVELOPMENT LOCATED AT 2999 NE 191 ST; PROVIDING FOR IMPLEMENTATION AND PROVIDING AN EFFECTIVE DATE. The Quasi -Judicial procedures of the City shall be invoked for this item.", "plain": "Variance \u2014 at 2999 NE 191 ST, Aventura", "link": "https://www.cityofaventura.com/AgendaCenter/ViewFile/Agenda/_07072026-508", "project_type": "variance", "multifamily": false, "address": "2999 NE 191 ST", "parcel": null, "status": "heard", "first_seen": "2026-08-02", "units": null, "acres": null, "score": 0}}, {"type": "Feature", "geometry": {"type": "Point", "coordinates": [-80.1465958, 25.9643966]}, "properties": {"id": "f52453af18e7841f", "source": "aventura", "jurisdiction": "Aventura", "county": "Miami-Dade", "meeting_body": "City Commission Meetings", "meeting_date": "2026-07-07", "title": "AN ORDINANCE OF THE CITY OF AVENTURA, FLORIDA, AMENDING CHAPTER 31, LAND DEVELOPMENT REGULATIONS\" OF THE CITY CODE OF ORDINANCES BY AMENDING SECTION 31- 144( C), \" COMMUNITY BUSINESS ( B2) DISTRICT\", ", "summary": "AN ORDINANCE OF THE CITY OF AVENTURA, FLORIDA, AMENDING CHAPTER 31, LAND DEVELOPMENT REGULATIONS\" OF THE CITY CODE OF ORDINANCES BY AMENDING SECTION 31- 144( C), \" COMMUNITY BUSINESS ( B2) DISTRICT\", SUBSECTION 2), \" CONDITIONAL USE\", TO ESTABLISH HOSPITALS AS A CONDITIONAL USE WITHIN THE DISTRICT; PROVIDING FOR SEVERABILITY; PROVIDING FOR INCLUSION IN THE CODE; AND PROVIDING FOR AN EFFECTIVE DATE", "plain": "Special exception \u2014 at 200 S. Biscayne Blvd, Aventura", "link": "https://www.cityofaventura.com/AgendaCenter/ViewFile/Agenda/_07072026-508", "project_type": "special-exception", "multifamily": false, "address": "200 S. Biscayne Blvd", "parcel": null, "status": "heard", "first_seen": "2026-08-02", "units": null, "acres": null, "score": 0}}, {"type": "Feature", "geometry": {"type": "Point", "coordinates": [-80.144760268967, 25.96837543884]}, "properties": {"id": "ee29ac2815de9204", "source": "aventura", "jurisdiction": "Aventura", "county": "Miami-Dade", "meeting_body": "City Commission Meetings", "meeting_date": "2026-07-07", "title": "A RESOLUTION OF THE CITY COMMISSION OF THE CITY OF AVENTURA, FLORIDA, GRANTING CONDITIONAL USE APPROVAL, PURSUANT TO SECTION 31- 145( E)4 OF THE CITY CODE OF ORDINANCES: ( 1) TO PERMIT A DENSITY OF 69", "summary": "A RESOLUTION OF THE CITY COMMISSION OF THE CITY OF AVENTURA, FLORIDA, GRANTING CONDITIONAL USE APPROVAL, PURSUANT TO SECTION 31- 145( E)4 OF THE CITY CODE OF ORDINANCES: ( 1) TO PERMIT A DENSITY OF 69 DWELLING UNITS PER ACRE FOR A PROJECT PROVIDING HERO HOUSING UNITS, WHERE THE CITY CODE PERMITS 25; ( 2) TO PERMIT HEIGHTS UP TO 32 STORIES ( 367'), WHERE THE CITY CODE PERMITS 10 STORIES ( 100'); AN", "plain": "Multifamily special exception \u00b7 69 units \u2014 at 20807 BISCAYNE BOULEVARD, Aventura", "link": "https://www.cityofaventura.com/AgendaCenter/ViewFile/Agenda/_07072026-508", "project_type": "special-exception", "multifamily": true, "address": "20807 BISCAYNE BOULEVARD", "parcel": null, "status": "heard", "first_seen": "2026-08-02", "units": 69, "acres": null, "score": 4}}, {"type": "Feature", "geometry": {"type": "Point", "coordinates": [-80.142867386888, 25.952306382628]}, "properties": {"id": "f48d5cea77f886a8", "source": "aventura", "jurisdiction": "Aventura", "county": "Miami-Dade", "meeting_body": "City Commission Meetings", "meeting_date": "2026-07-07", "title": "The third request seeks a variance from Section 31- 191(j)( 2)a to authorize business identification wall signs on level 8 of the residential tower and level 6 of the hotel. Current regulations restri", "summary": "The third request seeks a variance from Section 31- 191(j)( 2)a to authorize business identification wall signs on level 8 of the residential tower and level 6 of the hotel. Current regulations restrict retail tenant signage exclusively to the ground or second floor of the establishment. BACKGROUND OWNER OF PROPERTY Aventura 2999 LLC APPLICANT Edward Abbo ADDRESS OF PROPERTY 2999 NE 191 Street Cit", "plain": "Land-use change \u2014 at 2999 NE 191 Street, Aventura", "link": "https://www.cityofaventura.com/AgendaCenter/ViewFile/Agenda/_07072026-508", "project_type": "land-use", "multifamily": false, "address": "2999 NE 191 Street", "parcel": null, "status": "heard", "first_seen": "2026-08-02", "units": null, "acres": null, "score": 1}}, {"type": "Feature", "geometry": {"type": "Point", "coordinates": [-80.142867386888, 25.952306382628]}, "properties": {"id": "86d23cf71e87061e", "source": "aventura", "jurisdiction": "Aventura", "county": "Miami-Dade", "meeting_body": "City Commission Meetings", "meeting_date": "2026-07-07", "title": "A RESOLUTION OF THE CITY COMMISSION OF THE CITY OF AVENTURA, FLORIDA, APPROVING A SIGN GRAPHICS VARIANCE UNDER SECTION 31- 191( M)( 7) FOR THE AVENTURA CITY CENTER MIXED - USE DEVELOPMENT LOCATED AT 2", "summary": "A RESOLUTION OF THE CITY COMMISSION OF THE CITY OF AVENTURA, FLORIDA, APPROVING A SIGN GRAPHICS VARIANCE UNDER SECTION 31- 191( M)( 7) FOR THE AVENTURA CITY CENTER MIXED - USE DEVELOPMENT LOCATED AT 2999 NE 191 ST; PROVIDING FOR IMPLEMENTATION AND PROVIDING AN EFFECTIVE DATE. The Quasi -Judicial procedures of the City shall be invoked for this item.", "plain": "Variance \u2014 at 2999 NE 191 ST, Aventura", "link": "https://www.cityofaventura.com/AgendaCenter/ViewFile/Agenda/_07072026-509", "project_type": "variance", "multifamily": false, "address": "2999 NE 191 ST", "parcel": null, "status": "heard", "first_seen": "2026-08-02", "units": null, "acres": null, "score": 0}}, {"type": "Feature", "geometry": {"type": "Point", "coordinates": [-80.144760268967, 25.96837543884]}, "properties": {"id": "be5cea66cc2a643a", "source": "aventura", "jurisdiction": "Aventura", "county": "Miami-Dade", "meeting_body": "City Commission Meetings", "meeting_date": "2026-07-07", "title": "A RESOLUTION OF THE CITY COMMISSION OF THE CITY OF AVENTURA, FLORIDA, GRANTING CONDITIONAL USE APPROVAL, PURSUANT TO SECTION 31- 145( E)4 OF THE CITY CODE OF ORDINANCES: ( 1) TO PERMIT A DENSITY OF 69", "summary": "A RESOLUTION OF THE CITY COMMISSION OF THE CITY OF AVENTURA, FLORIDA, GRANTING CONDITIONAL USE APPROVAL, PURSUANT TO SECTION 31- 145( E)4 OF THE CITY CODE OF ORDINANCES: ( 1) TO PERMIT A DENSITY OF 69 DWELLING UNITS PER ACRE FOR A PROJECT PROVIDING HERO HOUSING UNITS, WHERE THE CITY CODE PERMITS 25; ( 2) TO PERMIT HEIGHTS UP TO 32 STORIES ( 367'), WHERE THE CITY CODE PERMITS 10 STORIES ( 100'); AN", "plain": "Multifamily special exception \u00b7 69 units \u2014 at 20807 BISCAYNE BOULEVARD, Aventura", "link": "https://www.cityofaventura.com/AgendaCenter/ViewFile/Agenda/_07072026-509", "project_type": "special-exception", "multifamily": true, "address": "20807 BISCAYNE BOULEVARD", "parcel": null, "status": "heard", "first_seen": "2026-08-02", "units": 69, "acres": null, "score": 4}}, {"type": "Feature", "geometry": {"type": "Point", "coordinates": [-80.142867386888, 25.952306382628]}, "properties": {"id": "fcb0f4ee902095b8", "source": "aventura", "jurisdiction": "Aventura", "county": "Miami-Dade", "meeting_body": "City Commission Meetings", "meeting_date": "2026-07-07", "title": "The third request seeks a variance from Section 31- 191(j)( 2)a to authorize business identification wall signs on level 8 of the residential tower and level 6 of the hotel. Current regulations restri", "summary": "The third request seeks a variance from Section 31- 191(j)( 2)a to authorize business identification wall signs on level 8 of the residential tower and level 6 of the hotel. Current regulations restrict retail tenant signage exclusively to the ground or second floor of the establishment. BACKGROUND OWNER OF PROPERTY Aventura 2999 LLC APPLICANT Edward Abbo ADDRESS OF PROPERTY 2999 NE 191 Street Cit", "plain": "Land-use change \u2014 at 2999 NE 191 Street, Aventura", "link": "https://www.cityofaventura.com/AgendaCenter/ViewFile/Agenda/_07072026-509", "project_type": "land-use", "multifamily": false, "address": "2999 NE 191 Street", "parcel": null, "status": "heard", "first_seen": "2026-08-02", "units": null, "acres": null, "score": 1}}, {"type": "Feature", "geometry": {"type": "Point", "coordinates": [-80.144760268967, 25.96837543884]}, "properties": {"id": "baca3088c93bb5eb", "source": "aventura", "jurisdiction": "Aventura", "county": "Miami-Dade", "meeting_body": "City Commission Meetings", "meeting_date": "2026-06-02", "title": "A RESOLUTION OF THE CITY COMMISSION OF THE CITY OF AVENTURA, FLORIDA, GRANTING CONDITIONAL USE APPROVAL, PURSUANT TO SECTION 31- 145( E)4 OF THE CITY CODE OF ORDINANCES: ( 1) TO PERMIT A DENSITY OF 69", "summary": "A RESOLUTION OF THE CITY COMMISSION OF THE CITY OF AVENTURA, FLORIDA, GRANTING CONDITIONAL USE APPROVAL, PURSUANT TO SECTION 31- 145( E)4 OF THE CITY CODE OF ORDINANCES: ( 1) TO PERMIT A DENSITY OF 69 DWELLING UNITS PER ACRE FOR A PROJECT PROVIDING HERO HOUSING UNITS, WHERE THE CITY CODE PERMITS 25; ( 2) TO PERMIT HEIGHTS UP TO 32 STORIES ( 367'), WHERE THE CITY CODE PERMITS 10 STORIES ( 100'); AN", "plain": "Multifamily special exception \u00b7 69 units \u2014 at 20807 BISCAYNE BOULEVARD, Aventura", "link": "https://www.cityofaventura.com/AgendaCenter/ViewFile/Agenda/_06022026-504", "project_type": "special-exception", "multifamily": true, "address": "20807 BISCAYNE BOULEVARD", "parcel": null, "status": "heard", "first_seen": "2026-08-02", "units": 69, "acres": null, "score": 4}}, {"type": "Feature", "geometry": {"type": "Point", "coordinates": [-80.142867386888, 25.952306382628]}, "properties": {"id": "f51e71fef9269d3f", "source": "aventura", "jurisdiction": "Aventura", "county": "Miami-Dade", "meeting_body": "City Commission Meetings", "meeting_date": "2026-06-02", "title": "A RESOLUTION OF THE CITY COMMISSION OF THE CITY OF AVENTURA, FLORIDA, GRANTING CONDITIONAL USE APPROVAL, PURSUANT TO SECTION 31- 145( B) 3 OF THE CITY CODE OF ORDINANCES, ( 1) TO PERMIT A HOTEL; ( 2) ", "summary": "A RESOLUTION OF THE CITY COMMISSION OF THE CITY OF AVENTURA, FLORIDA, GRANTING CONDITIONAL USE APPROVAL, PURSUANT TO SECTION 31- 145( B) 3 OF THE CITY CODE OF ORDINANCES, ( 1) TO PERMIT A HOTEL; ( 2) TO PERMIT DENSITY OF 58 DWELLING UNITS PER ACRE FOR A PROJECT PROVIDING HERO HOUSING, WHERE THE CITY CODE PERMITS 25; ( 3) TO PERMIT HEIGHTS UP TO 23 STORIES ( 266') FOR A RESIDENTIAL TOWER AND 13 STO", "plain": "Multifamily special exception \u00b7 58 units \u2014 at 2999 NE 191 STREET, Aventura", "link": "https://www.cityofaventura.com/AgendaCenter/ViewFile/Agenda/_06022026-504", "project_type": "special-exception", "multifamily": true, "address": "2999 NE 191 STREET", "parcel": null, "status": "heard", "first_seen": "2026-08-02", "units": 58, "acres": null, "score": 4}}, {"type": "Feature", "geometry": {"type": "Point", "coordinates": [-80.1446, 25.9686792]}, "properties": {"id": "f336357d0cc4e534", "source": "aventura", "jurisdiction": "Aventura", "county": "Miami-Dade", "meeting_body": "City Commission Meetings", "meeting_date": "2026-06-02", "title": "Prior to receiving permits for any permanent structure, obtain Miami -Dade County Schools' issuance of a finding that School Concurrency has been met and pay applicable School Impact Fees. 6 I BERCCW ", "summary": "Prior to receiving permits for any permanent structure, obtain Miami -Dade County Schools' issuance of a finding that School Concurrency has been met and pay applicable School Impact Fees. 6 I BERCCW 11111] RADELL J FERNANDEZ May 21, 2026 LARKIN N TAPANES ZONING, LAND USE AND VIA ELECTRONIC MAIL ENVIRONMENTAL LAW 200 S. Biscayne Boulevard Mr. Keven Klopp Suite 300, Miami, FL 33131 Community Develo", "plain": "Special exception \u2014 at 200 S. Biscayne Boulevard, Aventura", "link": "https://www.cityofaventura.com/AgendaCenter/ViewFile/Agenda/_06022026-504", "project_type": "special-exception", "multifamily": false, "address": "200 S. Biscayne Boulevard", "parcel": null, "status": "heard", "first_seen": "2026-08-02", "units": null, "acres": null, "score": 0}}, {"type": "Feature", "geometry": {"type": "Point", "coordinates": [-80.144760268967, 25.96837543884]}, "properties": {"id": "5f699a5c177056f2", "source": "aventura", "jurisdiction": "Aventura", "county": "Miami-Dade", "meeting_body": "City Commission Meetings", "meeting_date": "2026-06-02", "title": "A RESOLUTION OF THE CITY COMMISSION OF THE CITY OF AVENTURA, FLORIDA, GRANTING CONDITIONAL USE APPROVAL, PURSUANT TO SECTION 31- 145( E)4 OF THE CITY CODE OF ORDINANCES: ( 1) TO PERMIT A DENSITY OF 69", "summary": "A RESOLUTION OF THE CITY COMMISSION OF THE CITY OF AVENTURA, FLORIDA, GRANTING CONDITIONAL USE APPROVAL, PURSUANT TO SECTION 31- 145( E)4 OF THE CITY CODE OF ORDINANCES: ( 1) TO PERMIT A DENSITY OF 69 DWELLING UNITS PER ACRE FOR A PROJECT PROVIDING HERO HOUSING UNITS, WHERE THE CITY CODE PERMITS 25; ( 2) TO PERMIT HEIGHTS UP TO 32 STORIES ( 367'), WHERE THE CITY CODE PERMITS 10 STORIES ( 100'); AN", "plain": "Multifamily special exception \u00b7 69 units \u2014 at 20807 BISCAYNE BOULEVARD, Aventura", "link": "https://www.cityofaventura.com/AgendaCenter/ViewFile/Agenda/_06022026-505", "project_type": "special-exception", "multifamily": true, "address": "20807 BISCAYNE BOULEVARD", "parcel": null, "status": "heard", "first_seen": "2026-08-02", "units": 69, "acres": null, "score": 4}}, {"type": "Feature", "geometry": {"type": "Point", "coordinates": [-80.142867386888, 25.952306382628]}, "properties": {"id": "86ff1f180f5106ea", "source": "aventura", "jurisdiction": "Aventura", "county": "Miami-Dade", "meeting_body": "City Commission Meetings", "meeting_date": "2026-06-02", "title": "A RESOLUTION OF THE CITY COMMISSION OF THE CITY OF AVENTURA, FLORIDA, GRANTING CONDITIONAL USE APPROVAL, PURSUANT TO SECTION 31- 145( B) 3 OF THE CITY CODE OF ORDINANCES, ( 1) TO PERMIT A HOTEL; ( 2) ", "summary": "A RESOLUTION OF THE CITY COMMISSION OF THE CITY OF AVENTURA, FLORIDA, GRANTING CONDITIONAL USE APPROVAL, PURSUANT TO SECTION 31- 145( B) 3 OF THE CITY CODE OF ORDINANCES, ( 1) TO PERMIT A HOTEL; ( 2) TO PERMIT DENSITY OF 58 DWELLING UNITS PER ACRE FOR A PROJECT PROVIDING HERO HOUSING, WHERE THE CITY CODE PERMITS 25; ( 3) TO PERMIT HEIGHTS UP TO 23 STORIES ( 266') FOR A RESIDENTIAL TOWER AND 13 STO", "plain": "Multifamily special exception \u00b7 58 units \u2014 at 2999 NE 191 STREET, Aventura", "link": "https://www.cityofaventura.com/AgendaCenter/ViewFile/Agenda/_06022026-505", "project_type": "special-exception", "multifamily": true, "address": "2999 NE 191 STREET", "parcel": null, "status": "heard", "first_seen": "2026-08-02", "units": 58, "acres": null, "score": 4}}, {"type": "Feature", "geometry": {"type": "Point", "coordinates": [-80.1505303, 25.974401]}, "properties": {"id": "d7b0e5ba641084b1", "source": "aventura", "jurisdiction": "Aventura", "county": "Miami-Dade", "meeting_body": "City Commission Meetings", "meeting_date": "2026-06-02", "title": "New High School Design and Site Plan Review ( City Manager): Mr. Pegues introduced the item. Jess Sowards, Principal Architect \u2014 Currie Sowards Aguila Architects, provided an overview of the presentat", "summary": "New High School Design and Site Plan Review ( City Manager): Mr. Pegues introduced the item. Jess Sowards, Principal Architect \u2014 Currie Sowards Aguila Architects, provided an overview of the presentation. Mo Arthur, Principal and K-12 Education Leader \u2014 DLR Group, reviewed the New Don Soffer High School for the City of Aventura Schematic Design dated May 7, 2026 as follows: Agenda, Site Plan ( Sit", "plain": "Site plan \u2014 at 213 St, Aventura", "link": "https://www.cityofaventura.com/AgendaCenter/ViewFile/Agenda/_06022026-505", "project_type": "site-plan", "multifamily": false, "address": "213 St", "parcel": null, "status": "heard", "first_seen": "2026-08-02", "units": null, "acres": null, "score": 0}}, {"type": "Feature", "geometry": {"type": "Point", "coordinates": [-80.1446, 25.9686792]}, "properties": {"id": "152f563d24ff17fe", "source": "aventura", "jurisdiction": "Aventura", "county": "Miami-Dade", "meeting_body": "City Commission Meetings", "meeting_date": "2026-06-02", "title": "Prior to receiving permits for any permanent structure, obtain Miami -Dade County Schools' issuance of a finding that School Concurrency has been met and pay applicable School Impact Fees. 6 I BERCCW ", "summary": "Prior to receiving permits for any permanent structure, obtain Miami -Dade County Schools' issuance of a finding that School Concurrency has been met and pay applicable School Impact Fees. 6 I BERCCW 11111] RADELL J FERNANDEZ May 21, 2026 LARKIN N TAPANES ZONING, LAND USE AND VIA ELECTRONIC MAIL ENVIRONMENTAL LAW 200 S. Biscayne Boulevard Mr. Keven Klopp Suite 300, Miami, FL 33131 Community Develo", "plain": "Special exception \u2014 at 200 S. Biscayne Boulevard, Aventura", "link": "https://www.cityofaventura.com/AgendaCenter/ViewFile/Agenda/_06022026-505", "project_type": "special-exception", "multifamily": false, "address": "200 S. Biscayne Boulevard", "parcel": null, "status": "heard", "first_seen": "2026-08-02", "units": null, "acres": null, "score": 0}}, {"type": "Feature", "geometry": {"type": "Point", "coordinates": [-82.1167894, 29.8587548]}, "properties": {"id": "6c8d3cb739219e0a", "source": "broward-county", "jurisdiction": "Broward County", "county": "Broward", "meeting_body": "County Commission", "meeting_date": "2026-08-20", "title": "MOTION TO APPROVE plat entitled Arbor Estates (028-UP-25). (Commission District 2)", "summary": "File #: 26-696 In control: QUASI-JUDICIAL HEARING Agenda Date: 8/20/2026 Final action: Title: MOTION TO APPROVE plat entitled Arbor Estates (028-UP-25). (Commission District 2) Attachments: 1. Exhibit 1 - Staff Report , 2. Exhibit 2 - Location Map , 3. Exhibit 3 - Housing and Urban Planning Memorandum , 4. Exhibit 4 - Highway Construction and Engineering Memorandum , 5. Exhibit 5 - Application His", "plain": "Plat / subdivision \u2014 at 43 Avenue, Broward County", "link": "https://broward.legistar.com/LegislationDetail.aspx?ID=8164515&GUID=FE4B3E13-5387-45A5-998A-E7B13D1DCB0C&G=9CC0A88F-9982-4209-A126-7C71741CABC2&Options=&Search=", "project_type": "plat", "multifamily": false, "address": "43 Avenue", "parcel": null, "status": "heard", "first_seen": "2026-08-07", "units": null, "acres": null, "score": 0}}, {"type": "Feature", "geometry": {"type": "Point", "coordinates": [-82.7355051, 29.2405204]}, "properties": {"id": "6bc510f8bed15c29", "source": "broward-county", "jurisdiction": "Broward County", "county": "Broward", "meeting_body": "County Commission", "meeting_date": "2026-08-20", "title": "MOTION TO APPROVE plat entitled Monroe Place (016-MP-25). (Commission District 6)", "summary": "File #: 26-700 In control: QUASI-JUDICIAL HEARING Agenda Date: 8/20/2026 Final action: Title: MOTION TO APPROVE plat entitled Monroe Place (016-MP-25). (Commission District 6) Attachments: 1. Exhibit 1 - Staff Report , 2. Exhibit 2 - Location Map , 3. Exhibit 3 - Planning Council Memorandum , 4. Exhibit 4 - Highway Construction and Engineering Memorandum , 5. Exhibit 5 - Application History (0) Te", "plain": "Plat / subdivision \u00b7 0.16 ac \u2014 at 20 Avenue, Broward County", "link": "https://broward.legistar.com/LegislationDetail.aspx?ID=8164517&GUID=42AFDEEA-A394-4B9A-9E9A-09DC5C2746FD&G=9CC0A88F-9982-4209-A126-7C71741CABC2&Options=&Search=", "project_type": "plat", "multifamily": false, "address": "20 Avenue", "parcel": null, "status": "heard", "first_seen": "2026-08-07", "units": null, "acres": 0.16, "score": 0}}, {"type": "Feature", "geometry": {"type": "Point", "coordinates": [-82.5098444, 29.335859]}, "properties": {"id": "aad939b1ea7c0198", "source": "broward-county", "jurisdiction": "Broward County", "county": "Broward", "meeting_body": "County Commission", "meeting_date": "2026-08-20", "title": "MOTION TO APPROVE plat entitled Racetrack Logistics (031-MP-25). (Commission District 8)", "summary": "File #: 26-753 In control: QUASI-JUDICIAL HEARING Agenda Date: 8/20/2026 Final action: Title: MOTION TO APPROVE plat entitled Racetrack Logistics (031-MP-25). (Commission District 8) Attachments: 1. Exhibit 1 - Staff Report , 2. Exhibit 2 - Location Map , 3. Exhibit 3 - Planning Council Memorandum , 4. Exhibit 4 - Highway Construction and Engineering Memorandum , 5. Exhibit 5 - Plat Application Hi", "plain": "Plat / subdivision \u00b7 87.71 ac \u2014 at 3 Street, Broward County", "link": "https://broward.legistar.com/LegislationDetail.aspx?ID=8164533&GUID=07A1C8FD-8729-4F43-BEB6-A84B917BABB4&G=9CC0A88F-9982-4209-A126-7C71741CABC2&Options=&Search=", "project_type": "plat", "multifamily": false, "address": "3 Street", "parcel": null, "status": "heard", "first_seen": "2026-08-07", "units": null, "acres": 87.71, "score": 1}}, {"type": "Feature", "geometry": {"type": "Point", "coordinates": [-82.866908, 29.4991966]}, "properties": {"id": "40945b6d9d85322b", "source": "broward-county", "jurisdiction": "Broward County", "county": "Broward", "meeting_body": "County Commission", "meeting_date": "2026-08-20", "title": "MOTION TO APPROVE plat entitled Oakland Park Estates (029-MP-25). (Commission District 8)", "summary": "File #: 26-757 In control: QUASI-JUDICIAL HEARING Agenda Date: 8/20/2026 Final action: Title: MOTION TO APPROVE plat entitled Oakland Park Estates (029-MP-25). (Commission District 8) Attachments: 1. Exhibit 1 - Staff Report , 2. Exhibit 2 - Location Map , 3. Exhibit 3 - Planning Council Memorandum , 4. Exhibit 4 - Highway Construction and Engineering Memorandum , 5. Exhibit 5 - Application Histor", "plain": "Plat / subdivision \u00b7 2.85 ac \u2014 at 21 Avenue, Broward County", "link": "https://broward.legistar.com/LegislationDetail.aspx?ID=8164535&GUID=E9C56098-F463-4674-B1D6-9FDC6DB69660&G=9CC0A88F-9982-4209-A126-7C71741CABC2&Options=&Search=", "project_type": "plat", "multifamily": false, "address": "21 Avenue", "parcel": null, "status": "heard", "first_seen": "2026-08-07", "units": null, "acres": 2.85, "score": 1}}, {"type": "Feature", "geometry": {"type": "Point", "coordinates": [-82.9585665, 29.5040731]}, "properties": {"id": "b1cc5995097559d9", "source": "broward-county", "jurisdiction": "Broward County", "county": "Broward", "meeting_body": "County Commission", "meeting_date": "2026-08-20", "title": "MOTION TO ADOPT Resolution of the Board of County Commissioners of Broward County, Florida, regarding Vacation Petition No. 2026-V-02; Vacating and Annulling a 25-foot-wide thoroughfare, a 20-foot-wide drainage easement, and a 12-foot-wide utility easement, all lying within Tract D of Pleasant Acres plat (Plat Book 131, Page 48); and providing for severability and an effective date. (Commission Di", "summary": "File #: 26-730 In control: PUBLIC HEARING Agenda Date: 8/20/2026 Final action: Title: MOTION TO ADOPT Resolution of the Board of County Commissioners of Broward County, Florida, regarding Vacation Petition No. 2026-V-02; Vacating and Annulling a 25-foot-wide thoroughfare, a 20-foot-wide drainage easement, and a 12-foot-wide utility easement, all lying within Tract D of Pleasant Acres plat (Plat Bo", "plain": "Plat / subdivision \u2014 at 111 Terrace, Broward County", "link": "https://broward.legistar.com/LegislationDetail.aspx?ID=8164525&GUID=AF46BA16-625A-4A14-8277-78AD47160847&G=9CC0A88F-9982-4209-A126-7C71741CABC2&Options=&Search=", "project_type": "plat", "multifamily": false, "address": "111 Terrace", "parcel": null, "status": "heard", "first_seen": "2026-08-07", "units": null, "acres": null, "score": 0}}, {"type": "Feature", "geometry": {"type": "Point", "coordinates": [-82.2796571, 29.7255526]}, "properties": {"id": "5becb6e4f01c79a3", "source": "broward-county", "jurisdiction": "Broward County", "county": "Broward", "meeting_body": "County Commission", "meeting_date": "2026-08-20", "title": "MOTION TO ADOPT Resolution of the Board of County Commissioners of Broward County, Florida, regarding Vacation Petition No. 2025-V-09; Vacating and Annulling a 15-foot-wide utility easement lying within the Paradise Properties plat (Plat Book 158 Page 7); and providing for severability and an effective date. (Commission District 1)", "summary": "File #: 26-732 In control: PUBLIC HEARING Agenda Date: 8/20/2026 Final action: Title: MOTION TO ADOPT Resolution of the Board of County Commissioners of Broward County, Florida, regarding Vacation Petition No. 2025-V-09; Vacating and Annulling a 15-foot-wide utility easement lying within the Paradise Properties plat (Plat Book 158 Page 7); and providing for severability and an effective date. (Com", "plain": "Plat / subdivision \u2014 at 36 Street, Broward County", "link": "https://broward.legistar.com/LegislationDetail.aspx?ID=8164526&GUID=81ABD74F-63D9-4FC0-93F3-413741B0D830&G=9CC0A88F-9982-4209-A126-7C71741CABC2&Options=&Search=", "project_type": "plat", "multifamily": false, "address": "36 Street", "parcel": null, "status": "heard", "first_seen": "2026-08-07", "units": null, "acres": null, "score": 0}}, {"type": "Feature", "geometry": {"type": "Point", "coordinates": [-82.0024569, 29.0171108]}, "properties": {"id": "a3c77fdc7b204569", "source": "broward-county", "jurisdiction": "Broward County", "county": "Broward", "meeting_body": "County Commission", "meeting_date": "2026-08-20", "title": "MOTION TO ADOPT Resolution of the Board of County Commissioners of Broward County, Florida, regarding Vacation Petition No. 2026-V-03; Vacating and Annulling a ten-foot-wide utility easement lying within Parcel B of The Ben Ash Plat (Plat Book 124, Page 15) and two 12-foot-wide drainage easements lying within Parcel A of the Sunrise Financial Center plat (Plat Book 119, Page 48); and providing for", "summary": "File #: 26-749 In control: PUBLIC HEARING Agenda Date: 8/20/2026 Final action: Title: MOTION TO ADOPT Resolution of the Board of County Commissioners of Broward County, Florida, regarding Vacation Petition No. 2026-V-03; Vacating and Annulling a ten-foot-wide utility easement lying within Parcel B of The Ben Ash Plat (Plat Book 124, Page 15) and two 12-foot-wide drainage easements lying within Par", "plain": "Plat / subdivision \u2014 at 90 Terrace, Broward County", "link": "https://broward.legistar.com/LegislationDetail.aspx?ID=8164531&GUID=A0A5AB2D-E763-4171-AEE9-61FDCE1F76FE&G=9CC0A88F-9982-4209-A126-7C71741CABC2&Options=&Search=", "project_type": "plat", "multifamily": false, "address": "90 Terrace", "parcel": null, "status": "heard", "first_seen": "2026-08-07", "units": null, "acres": null, "score": 0}}, {"type": "Feature", "geometry": {"type": "Point", "coordinates": [-82.5779752, 27.4534633]}, "properties": {"id": "4421935053729e60", "source": "broward-county", "jurisdiction": "Broward County", "county": "Broward", "meeting_body": "County Commission", "meeting_date": "2026-05-26", "title": "MOTION TO APPROVE plat entitled Residences at Foxcroft Cove (005-MP-26). (Commission District 7)", "summary": "File #: 26-448 In control: QUASI-JUDICIAL HEARING Agenda Date: 5/26/2026 Final action: 5/26/2026 Title: MOTION TO APPROVE plat entitled Residences at Foxcroft Cove (005-MP-26). (Commission District 7) Attachments: 1. Exhibit 1 - Staff Report , 2. Exhibit 2 - Location Map , 3. Exhibit 3 - Planning Council Memorandum , 4. Exhibit 4 - Highway Construction and Engineering Memorandum , 5. Exhibit 5 - A", "plain": "Plat / subdivision \u00b7 84 units \u00b7 2.13 ac \u2014 at 89 Street, Broward County", "link": "https://broward.legistar.com/LegislationDetail.aspx?ID=8030353&GUID=DC7B517C-B649-4954-B0CC-3988C39B7BE0&G=9CC0A88F-9982-4209-A126-7C71741CABC2&Options=&Search=", "project_type": "plat", "multifamily": false, "address": "89 Street", "parcel": null, "status": "heard", "first_seen": "2026-07-06", "units": 84, "acres": 2.13, "score": 2}}, {"type": "Feature", "geometry": {"type": "Point", "coordinates": [-82.4821092, 29.2927597]}, "properties": {"id": "5d8660873a202719", "source": "broward-county", "jurisdiction": "Broward County", "county": "Broward", "meeting_body": "County Commission", "meeting_date": "2026-05-26", "title": "MOTION TO APPROVE plat note amendment to Miramar Park of Commerce Phase VI plat (035-MP-07). (Commission District 7)", "summary": "File #: 26-457 In control: QUASI-JUDICIAL HEARING Agenda Date: 5/26/2026 Final action: 5/26/2026 Title: MOTION TO APPROVE plat note amendment to Miramar Park of Commerce Phase VI plat (035-MP-07). (Commission District 7) Attachments: 1. Exhibit 1 - Staff Report , 2. Exhibit 2 - Location Map , 3. Exhibit 3 - Planning Council , 4. Exhibit 4 - Application History (0) Text 0 records Date Action\u00a0By Act", "plain": "Plat / subdivision \u00b7 140.96 ac \u2014 at 25 Street, Broward County", "link": "https://broward.legistar.com/LegislationDetail.aspx?ID=8030354&GUID=4F89304B-AA10-42B8-B2F3-4403149E1FA7&G=9CC0A88F-9982-4209-A126-7C71741CABC2&Options=&Search=", "project_type": "plat", "multifamily": false, "address": "25 Street", "parcel": null, "status": "heard", "first_seen": "2026-07-06", "units": null, "acres": 140.96, "score": 1}}, {"type": "Feature", "geometry": {"type": "Point", "coordinates": [-82.4821092, 29.2927597]}, "properties": {"id": "47316499803007f0", "source": "broward-county", "jurisdiction": "Broward County", "county": "Broward", "meeting_body": "County Commission", "meeting_date": "2026-05-26", "title": "MOTION TO APPROVE non-vehicular access line amendment on Miramar Park of Commerce Phase VI plat (035-MP-07). (Commission District 7)", "summary": "File #: 26-458 In control: QUASI-JUDICIAL HEARING Agenda Date: 5/26/2026 Final action: 5/26/2026 Title: MOTION TO APPROVE non-vehicular access line amendment on Miramar Park of Commerce Phase VI plat (035-MP-07). (Commission District 7) Attachments: 1. Exhibit 1 - Staff Report , 2. Exhibit 2 - Location Map , 3. Exhibit 3 - Application , 4. Exhibit 4 - Highway Construction and Engineering Memorandu", "plain": "Plat / subdivision \u00b7 140.96 ac \u2014 at 25 Street, Broward County", "link": "https://broward.legistar.com/LegislationDetail.aspx?ID=8030355&GUID=64224056-FC11-4B53-9C59-331E066D34B8&G=9CC0A88F-9982-4209-A126-7C71741CABC2&Options=&Search=", "project_type": "plat", "multifamily": false, "address": "25 Street", "parcel": null, "status": "heard", "first_seen": "2026-07-06", "units": null, "acres": 140.96, "score": 1}}, {"type": "Feature", "geometry": {"type": "Point", "coordinates": [-80.3266446, 25.7681446]}, "properties": {"id": "9f972407e18228d1", "source": "broward-county", "jurisdiction": "Broward County", "county": "Broward", "meeting_body": "County Commission", "meeting_date": "2026-05-26", "title": "MOTION TO APPROVE modification to previously approved condition for Replat of Portion of West Broward Industrial Park (068-MP-93). (Commission District 1)", "summary": "File #: 26-461 In control: QUASI-JUDICIAL HEARING Agenda Date: 5/26/2026 Final action: 5/26/2026 Title: MOTION TO APPROVE modification to previously approved condition for Replat of Portion of West Broward Industrial Park (068-MP-93). (Commission District 1) Attachments: 1. Exhibit 1 - Staff Report , 2. Exhibit 2 - Location Map , 3. Exhibit 3 - Application , 4. Exhibit 4 - Highway Construction and", "plain": "Plat / subdivision \u00b7 171 ac \u2014 at 196 Avenue, Broward County", "link": "https://broward.legistar.com/LegislationDetail.aspx?ID=8030356&GUID=629546D5-9F8D-4E82-8C83-DAE090C017C7&G=9CC0A88F-9982-4209-A126-7C71741CABC2&Options=&Search=", "project_type": "plat", "multifamily": false, "address": "196 Avenue", "parcel": null, "status": "heard", "first_seen": "2026-07-06", "units": null, "acres": 171.0, "score": 1}}, {"type": "Feature", "geometry": {"type": "Point", "coordinates": [-82.1309651, 29.1586289]}, "properties": {"id": "cfa4ccb7f19d9795", "source": "broward-county", "jurisdiction": "Broward County", "county": "Broward", "meeting_body": "County Commission", "meeting_date": "2026-05-12", "title": "MOTION TO ADOPT Resolution, the title of which is as follows: (Commission District 8)\r\n\r\nA RESOLUTION OF THE BOARD OF COUNTY COMMISSIONERS OF BROWARD COUNTY, FLORIDA, PURSUANT TO SECTION 125.045, FLORIDA STATUTES, APPROVING THE CONVEYANCE OF COUNTY-OWNED LAND TO FRANCES M. MERRICKS, FOR DESIGN, CONSTRUCTION, AND MAINTENANCE OF A MIXED-USE DEVELOPMENT FOR ECONOMIC DEVELOPMENT; AUTHORIZING THE MAYOR", "summary": "File #: 26-372 In control: Broward Municipal Services District Agenda Date: 5/12/2026 Final action: 5/12/2026 Title: MOTION TO ADOPT Resolution, the title of which is as follows: (Commission District 8)\n\nA RESOLUTION OF THE BOARD OF COUNTY COMMISSIONERS OF BROWARD COUNTY, FLORIDA, PURSUANT TO SECTION 125.045, FLORIDA STATUTES, APPROVING THE CONVEYANCE OF COUNTY-OWNED LAND TO FRANCES M. MERRICKS, F", "plain": "Multifamily development item \u00b7 39 units \u2014 at 27 Avenue, Broward County", "link": "https://broward.legistar.com/LegislationDetail.aspx?ID=7999754&GUID=73B54797-ABC1-4DC6-B4A8-94710766052D&G=9CC0A88F-9982-4209-A126-7C71741CABC2&Options=&Search=", "project_type": "other-development", "multifamily": true, "address": "27 Avenue", "parcel": null, "status": "heard", "first_seen": "2026-07-06", "units": 39, "acres": null, "score": 4}}, {"type": "Feature", "geometry": {"type": "Point", "coordinates": [-80.3536966, 27.4937009]}, "properties": {"id": "69adb4b9deae5187", "source": "broward-county", "jurisdiction": "Broward County", "county": "Broward", "meeting_body": "County Commission", "meeting_date": "2026-05-12", "title": "MOTION TO APPROVE plat note amendment to Fire Station 61 (002-MP-16). (Commission District 4)", "summary": "File #: 26-334 In control: QUASI-JUDICIAL HEARING Agenda Date: 5/12/2026 Final action: 5/12/2026 Title: MOTION TO APPROVE plat note amendment to Fire Station 61 (002-MP-16). (Commission District 4) Attachments: 1. Exhibit 1 - Staff Report , 2. Exhibit 2 - Location Map , 3. Exhibit 3 - Planning Council Memorandum , 4. Exhibit 4 - Application History (0) Text 0 records Date Action\u00a0By Action Result A", "plain": "Plat / subdivision \u00b7 9.2 ac \u2014 at 3 Avenue, Broward County", "link": "https://broward.legistar.com/LegislationDetail.aspx?ID=7999747&GUID=F565A51B-A4F2-48F4-AC47-855FA02CA3B1&G=9CC0A88F-9982-4209-A126-7C71741CABC2&Options=&Search=", "project_type": "plat", "multifamily": false, "address": "3 Avenue", "parcel": null, "status": "heard", "first_seen": "2026-07-06", "units": null, "acres": 9.2, "score": 1}}, {"type": "Feature", "geometry": {"type": "Point", "coordinates": [-80.4513793, 25.5116035]}, "properties": {"id": "93be331586cd0733", "source": "broward-county", "jurisdiction": "Broward County", "county": "Broward", "meeting_body": "County Commission", "meeting_date": "2026-05-12", "title": "MOTION TO APPROVE plat entitled Isla Estates (030-MP-25). (Commission District 5)", "summary": "File #: 26-338 In control: QUASI-JUDICIAL HEARING Agenda Date: 5/12/2026 Final action: 5/12/2026 Title: MOTION TO APPROVE plat entitled Isla Estates (030-MP-25). (Commission District 5) Attachments: 1. Exhibit 1 - Staff Report , 2. Exhibit 2 - Location Map , 3. Exhibit 3 - Planning Council Memorandum , 4. Exhibit 4 - Highway Construction and Engineering Memorandum , 5. Exhibit 5 - Plat Application", "plain": "Plat / subdivision \u00b7 4.03 ac \u2014 at 160 Avenue, Broward County", "link": "https://broward.legistar.com/LegislationDetail.aspx?ID=7999748&GUID=44BF5B12-FE32-462D-BEB6-8953DFA14BD0&G=9CC0A88F-9982-4209-A126-7C71741CABC2&Options=&Search=", "project_type": "plat", "multifamily": false, "address": "160 Avenue", "parcel": null, "status": "heard", "first_seen": "2026-07-06", "units": null, "acres": 4.03, "score": 1}}, {"type": "Feature", "geometry": {"type": "Point", "coordinates": [-80.9849123, 29.1277558]}, "properties": {"id": "335c5a148625a153", "source": "broward-county", "jurisdiction": "Broward County", "county": "Broward", "meeting_body": "County Commission", "meeting_date": "2026-04-14", "title": "MOTION TO APPROVE plat note amendment to Chapel Trail II plat (033-MP-81). (Commission District 1)", "summary": "File #: 26-042 In control: QUASI-JUDICIAL HEARING Agenda Date: 4/14/2026 Final action: 4/14/2026 Title: MOTION TO APPROVE plat note amendment to Chapel Trail II plat (033-MP-81). (Commission District 1) Attachments: 1. Exhibit 1 - Staff Report , 2. Exhibit 2 - Location Map , 3. Exhibit 3 - Planning Council , 4. Exhibit 4 - Application History (0) Text 0 records Date Action\u00a0By Action Result Action\u00a0", "plain": "Plat / subdivision \u00b7 352 units \u00b7 2.27 ac \u2014 at 184 Avenue, Broward County", "link": "https://broward.legistar.com/LegislationDetail.aspx?ID=7970702&GUID=A89E7AC8-ACCC-455A-B499-85EB829BA46B&G=9CC0A88F-9982-4209-A126-7C71741CABC2&Options=&Search=", "project_type": "plat", "multifamily": false, "address": "184 Avenue", "parcel": null, "status": "heard", "first_seen": "2026-07-06", "units": 352, "acres": 2.27, "score": 3}}, {"type": "Feature", "geometry": {"type": "Point", "coordinates": [-81.3168934, 28.4805163]}, "properties": {"id": "a624ca9f50f36807", "source": "broward-county", "jurisdiction": "Broward County", "county": "Broward", "meeting_body": "County Commission", "meeting_date": "2026-04-14", "title": "MOTION TO APPROVE plat entitled ELRO (024-MP-25). (Commission Districts 4 and 8)", "summary": "File #: 26-226 In control: QUASI-JUDICIAL HEARING Agenda Date: 4/14/2026 Final action: 4/14/2026 Title: MOTION TO APPROVE plat entitled ELRO (024-MP-25). (Commission Districts 4 and 8) Attachments: 1. Exhibit 1 - Staff Report , 2. Exhibit 2 - Location Map , 3. Exhibit 3 - Planning Council Memorandum , 4. Exhibit 4 - Highway Construction and Engineering Memorandum , 5. Exhibit 5 - Application Histo", "plain": "Plat / subdivision \u00b7 0.69 ac \u2014 at 15 Avenue, Broward County", "link": "https://broward.legistar.com/LegislationDetail.aspx?ID=7970721&GUID=CD7CCBF6-0AAC-4308-876E-88F014458395&G=9CC0A88F-9982-4209-A126-7C71741CABC2&Options=&Search=", "project_type": "plat", "multifamily": false, "address": "15 Avenue", "parcel": null, "status": "heard", "first_seen": "2026-07-06", "units": null, "acres": 0.69, "score": 0}}, {"type": "Feature", "geometry": {"type": "Point", "coordinates": [-82.5779752, 27.4534633]}, "properties": {"id": "d66a2380d24a878b", "source": "broward-county", "jurisdiction": "Broward County", "county": "Broward", "meeting_body": "County Commission", "meeting_date": "2026-04-14", "title": "MOTION TO APPROVE plat entitled Cove at Fort Lauderdale (009-MP-25). (Commission District 4)", "summary": "File #: 26-237 In control: QUASI-JUDICIAL HEARING Agenda Date: 4/14/2026 Final action: 4/14/2026 Title: MOTION TO APPROVE plat entitled Cove at Fort Lauderdale (009-MP-25). (Commission District 4) Attachments: 1. Exhibit 1 - Staff Report , 2. Exhibit 2 - Location Map , 3. Exhibit 3 - Planning Council Memorandum , 4. Exhibit 4 - Highway Construction and Engineering Memorandum , 5. Exhibit 5 - Plat ", "plain": "Plat / subdivision \u00b7 2.81 ac \u2014 at 13 Street, Broward County", "link": "https://broward.legistar.com/LegislationDetail.aspx?ID=7970725&GUID=0A96625B-B7A1-4D58-BCE7-FD144152759D&G=9CC0A88F-9982-4209-A126-7C71741CABC2&Options=&Search=", "project_type": "plat", "multifamily": false, "address": "13 Street", "parcel": null, "status": "heard", "first_seen": "2026-07-06", "units": null, "acres": 2.81, "score": 1}}, {"type": "Feature", "geometry": {"type": "Point", "coordinates": [-82.252713, 30.0018037]}, "properties": {"id": "6b0f31248f7b912a", "source": "broward-county", "jurisdiction": "Broward County", "county": "Broward", "meeting_body": "County Commission", "meeting_date": "2026-04-14", "title": "MOTION TO APPROVE plat entitled G & T Retreat (010-MP-25). (Commission District 5)", "summary": "File #: 26-238 In control: QUASI-JUDICIAL HEARING Agenda Date: 4/14/2026 Final action: 4/14/2026 Title: MOTION TO APPROVE plat entitled G & T Retreat (010-MP-25). (Commission District 5) Attachments: 1. Exhibit 1 - Staff Report , 2. Exhibit 2 - Location Map , 3. Exhibit 3 - Planning Council Memorandum , 4. Exhibit 4 - Highway Construction and Engineering Memorandum , 5. Exhibit 5 - Plat Applicatio", "plain": "Plat / subdivision \u00b7 4.7 ac \u2014 at 124 Avenue, Broward County", "link": "https://broward.legistar.com/LegislationDetail.aspx?ID=7970726&GUID=B4C5F465-AF79-4A5C-905C-A6AE0A79F0EE&G=9CC0A88F-9982-4209-A126-7C71741CABC2&Options=&Search=", "project_type": "plat", "multifamily": false, "address": "124 Avenue", "parcel": null, "status": "heard", "first_seen": "2026-07-06", "units": null, "acres": 4.7, "score": 1}}, {"type": "Feature", "geometry": {"type": "Point", "coordinates": [-80.137761583409, 26.203841032297]}, "properties": {"id": "0490ff44d0111cca", "source": "fort-lauderdale", "jurisdiction": "Fort Lauderdale", "county": "Broward", "meeting_body": "City Commission Regular Meeting", "meeting_date": "2026-08-18", "title": "Resolution Approving an Affordable-Workforce Housing Tax Reimbursement Incentive Application and Workforce Housing Incentive Agreement - Affiliated Development, LLC. - The Cypress - 400 Corporate Drive - Case Number UDP-AWHTR-26001 - (Commission District 1)", "summary": "", "plain": "Multifamily development item \u2014 at 400 Corporate Drive, Fort Lauderdale", "link": "https://fortlauderdale.legistar.com/LegislationDetail.aspx?ID=8170775&GUID=7DC0C575-36AE-4398-9F73-7750316A0131&G=F11871F6-88F5-40B5-BD94-B6711694F9A7&Options=&Search=", "project_type": "other-development", "multifamily": true, "address": "400 Corporate Drive", "parcel": null, "status": "heard", "first_seen": "2026-08-14", "units": null, "acres": null, "score": 3}}, {"type": "Feature", "geometry": {"type": "Point", "coordinates": [-80.137780146214, 26.133514517081]}, "properties": {"id": "cbc1032d2416816d", "source": "fort-lauderdale", "jurisdiction": "Fort Lauderdale", "county": "Broward", "meeting_body": "City Commission Regular Meeting", "meeting_date": "2026-08-18", "title": "Quasi-Judicial Resolution Approving a Site Plan Level II Development Permit for a Site Redevelopment with an Alternative Design Request - ACS Flagler, LLC. - Shader Retail - 801 N Federal Highway - Case No. UDP-A25019 - (Commission District 2)\n\nAnyone wishing to speak must be sworn in.  The Commission will announce any site visits, communications or expert opinions received and make them part of t", "summary": "", "plain": "Site plan \u2014 at 801 N Federal Highway, Fort Lauderdale", "link": "https://fortlauderdale.legistar.com/LegislationDetail.aspx?ID=8170785&GUID=D58327B8-659D-4D72-9783-D92C443EC75A&G=F11871F6-88F5-40B5-BD94-B6711694F9A7&Options=&Search=", "project_type": "site-plan", "multifamily": false, "address": "801 N Federal Highway", "parcel": null, "status": "heard", "first_seen": "2026-08-14", "units": null, "acres": null, "score": 0}}, {"type": "Feature", "geometry": {"type": "Point", "coordinates": [-80.152511223032, 26.12832631584]}, "properties": {"id": "90f448ac0ecf6bca", "source": "fort-lauderdale", "jurisdiction": "Fort Lauderdale", "county": "Broward", "meeting_body": "City Commission Regular Meeting", "meeting_date": "2026-07-02", "title": "Second Reading - Quasi-Judicial Ordinance Approving a Rezoning from Residential Multifamily Mid-Rise/Medium-High Density (RMM-25) District to Northwest Regional Activity Center-Mixed-Use West (NWRAC-MUw) District - Case No. UDP-Z26002 - 538 NW 8 Avenue and 537 NW 7 Terrace - (Commission District 3)\r\n\r\nAnyone wishing to speak must be sworn in.  The Commission will announce any site visits, communic", "summary": "", "plain": "Multifamily rezoning \u2014 at 538 NW 8 Avenue, Fort Lauderdale", "link": "https://fortlauderdale.legistar.com/LegislationDetail.aspx?ID=8121146&GUID=6B199FBC-CB33-4A61-980C-CAF5CB137AE2&G=F11871F6-88F5-40B5-BD94-B6711694F9A7&Options=&Search=", "project_type": "rezoning", "multifamily": true, "address": "538 NW 8 Avenue", "parcel": null, "status": "heard", "first_seen": "2026-07-06", "units": null, "acres": null, "score": 4}}, {"type": "Feature", "geometry": {"type": "Point", "coordinates": [-80.150922562882, 26.136329508648]}, "properties": {"id": "22d4a148ed8913bf", "source": "fort-lauderdale", "jurisdiction": "Fort Lauderdale", "county": "Broward", "meeting_body": "City Commission Regular Meeting", "meeting_date": "2026-06-16", "title": "Quasi-Judicial Resolution Approving an Amendment to a Site Plan Level IV Development Permit - 920 NW 7 Avenue - Broward County Board of County Commissioners - Broward County Central Homeless Assistance Center - Case No. UDP-A26023 - (Commission District 2)\r\n\r\nAnyone wishing to speak must be sworn in.  The Commission will announce any site visits, communications or expert opinions received and make", "summary": "", "plain": "Site plan \u2014 at 920 NW 7 Avenue, Fort Lauderdale", "link": "https://fortlauderdale.legistar.com/LegislationDetail.aspx?ID=8068493&GUID=909DB8D5-DB65-49C3-A5A9-2FC4CC8FED1C&G=F11871F6-88F5-40B5-BD94-B6711694F9A7&Options=&Search=", "project_type": "site-plan", "multifamily": false, "address": "920 NW 7 Avenue", "parcel": null, "status": "heard", "first_seen": "2026-07-06", "units": null, "acres": null, "score": 0}}, {"type": "Feature", "geometry": {"type": "Point", "coordinates": [-80.143568735767, 26.122465337058]}, "properties": {"id": "b1ecfbe4535f6547", "source": "fort-lauderdale", "jurisdiction": "Fort Lauderdale", "county": "Broward", "meeting_body": "City Commission Regular Meeting", "meeting_date": "2026-06-16", "title": "Quasi-Judicial Resolution Approving a Site Plan Level II Development Permit with allocation of flex units and Alternate Design Requests in the Downtown Regional Activity Center - 11 N Andrews Avenue - Bachow Fam OZ Fund, LLC. - Case No. UDP-S25053 - (Commission District 2)\n\nAnyone wishing to speak must be sworn in.  The Commission will announce any site visits, communications or expert opinions re", "summary": "", "plain": "Site plan \u2014 at 11 N Andrews Avenue, Fort Lauderdale", "link": "https://fortlauderdale.legistar.com/LegislationDetail.aspx?ID=8068502&GUID=1E118BFC-B0D7-44A8-891E-1C887D90587F&G=F11871F6-88F5-40B5-BD94-B6711694F9A7&Options=&Search=", "project_type": "site-plan", "multifamily": false, "address": "11 N Andrews Avenue", "parcel": null, "status": "heard", "first_seen": "2026-07-06", "units": null, "acres": null, "score": 0}}, {"type": "Feature", "geometry": {"type": "Point", "coordinates": [-80.152511223032, 26.12832631584]}, "properties": {"id": "99983900e3a1e65a", "source": "fort-lauderdale", "jurisdiction": "Fort Lauderdale", "county": "Broward", "meeting_body": "City Commission Regular Meeting", "meeting_date": "2026-06-16", "title": "Public Hearing - Quasi-Judicial Ordinance Approving a Rezoning from Residential Multifamily Mid-Rise/Medium-High Density (RMM-25) District to Northwest Regional Activity Center-Mixed-Use West (NWRAC-MUw) District - Case No. UDP-Z26002 - 538 NW 8 Avenue and 537 NW 7 Terrace - (Commission District 3)\n\nAnyone wishing to speak must be sworn in.  The Commission will announce any site visits, communicat", "summary": "", "plain": "Multifamily rezoning \u2014 at 538 NW 8 Avenue, Fort Lauderdale", "link": "https://fortlauderdale.legistar.com/LegislationDetail.aspx?ID=8068496&GUID=9E8C3D9B-C54A-4A1B-95E8-125F2409F07D&G=F11871F6-88F5-40B5-BD94-B6711694F9A7&Options=&Search=", "project_type": "rezoning", "multifamily": true, "address": "538 NW 8 Avenue", "parcel": null, "status": "heard", "first_seen": "2026-07-06", "units": null, "acres": null, "score": 4}}, {"type": "Feature", "geometry": {"type": "Point", "coordinates": [-80.131374826184, 26.120015344493]}, "properties": {"id": "25691c60c4cac9ac", "source": "fort-lauderdale", "jurisdiction": "Fort Lauderdale", "county": "Broward", "meeting_body": "City Commission Regular Meeting", "meeting_date": "2026-06-02", "title": "Second Reading - Quasi-Judicial Ordinance Approving a Rezoning Located at 221 SE 12 Avenue from Residential Multifamily Low Rise/Medium Density (RM-15) District to Community Business (CB) District with Allocation of 0.14 Acres of Commercial Flex and Approval of an Associated Site Plan Level IV Development Permit for a Waterway Use with Landscaped Yard Reduction for 20,337 Square Feet of Retail Use", "summary": "", "plain": "Multifamily rezoning \u00b7 0.14 ac \u2014 at 221 SE 12 Avenue, Fort Lauderdale", "link": "https://fortlauderdale.legistar.com/LegislationDetail.aspx?ID=8043339&GUID=F0ECE2E4-CE8B-4EFE-A6D1-3EE5782B0EA0&G=F11871F6-88F5-40B5-BD94-B6711694F9A7&Options=&Search=", "project_type": "rezoning", "multifamily": true, "address": "221 SE 12 Avenue", "parcel": null, "status": "heard", "first_seen": "2026-07-06", "units": null, "acres": 0.14, "score": 4}}, {"type": "Feature", "geometry": {"type": "Point", "coordinates": [-80.149984178916, 26.203194908366]}, "properties": {"id": "d9a65b618d74e9b1", "source": "fort-lauderdale", "jurisdiction": "Fort Lauderdale", "county": "Broward", "meeting_body": "City Commission Regular Meeting", "meeting_date": "2026-06-02", "title": "Second Reading - Quasi-Judicial Ordinance Approving a Rezoning from Heavy Commercial/Light Industrial Business (B-3) District to Uptown Urban Village Southeast (UUV-SE) District - 500 NW 62 Street - Pinnacle Corporate Park, LLC - Case No. UDP-Z26001 - (Commission District 1)\r\n\r\nAnyone wishing to speak must be sworn in.  The Commission will announce any site visits, communications or expert opinion", "summary": "", "plain": "Rezoning \u2014 at 500 NW 62 Street, Fort Lauderdale", "link": "https://fortlauderdale.legistar.com/LegislationDetail.aspx?ID=8043342&GUID=92521042-8EB4-4F2D-8617-BFE7DD33682F&G=F11871F6-88F5-40B5-BD94-B6711694F9A7&Options=&Search=", "project_type": "rezoning", "multifamily": false, "address": "500 NW 62 Street", "parcel": null, "status": "heard", "first_seen": "2026-07-06", "units": null, "acres": null, "score": 1}}, {"type": "Feature", "geometry": {"type": "Point", "coordinates": [-80.149984178916, 26.203194908366]}, "properties": {"id": "33a21084a9499928", "source": "fort-lauderdale", "jurisdiction": "Fort Lauderdale", "county": "Broward", "meeting_body": "City Commission Regular Meeting", "meeting_date": "2026-05-19", "title": "Public Hearing - Quasi-Judicial Ordinance Approving a Rezoning from Heavy Commercial/Light Industrial Business (B-3) District to Uptown Urban Village Southeast (UUV-SE) District - 500 NW 62 Street - Pinnacle Corporate Park, LLC - Case No. UDP-Z26001 - (Commission District 1)\r\n\r\nAnyone wishing to speak must be sworn in.  The Commission will announce any site visits, communications or expert opinion", "summary": "", "plain": "Rezoning \u2014 at 500 NW 62 Street, Fort Lauderdale", "link": "https://fortlauderdale.legistar.com/LegislationDetail.aspx?ID=8029072&GUID=2F9E957E-A9C7-46F3-BDA1-E55E2A12B289&G=F11871F6-88F5-40B5-BD94-B6711694F9A7&Options=&Search=", "project_type": "rezoning", "multifamily": false, "address": "500 NW 62 Street", "parcel": null, "status": "heard", "first_seen": "2026-07-06", "units": null, "acres": null, "score": 1}}, {"type": "Feature", "geometry": {"type": "Point", "coordinates": [-80.131374826184, 26.120015344493]}, "properties": {"id": "78a9f7d673db688f", "source": "fort-lauderdale", "jurisdiction": "Fort Lauderdale", "county": "Broward", "meeting_body": "City Commission Regular Meeting", "meeting_date": "2026-05-19", "title": "Public Hearing - Quasi-Judicial Ordinance Approving a Rezoning Located at 221 SE 12 Avenue from Residential Multifamily Low Rise/Medium Density (RM-15) District to Community Business (CB) District with Allocation of 0.14 Acres of Commercial Flex and Approval of an Associated Site Plan Level IV Development Permit for a Waterway Use with Landscaped Yard Reduction for 20,337 Square Feet of Retail Use", "summary": "", "plain": "Multifamily rezoning \u00b7 0.14 ac \u2014 at 221 SE 12 Avenue, Fort Lauderdale", "link": "https://fortlauderdale.legistar.com/LegislationDetail.aspx?ID=8029079&GUID=2D06F936-0F11-4A68-9527-348D5C60EF65&G=F11871F6-88F5-40B5-BD94-B6711694F9A7&Options=&Search=", "project_type": "rezoning", "multifamily": true, "address": "221 SE 12 Avenue", "parcel": null, "status": "heard", "first_seen": "2026-07-06", "units": null, "acres": 0.14, "score": 4}}, {"type": "Feature", "geometry": {"type": "Point", "coordinates": [-80.108781661943, 26.131971842858]}, "properties": {"id": "ece20543457d50eb", "source": "fort-lauderdale", "jurisdiction": "Fort Lauderdale", "county": "Broward", "meeting_body": "City Commission Regular Meeting", "meeting_date": "2026-05-05", "title": "Quasi-Judicial Resolution Approving a Site Plan Level II Central Beach Development Permit for a Thirteen (13) Story, Fifty-four (54) Unit Multifamily Development Requesting  a Maximum Building Height of 144 Feet in the Intracoastal Overlook Area (IOA) Zoning District - Case No. UDP-S25037 - 623 Bayshore Dr, LLC. and 701 Bayshore Dr. LLC. - Opus at 701 - (Commission District 2)\n\nAnyone wishing to s", "summary": "", "plain": "Multifamily site plan \u2014 at 623 Bayshore Dr, Fort Lauderdale", "link": "https://fortlauderdale.legistar.com/LegislationDetail.aspx?ID=7998746&GUID=7E277040-608C-4D4F-817A-E0CC0C4F4E0A&G=F11871F6-88F5-40B5-BD94-B6711694F9A7&Options=&Search=", "project_type": "site-plan", "multifamily": true, "address": "623 Bayshore Dr", "parcel": null, "status": "heard", "first_seen": "2026-07-06", "units": null, "acres": null, "score": 3}}, {"type": "Feature", "geometry": {"type": "Point", "coordinates": [-80.10686718306, 26.13758449532]}, "properties": {"id": "69d0c9dd141ac147", "source": "fort-lauderdale", "jurisdiction": "Fort Lauderdale", "county": "Broward", "meeting_body": "City Commission Regular Meeting", "meeting_date": "2026-05-05", "title": "Quasi-Judicial Resolution Approving Amendment to a Site Plan Level IV Development Permit for \u201cSereno\u201d (formerly \u201cOcean Park Residences\u201d) to Increase the Number of Multifamily Residential Units from Seventy-Six (76) to Eighty-Eight (88), Adding 113 Hotel Rooms and 1,800 Square Feet of Commercial Use, with a Parking Reduction Request, in the Central Beach Regional Activity Center - Case No. UDP-S250", "summary": "", "plain": "Multifamily site plan \u2014 at 2901 NE 9 Court, Fort Lauderdale", "link": "https://fortlauderdale.legistar.com/LegislationDetail.aspx?ID=7998752&GUID=B08A32E5-E501-4959-BF3B-9E14D117D052&G=F11871F6-88F5-40B5-BD94-B6711694F9A7&Options=&Search=", "project_type": "site-plan", "multifamily": true, "address": "2901 NE 9 Court", "parcel": null, "status": "heard", "first_seen": "2026-07-06", "units": null, "acres": null, "score": 3}}, {"type": "Feature", "geometry": {"type": "Point", "coordinates": [-80.185674096826, 26.099780370193]}, "properties": {"id": "c61f69d76919a8f0", "source": "fort-lauderdale", "jurisdiction": "Fort Lauderdale", "county": "Broward", "meeting_body": "City Commission Regular Meeting", "meeting_date": "2026-05-05", "title": "Public Hearing - Ordinance Amending the City of Fort Lauderdale Comprehensive Plan Future Land Use Map from Low Medium Residential and Medium Residential to Commercial Land Use Designation - 1680 NW 31 Avenue  - RPL Land LLC - Case No. UDP-L24003 - (Commission District 3)", "summary": "", "plain": "Land-use change \u2014 at 1680 NW 31 Avenue, Fort Lauderdale", "link": "https://fortlauderdale.legistar.com/LegislationDetail.aspx?ID=7998744&GUID=59EBB94B-9202-4348-B975-C25F6D205BB3&G=F11871F6-88F5-40B5-BD94-B6711694F9A7&Options=&Search=", "project_type": "land-use", "multifamily": false, "address": "1680 NW 31 Avenue", "parcel": null, "status": "heard", "first_seen": "2026-07-06", "units": null, "acres": null, "score": 1}}, {"type": "Feature", "geometry": {"type": "Point", "coordinates": [-80.146665022424, 26.209792776734]}, "properties": {"id": "d7c940f79065492b", "source": "fort-lauderdale", "jurisdiction": "Fort Lauderdale", "county": "Broward", "meeting_body": "City Commission Regular Meeting", "meeting_date": "2026-03-19", "title": "Resolution Approving an Agreement Between Broward County, Cypress Phase I JV SPE LLC, and the City of Fort Lauderdale Related to the Eligibility of the Issuance of Building Permits Prior to Plat Recordation and to Delegate Authority to the City Manager to Execute the Agreement for \u201cThe Cypress Development\u201d - 150 NW 68 Street - (Commission District 1)", "summary": "", "plain": "Plat / subdivision \u2014 at 150 NW 68 Street, Fort Lauderdale", "link": "https://fortlauderdale.legistar.com/LegislationDetail.aspx?ID=7947835&GUID=E77790A7-335B-41BE-A43B-217DE7425253&G=F11871F6-88F5-40B5-BD94-B6711694F9A7&Options=&Search=", "project_type": "plat", "multifamily": false, "address": "150 NW 68 Street", "parcel": null, "status": "heard", "first_seen": "2026-07-06", "units": null, "acres": null, "score": 0}}, {"type": "Feature", "geometry": {"type": "Point", "coordinates": [-80.121119405152, 26.012194470941]}, "properties": {"id": "50fe3b93c9f964d7", "source": "hollywood", "jurisdiction": "Hollywood", "county": "Broward", "meeting_body": "Historic Preservation Board", "meeting_date": "2026-09-08", "title": "FILE NO.: \t\t26-CV-34\r\nAPPLICANT: \t918H LLC.\r\nLOCATION:\t\t819 Hollywood Boulevard\r\nREQUEST:\t\tCERTIFICATE OF APPROPRIATENESS FOR DESIGN TO CONSTRUCT A NEW SINGLE-FAMILY DWELLING, AND A VARIANCE TO ARTICLE 7, SECTION 7.2.A OF THE ZONING AND LAND DEVELOPMENT REGULATIONS, TO REDUCE THE PARKING REQUIREMENTS FROM 5 SPACES TO 4 SPACES, FOR A PROPERTY IN THE RS-6 ZONING DISTRICT, LOCATED AT 819 HOLLYWOOD BO", "summary": "", "plain": "Variance \u2014 at 819 Hollywood Boulevard, Hollywood", "link": "https://hollywoodfl.legistar.com/LegislationDetail.aspx?ID=8190513&GUID=C52F4766-B49E-406C-9CAD-813469D56C7B&G=7678503F-1AF8-4553-B6C1-FBE4E5357BA8&Options=&Search=", "project_type": "variance", "multifamily": false, "address": "819 Hollywood Boulevard", "parcel": null, "status": "upcoming", "first_seen": "2026-08-25", "units": null, "acres": null, "score": 1}}, {"type": "Feature", "geometry": {"type": "Point", "coordinates": [-80.118050840677, 26.0042630461]}, "properties": {"id": "759e284807950c98", "source": "hollywood", "jurisdiction": "Hollywood", "county": "Broward", "meeting_body": "Planning and Development Board", "meeting_date": "2026-09-08", "title": "FILE NO.: \t\t25-RESO-73a\r\nAPPLICANT: \tPRH 1301 S Ocean Drive, LLC / City of Hollywood\r\nLOCATION:\t\t1301 S Ocean Drive\r\nREQUEST:\t\tRECOMMENDATION FOR A RESOLUTION OF THE CITY COMMISSION OF THE CITY OF HOLLYWOOD, FLORIDA, DETERMINING THE APPROPRIATE HEIGHT, SETBACKS AND TOTAL SITE COVERAGE FOR A PROPOSED LIVE LOCAL DEVELOPMENT LOCATED AT 1301 S. OCEAN DRIVE AND ZONED GOVERNMENT USE (GU); PROVIDING AN E", "summary": "", "plain": "Multifamily development item \u2014 at 1301 S Ocean Drive, Hollywood", "link": "https://hollywoodfl.legistar.com/LegislationDetail.aspx?ID=8190612&GUID=B4612381-6083-4BDE-9E2D-A3D885670DDF&G=7678503F-1AF8-4553-B6C1-FBE4E5357BA8&Options=&Search=", "project_type": "other-development", "multifamily": true, "address": "1301 S Ocean Drive", "parcel": null, "status": "upcoming", "first_seen": "2026-08-25", "units": null, "acres": null, "score": 4}}, {"type": "Feature", "geometry": {"type": "Point", "coordinates": [-80.15097049155, 26.008758651036]}, "properties": {"id": "1ddb391099d40299", "source": "hollywood", "jurisdiction": "Hollywood", "county": "Broward", "meeting_body": "Planning and Development Board", "meeting_date": "2026-09-08", "title": "FILE NO.: \t\t25-DPV-91a\nAPPLICANT: \tBridge Asset Management LLC\nLOCATION:\t\t2200 Jackson Street and 400 South Dixie Highway, along with unaddressed parcels on Jackson Street, Folio Nos. 5142-16-01-2370 and 5142-16-01-0850 \nREQUEST:\t\tDESIGN AND SITE PLAN FOR A 394-UNIT MULTI-FAMILY RESIDENTIAL DEVELOPMENT OF APPROXIMATELY 282,150 SQUARE FEET OF TOTAL FLOOR AREA (FAR), AND A VARIANCE PURSUANT TO SECTI", "summary": "", "plain": "Multifamily site plan \u00b7 394 units \u2014 at 2200 Jackson Street, Hollywood", "link": "https://hollywoodfl.legistar.com/LegislationDetail.aspx?ID=8190578&GUID=ADA79B21-34B6-4D03-95EC-38E33DF541FD&G=7678503F-1AF8-4553-B6C1-FBE4E5357BA8&Options=&Search=", "project_type": "site-plan", "multifamily": true, "address": "2200 Jackson Street", "parcel": null, "status": "upcoming", "first_seen": "2026-08-25", "units": 394, "acres": null, "score": 6}}, {"type": "Feature", "geometry": {"type": "Point", "coordinates": [-80.155814887639, 26.012518081292]}, "properties": {"id": "add4b9ede25c6049", "source": "hollywood", "jurisdiction": "Hollywood", "county": "Broward", "meeting_body": "Planning and Development Board", "meeting_date": "2026-09-08", "title": "FILE NO.: \t\t25-DP-26\r\nAPPLICANT: \tJoseph B. Kaller on behalf of Mike Kaplun\r\nLOCATION:\t\t2455 Polk Street\r\nREQUEST:\t\tDESIGN AND SITE PLAN FOR A 4-STORY (45 FOOT) +/- 29,568 SQUARE-FOOT MULTI-FAMILY DEVELOPMENT WITH 30 UNITS IN THE MC-1 ZONING DISTRICT WITHIN THE REGIONAL ACTIVITY CENTER (RAC).", "summary": "", "plain": "Multifamily site plan \u00b7 30 units \u2014 at 2455 Polk Street, Hollywood", "link": "https://hollywoodfl.legistar.com/LegislationDetail.aspx?ID=8190579&GUID=C16CB50D-7558-45EF-A672-20E4239AA203&G=7678503F-1AF8-4553-B6C1-FBE4E5357BA8&Options=&Search=", "project_type": "site-plan", "multifamily": true, "address": "2455 Polk Street", "parcel": null, "status": "upcoming", "first_seen": "2026-08-25", "units": 30, "acres": null, "score": 5}}, {"type": "Feature", "geometry": {"type": "Point", "coordinates": [-80.184793285173, 26.042942958831]}, "properties": {"id": "2884723ac2c6c4b8", "source": "hollywood", "jurisdiction": "Hollywood", "county": "Broward", "meeting_body": "Regular City Commission Meeting", "meeting_date": "2026-09-02", "title": "An Ordinance Of The City Of Hollywood, Florida, Changing The Zoning District Designation Of 166.134 Acres From Country Club (CC) To Planned Development (PD), Generally Located At 4100 N. Hills Drive And Known As The Club At Emerald Hills; Approving \u201cThe Club At Emerald Hills Planned Development Master Plan\u201d And \u201cThe Club At Emerald Hills Master Development Plan Guidelines\u201d; Approving Variances Fro", "summary": "{\\rtf1\\ansi\\ansicpg1252\\deff0\\deflang1033{\\fonttbl{\\f0\\fnil\\fcharset0 Arial;}}\r\n{\\colortbl ;\\red0\\green0\\blue0;}\r\n\\viewkind4\\uc1\\pard\\cf1\\fs20 First Reading\\par\r\nAdvertised Public Hearing \\par\r\nDepartment of Development Services\\fs24\\par\r\n}\r\n", "plain": "Planned development (PUD) \u00b7 166.134 ac \u2014 at 4100 N. Hills Drive, Hollywood", "link": "https://hollywoodfl.legistar.com/LegislationDetail.aspx?ID=8194105&GUID=1C631348-1BC2-4BC9-9505-BBB2B16A642D&G=7678503F-1AF8-4553-B6C1-FBE4E5357BA8&Options=&Search=", "project_type": "pud", "multifamily": false, "address": "4100 N. Hills Drive", "parcel": null, "status": "heard", "first_seen": "2026-08-28", "units": null, "acres": 166.134, "score": 2}}, {"type": "Feature", "geometry": {"type": "Point", "coordinates": [-80.142167552455, 26.018120711752]}, "properties": {"id": "a54d44cd2a4ed37a", "source": "hollywood", "jurisdiction": "Hollywood", "county": "Broward", "meeting_body": "Regular City Commission Meeting", "meeting_date": "2026-08-26", "title": "A Resolution Of The City Commission Of The City Of Hollywood, Florida, Approving A Loan Commitment In An Amount Not To Exceed $1,878,357.77, Consisting Of $1,243,357.77 In Neighborhood Stabilization Program Funds, $135,000.00 In Home Program Funds, And $500,000.00 In Home Program Income Funds, For The Redevelopment Of The Hollywood Village Affordable Housing Development Into The Hollywood Vista Af", "summary": "{\\rtf1\\ansi\\ansicpg1252\\deff0\\deflang1033{\\fonttbl{\\f0\\fnil\\fcharset0 Arial;}}\r\n{\\colortbl ;\\red0\\green0\\blue0;}\r\n\\viewkind4\\uc1\\pard\\cf1\\fs20 Office of Housing & Community Development\\fs24\\par\r\n}\r\n", "plain": "Multifamily development item \u00b7 29 units \u2014 at 1735 Lincoln Street, Hollywood", "link": "https://hollywoodfl.legistar.com/LegislationDetail.aspx?ID=8185397&GUID=51C39604-1E5D-4119-B584-D6A8CCE53133&G=7678503F-1AF8-4553-B6C1-FBE4E5357BA8&Options=&Search=", "project_type": "other-development", "multifamily": true, "address": "1735 Lincoln Street", "parcel": null, "status": "heard", "first_seen": "2026-08-21", "units": 29, "acres": null, "score": 4}}, {"type": "Feature", "geometry": {"type": "Point", "coordinates": [-80.152807965624, 26.009943864495]}, "properties": {"id": "7376b40a819eb2f5", "source": "hollywood", "jurisdiction": "Hollywood", "county": "Broward", "meeting_body": "Special Planning and Development Board", "meeting_date": "2026-08-04", "title": "FILE NO.: \t\t24-DP-79\r\nAPPLICANT: \t102SW1ST LLC\r\nLOCATION:\t\t2306 Van Buren Street\r\nREQUEST:\t\tDesign and Site Plan for a 4-story (45 foot) +/- 35,930 square-foot multi-family residential development with 36 units in the DH-2 Zoning District within the Regional Activity Center (RAC).", "summary": "", "plain": "Multifamily site plan \u00b7 36 units \u2014 at 2306 Van Buren Street, Hollywood", "link": "https://hollywoodfl.legistar.com/LegislationDetail.aspx?ID=8141448&GUID=2E1687FC-945D-4D9A-AE80-D6E6EF8EF295&G=7678503F-1AF8-4553-B6C1-FBE4E5357BA8&Options=&Search=", "project_type": "site-plan", "multifamily": true, "address": "2306 Van Buren Street", "parcel": null, "status": "heard", "first_seen": "2026-07-21", "units": 36, "acres": null, "score": 4}}, {"type": "Feature", "geometry": {"type": "Point", "coordinates": [-80.184793285173, 26.042942958831]}, "properties": {"id": "ffd0c525452d56ab", "source": "hollywood", "jurisdiction": "Hollywood", "county": "Broward", "meeting_body": "Special Planning and Development Board", "meeting_date": "2026-08-04", "title": "FILE NO.: \t\t25-JVZ-16\r\nAPPLICANT: \tPPG Developments LLC/First Eagle Management LLC\r\nLOCATION:\t\t4100 N Hills Drive (Folios: 514206074780, 514206074790, 514206070990, 514206084880)\r\nREQUEST:\t\tRECOMMENDATION FOR THE REZONING OF 166.2 ACRES FROM THE CC (COUNTRY CLUB) ZONING DISTRICT TO THE PD (PLANNED DEVELOPMENT) ZONING DISTRICT FOR THE PROPERTIES GENERALLY LOCATED AT 4100 N HILLS ROAD AND ESTABLISHI", "summary": "", "plain": "Rezoning \u00b7 166.2 ac \u2014 at 4100 N Hills Drive, Hollywood", "link": "https://hollywoodfl.legistar.com/LegislationDetail.aspx?ID=8141777&GUID=35B274FF-BF5E-4FFE-B941-D3F036FEB988&G=7678503F-1AF8-4553-B6C1-FBE4E5357BA8&Options=&Search=", "project_type": "rezoning", "multifamily": false, "address": "4100 N Hills Drive", "parcel": null, "status": "heard", "first_seen": "2026-07-21", "units": null, "acres": 166.2, "score": 2}}, {"type": "Feature", "geometry": {"type": "Point", "coordinates": [-80.184793285173, 26.042942958831]}, "properties": {"id": "d1d5cb23fb9531f8", "source": "hollywood", "jurisdiction": "Hollywood", "county": "Broward", "meeting_body": "Special Planning and Development Board", "meeting_date": "2026-08-04", "title": "FILE NO.: \t\t25-DPJ-16\r\nAPPLICANT: \tPPG Developments LLC/First Eagle Management LLC\r\nLOCATION:\t\t4100 N Hills Drive (Folios: 514206074780, 514206074790, 514206070990, 514206084880)\r\nREQUEST:\t\tDESIGN & SITE PLAN REVIEW OF 8 SITES FOR A TOTAL 284 DWELLING UNIT MIXED-USE DEVELOPMENT INCLUDING SINGLE-FAMILY, MULTIFAMILY, AND TOWNHOMES, AS WELL AS A CLUBHOUSE INCLUDING OUTDOOR AND INDOOR SPORTS COURTS, B", "summary": "", "plain": "Multifamily planned development (PUD) \u00b7 284 units \u2014 at 4100 N Hills Drive, Hollywood", "link": "https://hollywoodfl.legistar.com/LegislationDetail.aspx?ID=8141778&GUID=F04E5381-3D79-4C99-B16C-F93B7F0491BD&G=7678503F-1AF8-4553-B6C1-FBE4E5357BA8&Options=&Search=", "project_type": "pud", "multifamily": true, "address": "4100 N Hills Drive", "parcel": null, "status": "heard", "first_seen": "2026-07-21", "units": 284, "acres": null, "score": 6}}, {"type": "Feature", "geometry": {"type": "Point", "coordinates": [-80.200073158117, 26.008182664456]}, "properties": {"id": "ed1b3ccf7d1b40f2", "source": "hollywood", "jurisdiction": "Hollywood", "county": "Broward", "meeting_body": "Special Planning and Development Board", "meeting_date": "2026-08-04", "title": "FILE NO.: \t\t26-V-35\nAPPLICANT: \tTrevor Paul Munnilal\nLOCATION:\t\t315 South 56th Terrace\nREQUEST:\t\tVariance request to seek relief from Section 4.1(C) of the City of Hollywood\u2019s Zoning and Land Development Regulations to reduce the combined side yard setback from eighteen (18) feet and nine (9) inches, to fifteen (15) feet, in a Single Family District (RS-5) for the property located at 315 S 56th Te", "summary": "", "plain": "Variance \u2014 at 315 South 56th Terrace, Hollywood", "link": "https://hollywoodfl.legistar.com/LegislationDetail.aspx?ID=8141409&GUID=0F83D31B-8F91-4055-8331-73CCF65E7E1E&G=7678503F-1AF8-4553-B6C1-FBE4E5357BA8&Options=&Search=", "project_type": "variance", "multifamily": false, "address": "315 South 56th Terrace", "parcel": null, "status": "heard", "first_seen": "2026-07-23", "units": null, "acres": null, "score": 0}}, {"type": "Feature", "geometry": {"type": "Point", "coordinates": [-80.149256822069, 26.008352669255]}, "properties": {"id": "9c17e9f302b8b931", "source": "hollywood", "jurisdiction": "Hollywood", "county": "Broward", "meeting_body": "Regular City Commission Meeting", "meeting_date": "2026-07-07", "title": "A Resolution Of The City Commission Of The City Of Hollywood, Florida, Approving And Authorizing The Execution Of A Funding Commitment Between The City Of Hollywood And Dixie Hollywood Apts, LLC, An Affiliate Of Affiliated Development, LLC, For A Mixed Income Workforce Housing Development Located At 400 South Dixie Highway, Including Approximately $4,000,000.00 In Ila Gap Financing, $2,014,205.00 ", "summary": "{\\rtf1\\ansi\\ansicpg1252\\deff0\\deflang1033{\\fonttbl{\\f0\\fnil\\fcharset0 Arial;}}\r\n{\\colortbl ;\\red0\\green0\\blue0;}\r\n\\viewkind4\\uc1\\pard\\cf1\\fs20 Office of Housing & Community Development\\fs24\\par\r\n}\r\n", "plain": "Multifamily development item \u2014 at 400 South Dixie Highway, Hollywood", "link": "https://hollywoodfl.legistar.com/LegislationDetail.aspx?ID=8125236&GUID=479EA4AB-38DF-49F9-97B2-B11E97B8A737&G=7678503F-1AF8-4553-B6C1-FBE4E5357BA8&Options=&Search=", "project_type": "other-development", "multifamily": true, "address": "400 South Dixie Highway", "parcel": null, "status": "heard", "first_seen": "2026-07-06", "units": null, "acres": null, "score": 3}}, {"type": "Feature", "geometry": {"type": "Point", "coordinates": [-80.162137355309, 26.012234694473]}, "properties": {"id": "e49515f19e235fb8", "source": "hollywood", "jurisdiction": "Hollywood", "county": "Broward", "meeting_body": "Regular City Commission Meeting", "meeting_date": "2026-07-07", "title": "A Resolution Of The City Commission Of The City Of Hollywood, Florida, Committing To Provide A Conditional Local Government Area Of Opportunity (LGAO) Contribution In The Amount Of $640,000.00 In Support Of An Application To The Florida Housing Finance Corporation In Response To Its Request For Applications For Nine Percent (9%) Housing Tax Credits To Support The Development Of New Affordable Hous", "summary": "{\\rtf1\\ansi\\ansicpg1252\\deff0\\deflang1033{\\fonttbl{\\f0\\fnil\\fcharset0 Arial;}}\r\n{\\colortbl ;\\red0\\green0\\blue0;}\r\n\\viewkind4\\uc1\\pard\\cf1\\fs20 Office of Housing and Community Development\\fs24\\par\r\n}\r\n", "plain": "Multifamily development item \u00b7 86 units \u2014 at 2742 Polk Street, Hollywood", "link": "https://hollywoodfl.legistar.com/LegislationDetail.aspx?ID=8125240&GUID=DF2345CD-0ADD-48E3-8D9B-1D2DEDC2389B&G=7678503F-1AF8-4553-B6C1-FBE4E5357BA8&Options=&Search=", "project_type": "other-development", "multifamily": true, "address": "2742 Polk Street", "parcel": null, "status": "heard", "first_seen": "2026-07-06", "units": 86, "acres": null, "score": 4}}, {"type": "Feature", "geometry": {"type": "Point", "coordinates": [-80.142143669669, 26.010705711285]}, "properties": {"id": "1a0bedc2eec51a29", "source": "hollywood", "jurisdiction": "Hollywood", "county": "Broward", "meeting_body": "Regular City Commission Meeting", "meeting_date": "2026-07-07", "title": "A Resolution Of The City Commission Of The City Of Hollywood, Florida, Approving And Authorizing The Appropriate City Officials To Execute Amendment No. 20 To The Inclusive Landscape Memorandum Agreement With The Florida Department of Transportation To Include Landscape And Related Improvements Made By BOZ Hollywood Bread Owner, LLC; And Approving And Authorizing The Appropriate City Officials To ", "summary": "File #: R-2026-236 Version: 1 Name: FDOT MMOA #20-Bread Building Type: Resolution Status: Passed File created: 5/27/2026 In control: Engineering Division On agenda: 7/7/2026 Final action: 7/7/2026 Title: A Resolution Of The City Commission Of The City Of Hollywood, Florida, Approving And Authorizing The Appropriate City Officials To Execute Amendment No. 20 To The Inclusive Landscape Memorandum Ag", "plain": "Multifamily development item \u00b7 326 units \u2014 at 5 and South Young Circle, Hollywood", "link": "https://hollywoodfl.legistar.com/LegislationDetail.aspx?ID=8125219&GUID=0448CCD1-E7AC-46A3-AE04-6D866CEACC57&G=7678503F-1AF8-4553-B6C1-FBE4E5357BA8&Options=&Search=", "project_type": "other-development", "multifamily": true, "address": "5 and South Young Circle", "parcel": null, "status": "heard", "first_seen": "2026-07-06", "units": 326, "acres": null, "score": 5}}, {"type": "Feature", "geometry": {"type": "Point", "coordinates": [-80.149256822069, 26.008352669255]}, "properties": {"id": "923871e4f2a825ad", "source": "hollywood", "jurisdiction": "Hollywood", "county": "Broward", "meeting_body": "Regular Community Redevelopment Agency Meeting", "meeting_date": "2026-07-07", "title": "A Resolution Of The Hollywood, Florida Community Redevelopment Agency (\u201cCRA\u201d), Approving And Authorizing The Expenditure Of Funds In An Amount of $2,014,205.00 For A Funding Commitment Between The City Of Hollywood And Dixie Hollywood Apts, LLC, An Affiliate Of Affiliated Development, LLC, For A Mixed Income Workforce Housing Development Located At 400 South Dixie Highway Within The Downtown Distr", "summary": "", "plain": "Multifamily development item \u2014 at 400 South Dixie Highway, Hollywood", "link": "https://hollywoodfl.legistar.com/LegislationDetail.aspx?ID=8125166&GUID=05ABEF5B-58BD-4C2F-B03A-A13F0A13B1FD&G=7678503F-1AF8-4553-B6C1-FBE4E5357BA8&Options=&Search=", "project_type": "other-development", "multifamily": true, "address": "400 South Dixie Highway", "parcel": null, "status": "heard", "first_seen": "2026-07-06", "units": null, "acres": null, "score": 3}}, {"type": "Feature", "geometry": {"type": "Point", "coordinates": [-80.201885672528, 26.017852614275]}, "properties": {"id": "75daf7572aa008b6", "source": "hollywood", "jurisdiction": "Hollywood", "county": "Broward", "meeting_body": "Public Art Review Committee", "meeting_date": "2026-07-01", "title": "FILE NO.:\t\t26-PA-50\r\nAPPLICANT:\tTENANT: EL MENEO RESTAURANT & LOUNGE CORP \t\t\tOWNER: KOIE'S GROUP CORPORATION\r\nLOCATION:\t\t5701 Johonson Street, Hollywood, FL 33021\r\n\t\t\tAbbr. Legal Des.:\r\nHOLLYWOOD BEACH HEIGHTS SEC A AMENDED PLAT 6-27 B & 4-12 B LOT 29,30 BLK 5 \r\nREQUEST:\tEvaluation of painted mural on private property\u2019s South & West facades facing the public Right-of-Way.", "summary": "", "plain": "Plat / subdivision \u2014 at 5701 Johonson Street, Hollywood", "link": "https://hollywoodfl.legistar.com/LegislationDetail.aspx?ID=8119820&GUID=07786BEF-1FED-4EA2-80A4-FCB4DE0D2545&G=7678503F-1AF8-4553-B6C1-FBE4E5357BA8&Options=&Search=", "project_type": "plat", "multifamily": false, "address": "5701 Johonson Street", "parcel": null, "status": "heard", "first_seen": "2026-07-06", "units": null, "acres": null, "score": 0}}, {"type": "Feature", "geometry": {"type": "Point", "coordinates": [-80.199185204843, 25.99812096124]}, "properties": {"id": "55b0d1ddb0804462", "source": "hollywood", "jurisdiction": "Hollywood", "county": "Broward", "meeting_body": "Regular City Commission Meeting", "meeting_date": "2026-06-17", "title": "A Resolution Of The City Commission Of The City Of Hollywood, Florida, Updating The City's Inventory Of City-Owned Real Property To Identify Certain Vacant Parcels As Appropriate For Affordable Housing Development Pursuant To Section 166.0451, Florida Statutes; Reaffirming The City's Commitment To Increasing Affordable Housing Opportunities; Directing That Such Properties Be Included In The City's", "summary": "{\\rtf1\\ansi\\ansicpg1252\\deff0\\deflang1033{\\fonttbl{\\f0\\fnil\\fcharset0 Arial;}}\r\n{\\colortbl ;\\red0\\green0\\blue0;}\r\n\\viewkind4\\uc1\\pard\\cf1\\fs20 Office of Housing & Community Development\\fs24\\par\r\n}\r\n", "plain": "Multifamily development item \u2014 at 5608 WILEY STREET, Hollywood", "link": "https://hollywoodfl.legistar.com/LegislationDetail.aspx?ID=8069292&GUID=39ED8CEC-E873-4BE4-B3A3-415EC4E7155F&G=7678503F-1AF8-4553-B6C1-FBE4E5357BA8&Options=&Search=", "project_type": "other-development", "multifamily": true, "address": "5608 WILEY STREET", "parcel": null, "status": "heard", "first_seen": "2026-07-06", "units": null, "acres": null, "score": 3}}, {"type": "Feature", "geometry": {"type": "Point", "coordinates": [-80.154441262909, 26.0316115954]}, "properties": {"id": "2727baa21af3b487", "source": "hollywood", "jurisdiction": "Hollywood", "county": "Broward", "meeting_body": "Planning and Development Board", "meeting_date": "2026-06-09", "title": "FILE NO.: \t\t23-DPV-34\nAPPLICANT: \tSuper Seven LLC\nLOCATION:\t\t2351 Thomas Street\nREQUEST:\t\tDesign and Site Plan request for a three (3) story 7-unit townhouse development of approximately 19,596 square feet in the DH-1 Zoning District within the Regional Activity Center (RAC).", "summary": "", "plain": "Multifamily site plan \u00b7 7 units \u2014 at 2351 Thomas Street, Hollywood", "link": "https://hollywoodfl.legistar.com/LegislationDetail.aspx?ID=8025538&GUID=C33A8E15-2F95-4E55-9FE3-2A065681984C&G=7678503F-1AF8-4553-B6C1-FBE4E5357BA8&Options=&Search=", "project_type": "site-plan", "multifamily": true, "address": "2351 Thomas Street", "parcel": null, "status": "heard", "first_seen": "2026-07-06", "units": 7, "acres": null, "score": 3}}, {"type": "Feature", "geometry": {"type": "Point", "coordinates": [-80.146751085571, 26.019733844599]}, "properties": {"id": "1d280223380661f0", "source": "hollywood", "jurisdiction": "Hollywood", "county": "Broward", "meeting_body": "Planning and Development Board", "meeting_date": "2026-06-09", "title": "FILE NO.: \t\t26-V-27\r\nAPPLICANT: \tBrook & Son LLC\r\nLOCATION:\t\t1980 Grant Street\r\nREQUEST:\t\tVariance request pursuant to Article 4.6(B)(c)(c)(1)(a) and Article 7, Section 7.2 to reduce the minimum parking requirements for commercial and warehouse uses, respectively, from 14 spaces to 1 space in the ND-1 zoning district within the Regional Activity Center.", "summary": "", "plain": "Variance \u2014 at 1980 Grant Street, Hollywood", "link": "https://hollywoodfl.legistar.com/LegislationDetail.aspx?ID=8025539&GUID=DC7798DB-3A49-4770-9791-B7950D452025&G=7678503F-1AF8-4553-B6C1-FBE4E5357BA8&Options=&Search=", "project_type": "variance", "multifamily": false, "address": "1980 Grant Street", "parcel": null, "status": "heard", "first_seen": "2026-07-06", "units": null, "acres": null, "score": 0}}, {"type": "Feature", "geometry": {"type": "Point", "coordinates": [-80.164493913484, 26.012167110201]}, "properties": {"id": "3cfba4359d3e26c6", "source": "hollywood", "jurisdiction": "Hollywood", "county": "Broward", "meeting_body": "Planning and Development Board", "meeting_date": "2026-06-09", "title": "FILE NO.: \t\t25-Z-13a\r\nAPPLICANT: \tBSD 23 DEVELOPMENT LLC\r\nLOCATION:\t\t2910 Polk Street\r\nREQUEST:\t\tRezoning of 0.94 acres from Transitional Core Zoning District (TC-1) to Retail Core Zoning District (RC-1) for the properties generally located at 2910 Polk Street within the Regional Activity Center (RAC).", "summary": "", "plain": "Rezoning \u00b7 0.94 ac \u2014 at 2910 Polk Street, Hollywood", "link": "https://hollywoodfl.legistar.com/LegislationDetail.aspx?ID=8026401&GUID=AD86E691-D064-48F2-8432-738C9E953493&G=7678503F-1AF8-4553-B6C1-FBE4E5357BA8&Options=&Search=", "project_type": "rezoning", "multifamily": false, "address": "2910 Polk Street", "parcel": null, "status": "heard", "first_seen": "2026-07-06", "units": null, "acres": 0.94, "score": 1}}, {"type": "Feature", "geometry": {"type": "Point", "coordinates": [-80.164493913484, 26.012167110201]}, "properties": {"id": "e5eea7801f2f7ee8", "source": "hollywood", "jurisdiction": "Hollywood", "county": "Broward", "meeting_body": "Planning and Development Board", "meeting_date": "2026-06-09", "title": "FILE NO.: \t\t25-DPV-13 \nAPPLICANT: \tBSD 23 DEVELOPMENT LLC\nLOCATION:\t\t2910 Polk Street\nREQUEST:\t\tDesign and Site Plan for a 6-story, +/- 92,000 square foot office building with an attached 70 foot parking garage, and a Variance request pursuant to Article 4.6(B) to reduce the front setback requirement from 10 feet to 5 feet in the RC-1 Zoning District within the Regional Activity Center (RAC).", "summary": "", "plain": "Site plan \u2014 at 2910 Polk Street, Hollywood", "link": "https://hollywoodfl.legistar.com/LegislationDetail.aspx?ID=8027406&GUID=70C996A3-D03B-41F5-944E-1E41109DC91B&G=7678503F-1AF8-4553-B6C1-FBE4E5357BA8&Options=&Search=", "project_type": "site-plan", "multifamily": false, "address": "2910 Polk Street", "parcel": null, "status": "heard", "first_seen": "2026-07-06", "units": null, "acres": null, "score": 0}}, {"type": "Feature", "geometry": {"type": "Point", "coordinates": [-80.200073158117, 26.008182664456]}, "properties": {"id": "8a81c528e0aaee10", "source": "hollywood", "jurisdiction": "Hollywood", "county": "Broward", "meeting_body": "Planning and Development Board", "meeting_date": "2026-06-09", "title": "FILE NO.: \t\t26-V-35\r\nAPPLICANT: \tTrevor Paul Munnilal\r\nLOCATION:\t\t315 South 56th Terrace\r\nREQUEST:\t\tVariance request to seek relief from Section 4.1(C) of the City of Hollywood\u2019s Zoning and Land Development Regulations to reduce the combined side yard setback from eighteen (18) feet and nine (9) inches, to fifteen (15) feet, in a Single Family District (RS-5) for the property located at 315 S 56th", "summary": "", "plain": "Variance \u2014 at 315 South 56th Terrace, Hollywood", "link": "https://hollywoodfl.legistar.com/LegislationDetail.aspx?ID=8034444&GUID=C9B950BA-2B9C-461E-99FC-2A56F5350184&G=7678503F-1AF8-4553-B6C1-FBE4E5357BA8&Options=&Search=", "project_type": "variance", "multifamily": false, "address": "315 South 56th Terrace", "parcel": null, "status": "heard", "first_seen": "2026-07-06", "units": null, "acres": null, "score": 0}}, {"type": "Feature", "geometry": {"type": "Point", "coordinates": [-80.121119405152, 26.012194470941]}, "properties": {"id": "54edc8c45aec1de6", "source": "hollywood", "jurisdiction": "Hollywood", "county": "Broward", "meeting_body": "Historic Preservation Board", "meeting_date": "2026-06-09", "title": "FILE NO.: \t\t26-CV-33\r\nAPPLICANT: \t918H LLC.\r\nLOCATION:\t\t819 Hollywood Boulevard\r\nREQUEST:\t\tCertificate of Appropriateness for Design to construct a new single-family dwelling, and a Variance to Article 7, Section 7.2.A of the Zoning and Land Development Regulations, to reduce the parking requirements for a property in the RS-6 Zoning District, located at 819 Hollywood Boulevard, within the Hollywo", "summary": "", "plain": "Variance \u2014 at 819 Hollywood Boulevard, Hollywood", "link": "https://hollywoodfl.legistar.com/LegislationDetail.aspx?ID=8035079&GUID=13F65B14-7721-428D-9104-630EA82A31F8&G=7678503F-1AF8-4553-B6C1-FBE4E5357BA8&Options=&Search=", "project_type": "variance", "multifamily": false, "address": "819 Hollywood Boulevard", "parcel": null, "status": "heard", "first_seen": "2026-07-06", "units": null, "acres": null, "score": 0}}, {"type": "Feature", "geometry": {"type": "Point", "coordinates": [-80.157930323932, 25.996234256522]}, "properties": {"id": "ca673c9a98e61467", "source": "hollywood", "jurisdiction": "Hollywood", "county": "Broward", "meeting_body": "Regular City Commission Meeting", "meeting_date": "2026-06-03", "title": "An Ordinance Of The City Of Hollywood, Florida, Vacating A Portion Of The Platted Fletcher Street Lying Within The Plat Of \u201c3rd Amended Plat Of Portion Of Hollywood Pines,\u201d Plat Book 19, Page 3, And More Specifically Described In Exhibit \u201cA\u201d Attached Hereto And Incorporated Herein; Providing A Severability Clause, A Repealer Provision, And An Effective Date.", "summary": "{\\rtf1\\ansi\\ansicpg1252\\deff0\\deflang1033{\\fonttbl{\\f0\\fnil\\fcharset0 Arial;}}\r\n{\\colortbl ;\\red0\\green0\\blue0;}\r\n\\viewkind4\\uc1\\pard\\cf1\\fs20 Second Reading\\par\r\nAdvertised Public Hearing\\par\r\nNo Changes Since First Reading\\par\r\nDepartment of Development Services\\fs24\\par\r\n}\r\n", "plain": "Plat / subdivision \u2014 at 7 and Pembroke Road, Hollywood", "link": "https://hollywoodfl.legistar.com/LegislationDetail.aspx?ID=8043628&GUID=1689C338-2CAD-40EA-BF03-324331328E4A&G=7678503F-1AF8-4553-B6C1-FBE4E5357BA8&Options=&Search=", "project_type": "plat", "multifamily": false, "address": "7 and Pembroke Road", "parcel": null, "status": "heard", "first_seen": "2026-07-06", "units": null, "acres": null, "score": 0}}, {"type": "Feature", "geometry": {"type": "Point", "coordinates": [-80.153154794748, 26.012596195947]}, "properties": {"id": "daaa854a7ee006ee", "source": "hollywood", "jurisdiction": "Hollywood", "county": "Broward", "meeting_body": "Planning and Development Board", "meeting_date": "2026-05-12", "title": "FILE NO.: \t\t24-DP-78\nAPPLICANT: \t2323 POLK LLC\nLOCATION:\t\t2323 Polk Street\nREQUEST:\t\tDesign and Site Plan for approval of a new four (4) story, 27-unit multi-family residential development of approximately 30,600 square feet in the DH-2 Zoning District within the Regional Activity Center (RAC).", "summary": "", "plain": "Multifamily site plan \u00b7 27 units \u2014 at 2323 Polk Street, Hollywood", "link": "https://hollywoodfl.legistar.com/LegislationDetail.aspx?ID=7992472&GUID=5DF17EFE-23F1-49E8-B346-670C8E30B8D2&G=7678503F-1AF8-4553-B6C1-FBE4E5357BA8&Options=&Search=", "project_type": "site-plan", "multifamily": true, "address": "2323 Polk Street", "parcel": null, "status": "heard", "first_seen": "2026-07-06", "units": 27, "acres": null, "score": 4}}, {"type": "Feature", "geometry": {"type": "Point", "coordinates": [-80.157930323932, 25.996234256522]}, "properties": {"id": "70c88a6a0cea2451", "source": "hollywood", "jurisdiction": "Hollywood", "county": "Broward", "meeting_body": "Regular City Commission Meeting", "meeting_date": "2026-05-06", "title": "An Ordinance Of The City Commission Of The City Of Hollywood, Florida, Vacating A Portion Of The Platted Fletcher Street Lying Within The Plat Of \u201c3rd Amended Plat Of Portion Of Hollywood Pines,\u201d Plat Book 19, Page 3, And More Specifically Described In Exhibit \u201cA\u201d Attached Hereto And Incorporated Herein; Providing A Severability Clause, A Repealer Provision, And An Effective Date.", "summary": "{\\rtf1\\ansi\\ansicpg1252\\deff0\\deflang1033{\\fonttbl{\\f0\\fnil\\fcharset0 Arial;}}\r\n{\\colortbl ;\\red0\\green0\\blue0;}\r\n\\viewkind4\\uc1\\pard\\fs20 First Reading\\par\r\nDepartment of Development Services\\cf1\\fs24\\par\r\n}\r\n", "plain": "Plat / subdivision \u2014 at 7 and Pembroke Road, Hollywood", "link": "https://hollywoodfl.legistar.com/LegislationDetail.aspx?ID=7999697&GUID=ACC12007-FB09-4FA4-B03C-DF0F3BDDA764&G=7678503F-1AF8-4553-B6C1-FBE4E5357BA8&Options=&Search=", "project_type": "plat", "multifamily": false, "address": "7 and Pembroke Road", "parcel": null, "status": "heard", "first_seen": "2026-07-06", "units": null, "acres": null, "score": 0}}, {"type": "Feature", "geometry": {"type": "Point", "coordinates": [-80.139551564535, 26.030615774915]}, "properties": {"id": "298ccb988f3e4621", "source": "hollywood", "jurisdiction": "Hollywood", "county": "Broward", "meeting_body": "Regular City Commission Meeting", "meeting_date": "2026-04-15", "title": "A Resolution Of The City Commission Of The City Of Hollywood, Florida, Considering A Request To Review The Planning And Development Board\u2019s Action On A Design And Site Plan For A Four-Story, 22-Unit Residential Development Located At 2101-2111 North 16th Avenue.", "summary": "{\\rtf1\\ansi\\ansicpg1252\\deff0\\deflang1033{\\fonttbl{\\f0\\fnil\\fcharset0 Arial;}}\r\n{\\colortbl ;\\red0\\green0\\blue0;}\r\n\\viewkind4\\uc1\\pard\\fs20 Department of Development Services\\cf1\\par\r\n}\r\n", "plain": "Multifamily site plan \u00b7 22 units \u2014 at 2101-2111 North 16th Avenue, Hollywood", "link": "https://hollywoodfl.legistar.com/LegislationDetail.aspx?ID=7977498&GUID=ADEB6892-E8A8-4949-83BC-888CAB54F4AB&G=7678503F-1AF8-4553-B6C1-FBE4E5357BA8&Options=&Search=", "project_type": "site-plan", "multifamily": true, "address": "2101-2111 North 16th Avenue", "parcel": null, "status": "heard", "first_seen": "2026-07-06", "units": 22, "acres": null, "score": 3}}, {"type": "Feature", "geometry": {"type": "Point", "coordinates": [-80.197167734896, 26.017822392546]}, "properties": {"id": "7e3983a977182234", "source": "hollywood", "jurisdiction": "Hollywood", "county": "Broward", "meeting_body": "Planning and Development Board", "meeting_date": "2026-04-14", "title": "FILE NO.: \t\t26-S-13\r\nAPPLICANT: \tPaul Fluty on behalf of Archdiocese of Miami Nativity Church\r\nLOCATION:\t\t5220 Johnson Street\r\nREQUEST:\t\tSpecial Exception to permit the expansion of a legal non-conforming use, pursuant to Section 3.12 of the Zoning and Land Development Code, to facilitate the addition of an 860-square-foot modular building to an existing school, pursuant to Section 4.22 of the Zon", "summary": "", "plain": "Special exception \u2014 at 5220 Johnson Street, Hollywood", "link": "https://hollywoodfl.legistar.com/LegislationDetail.aspx?ID=7964184&GUID=21087118-D01D-4CDB-B98D-82D9DD4F2477&G=7678503F-1AF8-4553-B6C1-FBE4E5357BA8&Options=&Search=", "project_type": "special-exception", "multifamily": false, "address": "5220 Johnson Street", "parcel": null, "status": "heard", "first_seen": "2026-07-06", "units": null, "acres": null, "score": 0}}, {"type": "Feature", "geometry": {"type": "Point", "coordinates": [-80.15097049155, 26.008758651036]}, "properties": {"id": "004de8c10c58fc57", "source": "hollywood", "jurisdiction": "Hollywood", "county": "Broward", "meeting_body": "Planning and Development Board", "meeting_date": "2026-03-10", "title": "FILE NO.: \t\t25-Z-91\r\nAPPLICANT: \tBridge Asset Management LLC.\r\nLOCATION:\t\t2200 Jackson Street, Jackson Street, Folio number 5142-16-01-0850 (for non-address property)\r\nREQUEST:\t\tRezoning of 0.79 acres from Dixie Highway Medium Intensity Multi-Family District (DH-2) to Dixie Highway High Intensity Mixed-Use District (DH-3)  for a portion of the property located at 2200 Jackson Street, along with un", "summary": "", "plain": "Multifamily rezoning \u00b7 0.79 ac \u2014 at 2200 Jackson Street, Hollywood", "link": "https://hollywoodfl.legistar.com/LegislationDetail.aspx?ID=7926945&GUID=C6BF8E63-670D-42E4-B558-94A9D0D9BEDF&G=7678503F-1AF8-4553-B6C1-FBE4E5357BA8&Options=&Search=", "project_type": "rezoning", "multifamily": true, "address": "2200 Jackson Street", "parcel": null, "status": "heard", "first_seen": "2026-07-06", "units": null, "acres": 0.79, "score": 4}}, {"type": "Feature", "geometry": {"type": "Point", "coordinates": [-80.2868311, 26.0027141]}, "properties": {"id": "1080525f95b1f5f7", "source": "pembroke-pines", "jurisdiction": "Pembroke Pines", "county": "Broward", "meeting_body": "Board of Adjustment", "meeting_date": "2026-09-02", "title": "INFORMATION REGARDING VARIANCE/INTERPRETATION/APPEAL REQUESTS MAY BE RECEIVED IN THE OFFICE OF THE PLANNING AND ECONOMIC DEVELOPMENT DEPARTMENT, 601 CITY CENTER WAY, PEMBROKE PINES, FLORIDA (954) 392-2110, MONDAY - THURSDAY, BETWEEN THE HOURS OF 7:00 A.M. AND 6:00 P.M.", "summary": "INFORMATION REGARDING VARIANCE/INTERPRETATION/APPEAL REQUESTS MAY BE RECEIVED IN THE OFFICE OF THE PLANNING AND ECONOMIC DEVELOPMENT DEPARTMENT, 601 CITY CENTER WAY, PEMBROKE PINES, FLORIDA (954) 392-2110, MONDAY - THURSDAY, BETWEEN THE HOURS OF 7:00 A.M. AND 6:00 P.M.", "plain": "Variance \u2014 at 601 CITY CENTER WAY, Pembroke Pines", "link": "https://ppines.legistar.com/MeetingDetail.aspx?LEGID=1839&GID=38&G=11F1DFCB-631E-4C18-8D1F-165ADB0EFC0A", "project_type": "variance", "multifamily": false, "address": "601 CITY CENTER WAY", "parcel": null, "status": "heard", "first_seen": "2026-08-27", "units": null, "acres": null, "score": 0}}, {"type": "Feature", "geometry": {"type": "Point", "coordinates": [-80.2575754, 26.0090698]}, "properties": {"id": "fc2dc8d6ebf63a61", "source": "pembroke-pines", "jurisdiction": "Pembroke Pines", "county": "Broward", "meeting_body": "Planning and Zoning Board", "meeting_date": "2026-08-13", "title": "ZV2026-0003, Dutch Bros Coffee, 8579 Pines Boulevard, variance request. (Cole) (District 2)", "summary": "", "plain": "Variance \u2014 at 8579 Pines Boulevard, Pembroke Pines", "link": "https://ppines.legistar.com/LegislationDetail.aspx?ID=8164274&GUID=634AA2A4-E4FD-4493-9412-2B2B83F09914&G=11F1DFCB-631E-4C18-8D1F-165ADB0EFC0A&Options=&Search=", "project_type": "variance", "multifamily": false, "address": "8579 Pines Boulevard", "parcel": null, "status": "heard", "first_seen": "2026-08-07", "units": null, "acres": null, "score": 0}}, {"type": "Feature", "geometry": {"type": "Point", "coordinates": [-80.2575754, 26.0090698]}, "properties": {"id": "37ea1a062a8b44e1", "source": "pembroke-pines", "jurisdiction": "Pembroke Pines", "county": "Broward", "meeting_body": "Planning and Zoning Board", "meeting_date": "2026-08-13", "title": "ZV2026-0004, Dutch Bros Coffee, 8579 Pines Boulevard, variance request. (Cole) (District 2)", "summary": "", "plain": "Variance \u2014 at 8579 Pines Boulevard, Pembroke Pines", "link": "https://ppines.legistar.com/LegislationDetail.aspx?ID=8164275&GUID=C0383E3B-FD68-4E48-AA32-F4A884C1D602&G=11F1DFCB-631E-4C18-8D1F-165ADB0EFC0A&Options=&Search=", "project_type": "variance", "multifamily": false, "address": "8579 Pines Boulevard", "parcel": null, "status": "heard", "first_seen": "2026-08-07", "units": null, "acres": null, "score": 0}}, {"type": "Feature", "geometry": {"type": "Point", "coordinates": [-80.2575754, 26.0090698]}, "properties": {"id": "42e178a6e16c602e", "source": "pembroke-pines", "jurisdiction": "Pembroke Pines", "county": "Broward", "meeting_body": "Planning and Zoning Board", "meeting_date": "2026-08-13", "title": "ZV2026-0005, Dutch Bros Coffee, 8579 Pines Boulevard, variance request. (Cole) (District 2)", "summary": "", "plain": "Variance \u2014 at 8579 Pines Boulevard, Pembroke Pines", "link": "https://ppines.legistar.com/LegislationDetail.aspx?ID=8164276&GUID=6A675AA3-9AA9-40AC-A4E3-A3CDBB5D210E&G=11F1DFCB-631E-4C18-8D1F-165ADB0EFC0A&Options=&Search=", "project_type": "variance", "multifamily": false, "address": "8579 Pines Boulevard", "parcel": null, "status": "heard", "first_seen": "2026-08-07", "units": null, "acres": null, "score": 0}}, {"type": "Feature", "geometry": {"type": "Point", "coordinates": [-80.2868311, 26.0027141]}, "properties": {"id": "897f06030b9b820c", "source": "pembroke-pines", "jurisdiction": "Pembroke Pines", "county": "Broward", "meeting_body": "Board of Adjustment", "meeting_date": "2026-08-06", "title": "INFORMATION REGARDING VARIANCE/INTERPRETATION/APPEAL REQUESTS MAY BE RECEIVED IN THE OFFICE OF THE PLANNING AND ECONOMIC DEVELOPMENT DEPARTMENT, 601 CITY CENTER WAY, PEMBROKE PINES, FLORIDA (954) 392-2110, MONDAY - THURSDAY, BETWEEN THE HOURS OF 7:00 A.M. AND 6:00 P.M.", "summary": "INFORMATION REGARDING VARIANCE/INTERPRETATION/APPEAL REQUESTS MAY BE RECEIVED IN THE OFFICE OF THE PLANNING AND ECONOMIC DEVELOPMENT DEPARTMENT, 601 CITY CENTER WAY, PEMBROKE PINES, FLORIDA (954) 392-2110, MONDAY - THURSDAY, BETWEEN THE HOURS OF 7:00 A.M. AND 6:00 P.M.", "plain": "Variance \u2014 at 601 CITY CENTER WAY, Pembroke Pines", "link": "https://ppines.legistar.com/MeetingDetail.aspx?LEGID=1833&GID=38&G=11F1DFCB-631E-4C18-8D1F-165ADB0EFC0A", "project_type": "variance", "multifamily": false, "address": "601 CITY CENTER WAY", "parcel": null, "status": "heard", "first_seen": "2026-07-31", "units": null, "acres": null, "score": 0}}, {"type": "Feature", "geometry": {"type": "Point", "coordinates": [-80.392616870998, 26.005277798862]}, "properties": {"id": "7fa451d8707d5e26", "source": "pembroke-pines", "jurisdiction": "Pembroke Pines", "county": "Broward", "meeting_body": "Planning and Zoning Board", "meeting_date": "2026-06-11", "title": "SP2026-0001, Wal-Mart Supercenter, 151 SW 184 Avenue, site plan amendment.   (Julia) (District 4)", "summary": "", "plain": "Site plan \u2014 at 151 SW 184 Avenue, Pembroke Pines", "link": "https://ppines.legistar.com/LegislationDetail.aspx?ID=8058124&GUID=AEF96C1A-630D-467C-9414-CA7781E370EC&G=11F1DFCB-631E-4C18-8D1F-165ADB0EFC0A&Options=&Search=", "project_type": "site-plan", "multifamily": false, "address": "151 SW 184 Avenue", "parcel": null, "status": "heard", "first_seen": "2026-07-06", "units": null, "acres": null, "score": 0}}, {"type": "Feature", "geometry": {"type": "Point", "coordinates": [-80.2868311, 26.0027141]}, "properties": {"id": "07b395c697f58cf8", "source": "pembroke-pines", "jurisdiction": "Pembroke Pines", "county": "Broward", "meeting_body": "Board of Adjustment", "meeting_date": "2026-06-04", "title": "INFORMATION REGARDING VARIANCE/INTERPRETATION/APPEAL REQUESTS MAY BE RECEIVED IN THE OFFICE OF THE PLANNING AND ECONOMIC DEVELOPMENT DEPARTMENT, 601 CITY CENTER WAY, PEMBROKE PINES, FLORIDA (954) 392-2110, MONDAY - THURSDAY, BETWEEN THE HOURS OF 7:00 A.M. AND 6:00 P.M.", "summary": "INFORMATION REGARDING VARIANCE/INTERPRETATION/APPEAL REQUESTS MAY BE RECEIVED IN THE OFFICE OF THE PLANNING AND ECONOMIC DEVELOPMENT DEPARTMENT, 601 CITY CENTER WAY, PEMBROKE PINES, FLORIDA (954) 392-2110, MONDAY - THURSDAY, BETWEEN THE HOURS OF 7:00 A.M. AND 6:00 P.M.", "plain": "Variance \u2014 at 601 CITY CENTER WAY, Pembroke Pines", "link": "https://ppines.legistar.com/MeetingDetail.aspx?LEGID=1824&GID=38&G=11F1DFCB-631E-4C18-8D1F-165ADB0EFC0A", "project_type": "variance", "multifamily": false, "address": "601 CITY CENTER WAY", "parcel": null, "status": "heard", "first_seen": "2026-07-06", "units": null, "acres": null, "score": 0}}, {"type": "Feature", "geometry": {"type": "Point", "coordinates": [-80.352939883005, 26.007838121348]}, "properties": {"id": "60e09f5273595ef9", "source": "pembroke-pines", "jurisdiction": "Pembroke Pines", "county": "Broward", "meeting_body": "Planning and Zoning Board", "meeting_date": "2026-05-14", "title": "MSC2025-0029, Acura Pembroke Pines, 15601 Pines Boulevard, demolition and new construction of a portion of the canopy at the existing service drive thru, miscellaneous request.   (Julia) (District 3)", "summary": "", "plain": "Development item \u2014 at 15601 Pines Boulevard, Pembroke Pines", "link": "https://ppines.legistar.com/LegislationDetail.aspx?ID=8006533&GUID=F53916C7-31BC-414B-AC5B-72E690FB1663&G=11F1DFCB-631E-4C18-8D1F-165ADB0EFC0A&Options=&Search=", "project_type": "other-development", "multifamily": false, "address": "15601 Pines Boulevard", "parcel": null, "status": "heard", "first_seen": "2026-07-06", "units": null, "acres": null, "score": 0}}, {"type": "Feature", "geometry": {"type": "Point", "coordinates": [-80.2868311, 26.0027141]}, "properties": {"id": "b09cb125f8f59a33", "source": "pembroke-pines", "jurisdiction": "Pembroke Pines", "county": "Broward", "meeting_body": "Board of Adjustment", "meeting_date": "2026-04-16", "title": "INFORMATION REGARDING VARIANCE/INTERPRETATION/APPEAL REQUESTS MAY BE RECEIVED IN THE OFFICE OF THE PLANNING AND ECONOMIC DEVELOPMENT DEPARTMENT, 601 CITY CENTER WAY, PEMBROKE PINES, FLORIDA (954) 392-2110, MONDAY - THURSDAY, BETWEEN THE HOURS OF 7:00 A.M. AND 6:00 P.M.", "summary": "INFORMATION REGARDING VARIANCE/INTERPRETATION/APPEAL REQUESTS MAY BE RECEIVED IN THE OFFICE OF THE PLANNING AND ECONOMIC DEVELOPMENT DEPARTMENT, 601 CITY CENTER WAY, PEMBROKE PINES, FLORIDA (954) 392-2110, MONDAY - THURSDAY, BETWEEN THE HOURS OF 7:00 A.M. AND 6:00 P.M.", "plain": "Variance \u2014 at 601 CITY CENTER WAY, Pembroke Pines", "link": "https://ppines.legistar.com/MeetingDetail.aspx?LEGID=1819&GID=38&G=11F1DFCB-631E-4C18-8D1F-165ADB0EFC0A", "project_type": "variance", "multifamily": false, "address": "601 CITY CENTER WAY", "parcel": null, "status": "heard", "first_seen": "2026-07-06", "units": null, "acres": null, "score": 0}}, {"type": "Feature", "geometry": {"type": "Point", "coordinates": [-80.084671604426, 26.25506071375]}, "properties": {"id": "111121feed033370", "source": "pompano-beach", "jurisdiction": "Pompano Beach", "county": "Broward", "meeting_body": "Zoning Board of Appeals", "meeting_date": "2026-08-20", "title": "*REQUEST FOR REHEARING FOR PREVIOUSLY DENIED APPLICATION*\nSHINING HILL DEVELOPMENTS USA INC", "summary": "Prior Hearing Date: July 16, 2026\r\nResult: Variance Denied (2 in favor and 4 opposed)\r\nAny petitioner who may be aggrieved by a decision of the Zoning Board of Appeals may, within ten days from the date of the decision was orally pronounced, but not thereafter , apply to the ZBA for a rehearing at the next regularly scheduled meeting of the Board or unless heard earlier by a special meeting.\r\nThe ", "plain": "Variance \u00b7 5 units \u2014 at 1900 Bay Dr, Pompano Beach", "link": "https://pompano.legistar.com/LegislationDetail.aspx?ID=8169792&GUID=71D53957-5339-4A83-BC81-7196315B4295&G=75CDA943-2D61-46F7-A03A-0373346FC42C&Options=&Search=", "project_type": "variance", "multifamily": false, "address": "1900 Bay Dr", "parcel": null, "status": "heard", "first_seen": "2026-08-14", "units": 5, "acres": null, "score": 0}}, {"type": "Feature", "geometry": {"type": "Point", "coordinates": [-80.084386118144, 26.259002269747]}, "properties": {"id": "6e64b7ffdead3a37", "source": "pompano-beach", "jurisdiction": "Pompano Beach", "county": "Broward", "meeting_body": "Zoning Board of Appeals", "meeting_date": "2026-08-20", "title": "VARIANCE - HILLSBORO SHORES EXECUTIVE CLUB", "summary": "File #: LN-905 Version: 1 Name: Type: ZBA Submission Status: Regular Agenda Ready File created: 8/4/2026 In control: Zoning Board of Appeals On agenda: 8/20/2026 Final action: Title: VARIANCE - HILLSBORO SHORES EXECUTIVE CLUB Attachments: 1. Staff Report_26-11000017.pdf , 2. 00_Application-Owners Certificate.pdf , 3. 01_Narrative-Review Standards.pdf , 4. 02_Survey.pdf , 5. 03_Benthis Seagrass Sur", "plain": "Variance \u00b7 25 units \u2014 at 2508 Bay Dr, Pompano Beach", "link": "https://pompano.legistar.com/LegislationDetail.aspx?ID=8170204&GUID=4DE72993-EE91-4E47-B145-5592C48B8B19&G=75CDA943-2D61-46F7-A03A-0373346FC42C&Options=&Search=", "project_type": "variance", "multifamily": false, "address": "2508 Bay Dr", "parcel": null, "status": "heard", "first_seen": "2026-08-14", "units": 25, "acres": null, "score": 1}}, {"type": "Feature", "geometry": {"type": "Point", "coordinates": [-80.0943991, 26.2202126]}, "properties": {"id": "aba159a62de2c0a6", "source": "pompano-beach", "jurisdiction": "Pompano Beach", "county": "Broward", "meeting_body": "Zoning Board of Appeals", "meeting_date": "2026-08-20", "title": "SPECIAL EXCEPTION - SMAX LLC", "summary": "File #: LN-906 Version: 1 Name: Type: ZBA Submission Status: Regular Agenda Ready File created: 8/4/2026 In control: Zoning Board of Appeals On agenda: 8/20/2026 Final action: Title: SPECIAL EXCEPTION - SMAX LLC Attachments: 1. Staff Report_26-17000007.pdf , 2. 00_Application-Owners Certificate.pdf , 3. 01_Narrative-Review Standards.pdf , 4. 02_Survey.pdf , 5. 03_Site Plan.pdf , 6. 04_Landscape Pl", "plain": "Special exception \u2014 at 1370 Dr, Pompano Beach", "link": "https://pompano.legistar.com/LegislationDetail.aspx?ID=8170205&GUID=BD794065-14FA-48B8-8B44-93BD58D5FD60&G=75CDA943-2D61-46F7-A03A-0373346FC42C&Options=&Search=", "project_type": "special-exception", "multifamily": false, "address": "1370 Dr", "parcel": null, "status": "heard", "first_seen": "2026-08-14", "units": null, "acres": null, "score": 0}}, {"type": "Feature", "geometry": {"type": "Point", "coordinates": [-80.0943991, 26.2202126]}, "properties": {"id": "99ca09465bebbf95", "source": "pompano-beach", "jurisdiction": "Pompano Beach", "county": "Broward", "meeting_body": "Zoning Board of Appeals", "meeting_date": "2026-08-20", "title": "VARIANCE - SMAX LLC", "summary": "File #: LN-907 Version: 1 Name: Type: ZBA Submission Status: Regular Agenda Ready File created: 8/4/2026 In control: Zoning Board of Appeals On agenda: 8/20/2026 Final action: Title: VARIANCE - SMAX LLC Attachments: 1. Staff Report_26-11000018.pdf , 2. 00_Application-Owners Certificate.pdf , 3. 01_Narrative-Review Standards - Lot Area.pdf , 4. 02_Narrative-Review Standards - Parking.pdf , 5. 03_Su", "plain": "Variance \u2014 at 1370 Dr, Pompano Beach", "link": "https://pompano.legistar.com/LegislationDetail.aspx?ID=8170206&GUID=E8E9725C-5C20-4B27-9F30-017A227D4CA1&G=75CDA943-2D61-46F7-A03A-0373346FC42C&Options=&Search=", "project_type": "variance", "multifamily": false, "address": "1370 Dr", "parcel": null, "status": "heard", "first_seen": "2026-08-14", "units": null, "acres": null, "score": 0}}, {"type": "Feature", "geometry": {"type": "Point", "coordinates": [-80.101480588523, 26.292070299243]}, "properties": {"id": "42fc1a6c38b2fe9a", "source": "pompano-beach", "jurisdiction": "Pompano Beach", "county": "Broward", "meeting_body": "Zoning Board of Appeals", "meeting_date": "2026-08-20", "title": "VARIANCE - DELSON SILVA", "summary": "File #: LN-908 Version: 1 Name: Type: ZBA Submission Status: Regular Agenda Ready File created: 8/4/2026 In control: Zoning Board of Appeals On agenda: 8/20/2026 Final action: Title: VARIANCE - DELSON SILVA Attachments: 1. Staff Report_26-11000019.pdf , 2. 00_Application-Owners Certificate.pdf , 3. 01_Narrative-Review Standards.pdf , 4. 02_Survey.pdf , 5. 03_Site Plan + Drawings.pdf , 6. 04_Lot Co", "plain": "Variance \u00b7 5 units \u2014 at 1708 NE 50 ST, Pompano Beach", "link": "https://pompano.legistar.com/LegislationDetail.aspx?ID=8170207&GUID=59A65FE9-74B4-41F7-B3A7-79D50F5C832A&G=75CDA943-2D61-46F7-A03A-0373346FC42C&Options=&Search=", "project_type": "variance", "multifamily": false, "address": "1708 NE 50 ST", "parcel": null, "status": "heard", "first_seen": "2026-08-14", "units": 5, "acres": null, "score": 0}}, {"type": "Feature", "geometry": {"type": "Point", "coordinates": [-80.088915755559, 26.258492452673]}, "properties": {"id": "fc357949124ca751", "source": "pompano-beach", "jurisdiction": "Pompano Beach", "county": "Broward", "meeting_body": "Zoning Board of Appeals", "meeting_date": "2026-08-20", "title": "VARIANCE - DERIK WAGNER", "summary": "File #: LN-909 Version: 1 Name: Type: ZBA Submission Status: Regular Agenda Ready File created: 8/4/2026 In control: Zoning Board of Appeals On agenda: 8/20/2026 Final action: Title: VARIANCE - DERIK WAGNER Attachments: 1. Staff Report_26-11000020.pdf , 2. 00_Application-Owners Certificate.pdf , 3. 01_Narrative-Review Standards.pdf , 4. 02_Survey.pdf , 5. 03_Site Plans.pdf , 6. Legal Description_2", "plain": "Variance \u00b7 5 units \u00b7 0.32 ac \u2014 at 3200 Dover Rd, Pompano Beach", "link": "https://pompano.legistar.com/LegislationDetail.aspx?ID=8170208&GUID=FC948FE2-7CE1-46A5-BB52-D416B4EB5857&G=75CDA943-2D61-46F7-A03A-0373346FC42C&Options=&Search=", "project_type": "variance", "multifamily": false, "address": "3200 Dover Rd", "parcel": null, "status": "heard", "first_seen": "2026-08-14", "units": 5, "acres": 0.32, "score": 0}}, {"type": "Feature", "geometry": {"type": "Point", "coordinates": [-80.147351948133, 26.239300162989]}, "properties": {"id": "d3bfe09b3dba2b05", "source": "pompano-beach", "jurisdiction": "Pompano Beach", "county": "Broward", "meeting_body": "Community Redevelopment Agency", "meeting_date": "2026-07-21", "title": "A RESOLUTION OF THE POMPANO BEACH COMMUNITY REDEVELOPMENT AGENCY (CRA), APPROVING AND AUTHORIZING THE PROPER OFFICIALS TO EXECUTE A PROPERTY DISPOSITION AND DEVELOPMENT AGREEMENT BETWEEN THE CRA AND PARRISH & ASSOCIATES, LLC RELATING TO TWO (2) VACANT CRA OWNED PARCELS OF LAND LOCATED AT 801 NW 18TH AVENUE TO BE DEVELOPED AS AND UTILIZED FOR AFFORDABLE HOUSING; PROVIDING AN EFFECTIVE DATE.\r\n(Fisca", "summary": "", "plain": "Multifamily development agreement \u2014 at 801 NW 18TH AVENUE, Pompano Beach", "link": "https://pompano.legistar.com/LegislationDetail.aspx?ID=8139602&GUID=A8D7E492-F8E1-4229-922A-6D435923614D&G=75CDA943-2D61-46F7-A03A-0373346FC42C&Options=&Search=", "project_type": "development-agreement", "multifamily": true, "address": "801 NW 18TH AVENUE", "parcel": null, "status": "heard", "first_seen": "2026-07-17", "units": null, "acres": null, "score": 3}}, {"type": "Feature", "geometry": {"type": "Point", "coordinates": [-80.123956791135, 26.224238077344]}, "properties": {"id": "04e48f13276887ba", "source": "pompano-beach", "jurisdiction": "Pompano Beach", "county": "Broward", "meeting_body": "Zoning Board of Appeals", "meeting_date": "2026-07-16", "title": "VARIANCE - TOPLINE PERFORMANCE INC", "summary": "File #: LN-882 Version: 1 Name: Type: ZBA Submission Status: Failed File created: 6/8/2026 In control: Zoning Board of Appeals On agenda: 6/18/2026 Final action: 7/16/2026 Title: VARIANCE - TOPLINE PERFORMANCE INC Attachments: 1. Staff Report_26-11000003.pdf , 2. 00_Application-Owners Certificate.pdf , 3. 01_Narrative-Review Standards.pdf , 4. 02_Survey.pdf , 5. 03_Site Plan.pdf , 6. 04_Floor Plan", "plain": "Variance \u2014 at 50 SW 5 ST, Pompano Beach", "link": "https://pompano.legistar.com/LegislationDetail.aspx?ID=8067841&GUID=ED3187A8-E527-4582-9920-90C445930473&G=75CDA943-2D61-46F7-A03A-0373346FC42C&Options=&Search=", "project_type": "variance", "multifamily": false, "address": "50 SW 5 ST", "parcel": null, "status": "heard", "first_seen": "2026-07-06", "units": null, "acres": null, "score": 0}}, {"type": "Feature", "geometry": {"type": "Point", "coordinates": [-80.142086735641, 26.21012364865]}, "properties": {"id": "d9c8859acf8fea3f", "source": "pompano-beach", "jurisdiction": "Pompano Beach", "county": "Broward", "meeting_body": "Zoning Board of Appeals", "meeting_date": "2026-07-16", "title": "SPECIAL EXCEPTION - GRAINGER & JENNINGS RLTY CORP", "summary": "File #: LN-890 Version: 1 Name: Type: ZBA Submission Status: Passed File created: 6/25/2026 In control: Zoning Board of Appeals On agenda: 7/16/2026 Final action: 7/16/2026 Title: SPECIAL EXCEPTION - GRAINGER & JENNINGS RLTY CORP Attachments: 1. Staff Report_26-17000006.pdf , 2. 00_Application-Owners Certificate.pdf , 3. 01_Narrative-Review Standards.pdf , 4. 02_Survey.pdf , 5. 03_Conceptual Site ", "plain": "Special exception \u2014 at 2250 N Andrews Ave, Pompano Beach", "link": "https://pompano.legistar.com/LegislationDetail.aspx?ID=8129379&GUID=4AA747AC-E392-4E55-82DD-31729B774BCD&G=75CDA943-2D61-46F7-A03A-0373346FC42C&Options=&Search=", "project_type": "special-exception", "multifamily": false, "address": "2250 N Andrews Ave", "parcel": null, "status": "heard", "first_seen": "2026-07-09", "units": null, "acres": null, "score": 0}}, {"type": "Feature", "geometry": {"type": "Point", "coordinates": [-80.100843104509, 26.275674576074]}, "properties": {"id": "0efbc92c25b924e2", "source": "pompano-beach", "jurisdiction": "Pompano Beach", "county": "Broward", "meeting_body": "Zoning Board of Appeals", "meeting_date": "2026-07-16", "title": "VARIANCE - ALICJA GRIMANN", "summary": "File #: LN-891 Version: 1 Name: Type: ZBA Submission Status: Passed File created: 6/25/2026 In control: Zoning Board of Appeals On agenda: 7/16/2026 Final action: 7/16/2026 Title: VARIANCE - ALICJA GRIMANN Attachments: 1. Staff Report_26-11000014.pdf , 2. 00_Application-Owners Certificate.pdf , 3. 01_Narrative-Review Standards.pdf , 4. 02.1_Survey.pdf , 5. 02.2_SurveyZoom.pdf , 6. 03_Site-Plot Pla", "plain": "Variance \u00b7 5 units \u2014 at 3611 NE 16 Ter, Pompano Beach", "link": "https://pompano.legistar.com/LegislationDetail.aspx?ID=8129380&GUID=0ECFA471-B248-4C82-A965-144260605497&G=75CDA943-2D61-46F7-A03A-0373346FC42C&Options=&Search=", "project_type": "variance", "multifamily": false, "address": "3611 NE 16 Ter", "parcel": null, "status": "heard", "first_seen": "2026-07-09", "units": 5, "acres": null, "score": 0}}, {"type": "Feature", "geometry": {"type": "Point", "coordinates": [-80.088047529018, 26.241789411871]}, "properties": {"id": "1a5a939cd8ac3ba3", "source": "pompano-beach", "jurisdiction": "Pompano Beach", "county": "Broward", "meeting_body": "Planning and Zoning Board", "meeting_date": "2026-06-24", "title": "LA PLAGE LAND USE AMENDMENT", "summary": "File #: LN-849 Version: 1 2 Name: Type: PZB Submission Status: Reported to Council File created: 2/4/2026 In control: Planning and Zoning Board On agenda: 6/24/2026 Final action: 6/24/2026 Title: LA PLAGE LAND USE AMENDMENT Attachments: 1. DRC Documents 02-18-2026.zip , 2. PZB Documents 6-24-2026.zip , 3. Public Correspondence - Alexander, Linda.pdf , 4. Public Correspondence - Aramouni, Roger.pdf", "plain": "Land-use change \u2014 at 600-604 N Ocean Blvd, Pompano Beach", "link": "https://pompano.legistar.com/LegislationDetail.aspx?ID=8072448&GUID=3F08BB59-9BBC-401A-876F-36E6A4AE5C4B&G=75CDA943-2D61-46F7-A03A-0373346FC42C&Options=&Search=", "project_type": "land-use", "multifamily": false, "address": "600-604 N Ocean Blvd", "parcel": null, "status": "heard", "first_seen": "2026-07-06", "units": null, "acres": null, "score": 1}}, {"type": "Feature", "geometry": {"type": "Point", "coordinates": [-80.094289993702, 26.297391938996]}, "properties": {"id": "681f29e1bdb9914d", "source": "pompano-beach", "jurisdiction": "Pompano Beach", "county": "Broward", "meeting_body": "Zoning Board of Appeals", "meeting_date": "2026-06-18", "title": "SPECIAL EXCEPTION - M&A BROTHERS REALTY NO 17 INC", "summary": "Note:The 17th Judicial Circuit Court of Florida, on May 11, 2026, granted the Applicant's Petition for Writ of Certiorari and quashed the City of Pompano Beach Zoning Board of Appeal's July 17, 2025, Order denying the Petitioner's Special Exception application.", "plain": "Special exception \u2014 at 5391 N Federal Hwy, Pompano Beach", "link": "https://pompano.legistar.com/LegislationDetail.aspx?ID=8066264&GUID=2BC44004-0620-424A-8654-9274D782BCCD&G=75CDA943-2D61-46F7-A03A-0373346FC42C&Options=&Search=", "project_type": "special-exception", "multifamily": false, "address": "5391 N Federal Hwy", "parcel": null, "status": "heard", "first_seen": "2026-07-06", "units": null, "acres": null, "score": 0}}, {"type": "Feature", "geometry": {"type": "Point", "coordinates": [-80.164038095433, 26.261994061606]}, "properties": {"id": "74b040899dd8d10b", "source": "pompano-beach", "jurisdiction": "Pompano Beach", "county": "Broward", "meeting_body": "Zoning Board of Appeals", "meeting_date": "2026-06-18", "title": "VARIANCE - TEACHERS INSURANCE & ANNUITY ASSN OF AMERICA", "summary": "File #: LN-883 Version: 1 Name: Type: ZBA Submission Status: Passed File created: 6/8/2026 In control: Zoning Board of Appeals On agenda: 6/18/2026 Final action: 6/18/2026 Title: VARIANCE - TEACHERS INSURANCE & ANNUITY ASSN OF AMERICA Attachments: 1. Staff Report_26-11000013.pdf , 2. 00_Application-Owners Certificate.pdf , 3. 01_Narrative-Review Standards.pdf , 4. 02.1_Survey Full Site.pdf , 5. 02", "plain": "Variance \u2014 at 2700 NW 25 ST, Pompano Beach", "link": "https://pompano.legistar.com/LegislationDetail.aspx?ID=8067842&GUID=53D5B3F6-545C-44D4-98F2-C2357315AEC8&G=75CDA943-2D61-46F7-A03A-0373346FC42C&Options=&Search=", "project_type": "variance", "multifamily": false, "address": "2700 NW 25 ST", "parcel": null, "status": "heard", "first_seen": "2026-07-06", "units": null, "acres": null, "score": 0}}, {"type": "Feature", "geometry": {"type": "Point", "coordinates": [-80.1069536, 26.2114702]}, "properties": {"id": "3dab464e2c76de1a", "source": "pompano-beach", "jurisdiction": "Pompano Beach", "county": "Broward", "meeting_body": "Zoning Board of Appeals", "meeting_date": "2026-06-18", "title": "VARIANCE - IRELAND POMPANO, LTD", "summary": "File #: LN-884 Version: 1 Name: Type: ZBA Submission Status: Passed File created: 6/8/2026 In control: Zoning Board of Appeals On agenda: 6/18/2026 Final action: 6/18/2026 Title: VARIANCE - IRELAND POMPANO, LTD Attachments: 1. Staff Report_26-11000012.pdf , 2. 00_Application-Owners Certificate.pdf , 3. 01_Narrative-Review Standards.pdf , 4. 02.1_Survey_960 N Fed Hwy.pdf , 5. 02.2_Survey_998 N Fed ", "plain": "Variance \u2014 at 998 N Federal Hwy, Pompano Beach", "link": "https://pompano.legistar.com/LegislationDetail.aspx?ID=8067843&GUID=3114D4BA-68C3-4D11-BF78-9A51BB3650D0&G=75CDA943-2D61-46F7-A03A-0373346FC42C&Options=&Search=", "project_type": "variance", "multifamily": false, "address": "998 N Federal Hwy", "parcel": null, "status": "heard", "first_seen": "2026-07-06", "units": null, "acres": null, "score": 0}}, {"type": "Feature", "geometry": {"type": "Point", "coordinates": [-80.1069536, 26.2114702]}, "properties": {"id": "cd3c42d053feb28b", "source": "pompano-beach", "jurisdiction": "Pompano Beach", "county": "Broward", "meeting_body": "Zoning Board of Appeals", "meeting_date": "2026-06-18", "title": "SPECIAL EXCEPTION - IRELAND POMPANO, LTD", "summary": "File #: LN-885 Version: 1 Name: Type: ZBA Submission Status: Passed File created: 6/8/2026 In control: Zoning Board of Appeals On agenda: 6/18/2026 Final action: 6/18/2026 Title: SPECIAL EXCEPTION - IRELAND POMPANO, LTD Attachments: 1. Staff Report_26-17000004.pdf , 2. 00_Application-Owners Certificate.pdf , 3. 01_Narrative-Review Standards.pdf , 4. 02.1_Survey_960 N Fed Hwy.pdf , 5. 02.2_Survey_9", "plain": "Special exception \u2014 at 998 N Federal Hwy, Pompano Beach", "link": "https://pompano.legistar.com/LegislationDetail.aspx?ID=8067844&GUID=41CF3524-0811-4C68-898A-1C499805BEAE&G=75CDA943-2D61-46F7-A03A-0373346FC42C&Options=&Search=", "project_type": "special-exception", "multifamily": false, "address": "998 N Federal Hwy", "parcel": null, "status": "heard", "first_seen": "2026-07-06", "units": null, "acres": null, "score": 0}}, {"type": "Feature", "geometry": {"type": "Point", "coordinates": [-80.159905652458, 26.211386902416]}, "properties": {"id": "ea3e380330897c0b", "source": "pompano-beach", "jurisdiction": "Pompano Beach", "county": "Broward", "meeting_body": "Zoning Board of Appeals", "meeting_date": "2026-06-18", "title": "SPECIAL EXCEPTION - RL FAMILY PROPERTY OWNER LLC / EL FAMILY PROPERTY OWNER LLC ETA", "summary": "File #: LN-886 Version: 1 Name: Type: ZBA Submission Status: Passed File created: 6/8/2026 In control: Zoning Board of Appeals On agenda: 6/18/2026 Final action: 6/18/2026 Title: SPECIAL EXCEPTION - RL FAMILY PROPERTY OWNER LLC / EL FAMILY PROPERTY OWNER LLC ETA Attachments: 1. Staff Report_26-17000005.pdf , 2. 00_Application-Owners Certificate.pdf , 3. 01_Narrative-Review Standards.pdf , 4. 02_Su", "plain": "Special exception \u2014 at 1440 SW 28 Ave, Pompano Beach", "link": "https://pompano.legistar.com/LegislationDetail.aspx?ID=8067845&GUID=5A3872B3-CBC5-4F35-9F29-FF6492422A9B&G=75CDA943-2D61-46F7-A03A-0373346FC42C&Options=&Search=", "project_type": "special-exception", "multifamily": false, "address": "1440 SW 28 Ave", "parcel": null, "status": "heard", "first_seen": "2026-07-06", "units": null, "acres": null, "score": 0}}, {"type": "Feature", "geometry": {"type": "Point", "coordinates": [-80.10072763877, 26.2316709001]}, "properties": {"id": "bae810d2dd47409d", "source": "pompano-beach", "jurisdiction": "Pompano Beach", "county": "Broward", "meeting_body": "Zoning Board of Appeals", "meeting_date": "2026-05-21", "title": "VARIANCE - STRENGTH IN HIM LLC", "summary": "File #: LN-859 Version: 1 Name: Type: ZBA Submission Status: Passed File created: 3/5/2026 In control: Zoning Board of Appeals On agenda: 5/21/2026 Final action: 5/21/2026 Title: VARIANCE - STRENGTH IN HIM LLC Attachments: 1. Postponement of Hearing Tonight_04.16.2026.pdf , 2. Staff Report_26-11000008.pdf , 3. 00_Application-Owners Certificate.pdf , 4. 01_Narrative-Review Standards.pdf , 5. 02_Sur", "plain": "Variance \u2014 at 2314 E Atlantic Blvd, Pompano Beach", "link": "https://pompano.legistar.com/LegislationDetail.aspx?ID=7947911&GUID=A8AE32CA-47E3-48D5-BAFB-FAD18918D2BF&G=75CDA943-2D61-46F7-A03A-0373346FC42C&Options=&Search=", "project_type": "variance", "multifamily": false, "address": "2314 E Atlantic Blvd", "parcel": null, "status": "heard", "first_seen": "2026-07-06", "units": null, "acres": null, "score": 0}}, {"type": "Feature", "geometry": {"type": "Point", "coordinates": [-80.111842286937, 26.239593529289]}, "properties": {"id": "9f8204a13a98e7e0", "source": "pompano-beach", "jurisdiction": "Pompano Beach", "county": "Broward", "meeting_body": "Zoning Board of Appeals", "meeting_date": "2026-05-21", "title": "VARIANCE - JAMES GALLUCCI", "summary": "File #: LN-876 Version: 1 Name: Type: ZBA Submission Status: Passed File created: 5/6/2026 In control: Zoning Board of Appeals On agenda: 5/21/2026 Final action: 5/21/2026 Title: VARIANCE - JAMES GALLUCCI Attachments: 1. Staff Report_26-11000011.pdf , 2. 00_Application-Owners Certificate.pdf , 3. 01_Narrative-Review Standards.pdf , 4. 02_Survey.pdf , 5. 03_Site Plan.pdf , 6. Legal Description.pdf ", "plain": "Variance \u00b7 10 units \u2014 at 825 NE 12 Ave, Pompano Beach", "link": "https://pompano.legistar.com/LegislationDetail.aspx?ID=8027951&GUID=E3B13018-40FD-4436-AB24-8B516665F409&G=75CDA943-2D61-46F7-A03A-0373346FC42C&Options=&Search=", "project_type": "variance", "multifamily": false, "address": "825 NE 12 Ave", "parcel": null, "status": "heard", "first_seen": "2026-07-06", "units": 10, "acres": null, "score": 0}}, {"type": "Feature", "geometry": {"type": "Point", "coordinates": [-80.123340092094, 26.237573030255]}, "properties": {"id": "e56afc473dc053b4", "source": "pompano-beach", "jurisdiction": "Pompano Beach", "county": "Broward", "meeting_body": "Zoning Board of Appeals", "meeting_date": "2026-05-21", "title": "VARIANCE - FOLLIA BUILDING LLC", "summary": "File #: LN-875 Version: 1 Name: Type: ZBA Submission Status: Passed File created: 5/6/2026 In control: Zoning Board of Appeals On agenda: 5/21/2026 Final action: 5/21/2026 Title: VARIANCE - FOLLIA BUILDING LLC Attachments: 1. Staff Report_26-11000010.pdf , 2. 00_Application-Owners Certificate.pdf , 3. 01_Narrative-Review Standards.pdf , 4. 02_Survey.pdf , 5. 03_Site Plan.pdf , 6. 04.1_IMG_7634.pdf", "plain": "Variance \u2014 at 621 NE 1 Ave, Pompano Beach", "link": "https://pompano.legistar.com/LegislationDetail.aspx?ID=8027950&GUID=AED73900-D29D-4F78-BD67-9A667631AC2F&G=75CDA943-2D61-46F7-A03A-0373346FC42C&Options=&Search=", "project_type": "variance", "multifamily": false, "address": "621 NE 1 Ave", "parcel": null, "status": "heard", "first_seen": "2026-07-06", "units": null, "acres": null, "score": 0}}, {"type": "Feature", "geometry": {"type": "Point", "coordinates": [-80.164019853496, 26.214364184298]}, "properties": {"id": "b584180948740ca6", "source": "pompano-beach", "jurisdiction": "Pompano Beach", "county": "Broward", "meeting_body": "Development Review Committee", "meeting_date": "2026-05-20", "title": "MEETING SCHEDULE", "summary": "9:00 AM In-Person: PZ 26-13200002: Minor Deviation to Site Plan PZ20-12000013 Bank of America\r\n9:45 AM Virtual: PZ 25-12000048: Warehouse Addition for 1150 SW 30th Ave\r\n10:30  AM Virtual: PZ 25-12000032: Auto Toy Store\r\n11:00  AM Virtual: PZ 25-12000015: 50 SW 5 St", "plain": "Site plan \u2014 at 1150 SW 30th Ave 10, Pompano Beach", "link": "https://pompano.legistar.com/MeetingDetail.aspx?LEGID=1773&GID=650&G=75CDA943-2D61-46F7-A03A-0373346FC42C", "project_type": "site-plan", "multifamily": false, "address": "1150 SW 30th Ave 10", "parcel": null, "status": "heard", "first_seen": "2026-07-06", "units": null, "acres": null, "score": 0}}, {"type": "Feature", "geometry": {"type": "Point", "coordinates": [-80.10056924958, 26.231922961739]}, "properties": {"id": "4b72df792de71c3f", "source": "pompano-beach", "jurisdiction": "Pompano Beach", "county": "Broward", "meeting_body": "Development Review Committee", "meeting_date": "2026-05-20", "title": "MINOR DEVIATION TO SITE PLAN PZ20-12000013 BANK OF AMERICA", "summary": "File #: LN-877 Version: 1 Name: Type: DRC Submission Status: Regular Agenda Ready File created: 5/6/2026 In control: Development Review Committee On agenda: 5/20/2026 Final action: Title: MINOR DEVIATION TO SITE PLAN PZ20-12000013 BANK OF AMERICA Attachments: 1. 000_DRCStaffReport_26-13200002.pdf , 2. DRC Documents_05.20.2026.zip , 3. DRC Drawings_05.20.2026.zip , 4. Post DRC Documents_06.30.2026.", "plain": "Site plan \u2014 at 2335 E Atlantic Blvd, Pompano Beach", "link": "https://pompano.legistar.com/LegislationDetail.aspx?ID=8026207&GUID=1EFBC61B-F8A7-48FA-91E3-B5E5F86F01F8&G=75CDA943-2D61-46F7-A03A-0373346FC42C&Options=&Search=", "project_type": "site-plan", "multifamily": false, "address": "2335 E Atlantic Blvd", "parcel": null, "status": "heard", "first_seen": "2026-07-06", "units": null, "acres": null, "score": 0}}, {"type": "Feature", "geometry": {"type": "Point", "coordinates": [-80.147351948133, 26.239300162989]}, "properties": {"id": "d6ea4009aaee26e9", "source": "pompano-beach", "jurisdiction": "Pompano Beach", "county": "Broward", "meeting_body": "Community Redevelopment Agency", "meeting_date": "2026-05-19", "title": "Request by Office of Housing and Urban Improvement (OHUI) to convey three (3) CRA owned parcels to the City of Pompano Beach for development as affordable housing and consideration of three (3) unsolicited proposals for such parcels received in response to legal advertisement for the Notice of Intent to Dispose of Property.\r\n(Fiscal Impact: N/A)", "summary": "File #: 26-366 Version: 1 Name: Type: Item for Consideration/Discussion Status: Passed File created: 5/11/2026 In control: Community Redevelopment Agency On agenda: 5/19/2026 Final action: 5/19/2026 Title: Request by Office of Housing and Urban Improvement (OHUI) to convey three (3) CRA owned parcels to the City of Pompano Beach for development as affordable housing and consideration of three (3) ", "plain": "Multifamily development item \u2014 at 801 NW 18th Ave, Pompano Beach", "link": "https://pompano.legistar.com/LegislationDetail.aspx?ID=8029233&GUID=08448115-C2D6-4B74-8EB8-8FDB3616B8E3&G=75CDA943-2D61-46F7-A03A-0373346FC42C&Options=&Search=", "project_type": "other-development", "multifamily": true, "address": "801 NW 18th Ave", "parcel": null, "status": "heard", "first_seen": "2026-07-06", "units": null, "acres": null, "score": 3}}, {"type": "Feature", "geometry": {"type": "Point", "coordinates": [-80.099910298785, 26.231671500108]}, "properties": {"id": "97e6a25c6a7b978d", "source": "pompano-beach", "jurisdiction": "Pompano Beach", "county": "Broward", "meeting_body": "Architectural Appearance Committee", "meeting_date": "2026-05-05", "title": "2400 E ATLANTIC MIXED-USE DEVELOPMENT", "summary": "File #: LN-705 Version: 1 2 3 4 5 Name: Type: AAC Submission Status: Passed File created: 4/7/2026 In control: Architectural Appearance Committee On agenda: 5/5/2026 Final action: 5/5/2026 Title: 2400 E ATLANTIC MIXED-USE DEVELOPMENT Attachments: 1. DRC Documents_04.02.2025.zip , 2. DRC Drawings_04.02.2025.zip , 3. DRC Drawings_05.21.2025.zip , 4. DRC Documents_05.21.2025.zip , 5. AAC Documents_Au", "plain": "Multifamily development item \u2014 at 2400 E Atlantic Blvd, Pompano Beach", "link": "https://pompano.legistar.com/LegislationDetail.aspx?ID=7994644&GUID=C947D87C-50AA-4273-815F-042243536321&G=75CDA943-2D61-46F7-A03A-0373346FC42C&Options=&Search=", "project_type": "other-development", "multifamily": true, "address": "2400 E Atlantic Blvd", "parcel": null, "status": "heard", "first_seen": "2026-07-06", "units": null, "acres": null, "score": 3}}, {"type": "Feature", "geometry": {"type": "Point", "coordinates": [-80.085556173427, 26.258242365673]}, "properties": {"id": "0c7e7224deecdf49", "source": "pompano-beach", "jurisdiction": "Pompano Beach", "county": "Broward", "meeting_body": "Zoning Board of Appeals", "meeting_date": "2026-04-16", "title": "VARIANCE - EXECUTIVE PROPERTY RELATIONS LLC", "summary": "File #: LN-866 Version: 1 Name: Type: ZBA Submission Status: Failed File created: 3/31/2026 In control: Zoning Board of Appeals On agenda: 4/16/2026 Final action: 4/16/2026 Title: VARIANCE - EXECUTIVE PROPERTY RELATIONS LLC Attachments: 1. Staff Report_26-11000009.pdf , 2. 00_Application-Owners Certificate.pdf , 3. 01.1_Narrative-Review Standards - Pergola.pdf , 4. 01.2_Narrative-Review Standards ", "plain": "Variance \u00b7 5 units \u2014 at 3415 Dover Rd, Pompano Beach", "link": "https://pompano.legistar.com/LegislationDetail.aspx?ID=7976503&GUID=7130CF93-D602-484C-8627-F098AA788F09&G=75CDA943-2D61-46F7-A03A-0373346FC42C&Options=&Search=", "project_type": "variance", "multifamily": false, "address": "3415 Dover Rd", "parcel": null, "status": "heard", "first_seen": "2026-07-06", "units": 5, "acres": null, "score": 0}}, {"type": "Feature", "geometry": {"type": "Point", "coordinates": [-80.097013695084, 26.291560771673]}, "properties": {"id": "b50d39adc8a0e2fe", "source": "pompano-beach", "jurisdiction": "Pompano Beach", "county": "Broward", "meeting_body": "Zoning Board of Appeals", "meeting_date": "2026-03-19", "title": "SPECIAL EXCEPTION - A-1940 LLC", "summary": "File #: LN-856 Version: 1 Name: Type: ZBA Submission Status: Passed File created: 3/5/2026 In control: Zoning Board of Appeals On agenda: 3/19/2026 Final action: 3/19/2026 Title: SPECIAL EXCEPTION - A-1940 LLC Attachments: 1. Staff Report_26-17000003.pdf , 2. 00_Application-Owners Certificate.pdf , 3. 01_Narrative-Review Standards.pdf , 4. 02_Survey.pdf , 5. 03_Floor Plan - Store Layout.jpeg , 6. ", "plain": "Special exception \u2014 at 1952 NE 49 ST, Pompano Beach", "link": "https://pompano.legistar.com/LegislationDetail.aspx?ID=7947908&GUID=17F7E876-21D1-4432-AFE3-67AD52FDBAE1&G=75CDA943-2D61-46F7-A03A-0373346FC42C&Options=&Search=", "project_type": "special-exception", "multifamily": false, "address": "1952 NE 49 ST", "parcel": null, "status": "heard", "first_seen": "2026-07-06", "units": null, "acres": null, "score": 0}}, {"type": "Feature", "geometry": {"type": "Point", "coordinates": [-80.121412756375, 26.25219401193]}, "properties": {"id": "4a64377a169a79dc", "source": "pompano-beach", "jurisdiction": "Pompano Beach", "county": "Broward", "meeting_body": "Zoning Board of Appeals", "meeting_date": "2026-03-19", "title": "VARIANCE - GORDON COOK", "summary": "File #: LN-857 Version: 1 Name: Type: ZBA Submission Status: Failed File created: 3/5/2026 In control: Zoning Board of Appeals On agenda: 3/19/2026 Final action: 3/19/2026 Title: VARIANCE - GORDON COOK Attachments: 1. Staff Report_26-11000006.pdf , 2. 00_Application-Owners Certificate.pdf , 3. 01_Narrative-Review Standards.pdf , 4. 02_Survey.pdf , 5. 03_Existing Site Plan.pdf , 6. 04_Proposed Site", "plain": "Variance \u00b7 5 units \u2014 at 1711 NE 2 Ter, Pompano Beach", "link": "https://pompano.legistar.com/LegislationDetail.aspx?ID=7947909&GUID=7A7286A4-2974-4A11-8800-AB4110ECF68D&G=75CDA943-2D61-46F7-A03A-0373346FC42C&Options=&Search=", "project_type": "variance", "multifamily": false, "address": "1711 NE 2 Ter", "parcel": null, "status": "heard", "first_seen": "2026-07-06", "units": 5, "acres": null, "score": 0}}, {"type": "Feature", "geometry": {"type": "Point", "coordinates": [-80.099850486547, 26.278846479583]}, "properties": {"id": "50115d7afbc5b64f", "source": "pompano-beach", "jurisdiction": "Pompano Beach", "county": "Broward", "meeting_body": "Zoning Board of Appeals", "meeting_date": "2026-03-19", "title": "VARIANCE - MICHAEL MCCORMACK", "summary": "Subsequent to the issuance of public hearing notices, the applicant withdrew the variance application. Because the hearing was publicly noticed pursuant to state law, the item must remain on the agenda for the Board to acknowledge the withdrawal.", "plain": "Variance \u00b7 5 units \u2014 at 1725 NE 39 ST, Pompano Beach", "link": "https://pompano.legistar.com/LegislationDetail.aspx?ID=7947910&GUID=F265957E-BBEC-4F58-BE6E-7681589EA6B2&G=75CDA943-2D61-46F7-A03A-0373346FC42C&Options=&Search=", "project_type": "variance", "multifamily": false, "address": "1725 NE 39 ST", "parcel": null, "status": "heard", "first_seen": "2026-07-06", "units": 5, "acres": null, "score": 0}}, {"type": "Feature", "geometry": {"type": "Point", "coordinates": [-80.159351442045, 26.234098492176]}, "properties": {"id": "7d0d31480e671832", "source": "pompano-beach", "jurisdiction": "Pompano Beach", "county": "Broward", "meeting_body": "Community Redevelopment Agency", "meeting_date": "2026-03-17", "title": "A RESOLUTION OF THE POMPANO BEACH COMMUNITY REDEVELOPMENT AGENCY (CRA), APPROVING AND AUTHORIZING THE PROPER OFFICIALS TO EXECUTE A PROPERTY DISPOSITION AND DEVELOPMENT AGREEMENT BETWEEN THE CRA AND PARRISH & ASSOCIATES, LLC RELATING TO ONE (1) VACANT CRA OWNED PARCEL OF LAND LOCATED AT 300 NW 27TH AVENUE TO BE DEVELOPED AS FOUR TOWNHOMES; PROVIDING AN EFFECTIVE DATE.\r\n(Fiscal Impact: $220,000 Rev", "summary": "", "plain": "Multifamily development agreement \u2014 at 300 NW 27TH AVENUE, Pompano Beach", "link": "https://pompano.legistar.com/LegislationDetail.aspx?ID=7948319&GUID=31AAA699-309D-45EE-9E3B-FDB4CB6EDA3B&G=75CDA943-2D61-46F7-A03A-0373346FC42C&Options=&Search=", "project_type": "development-agreement", "multifamily": true, "address": "300 NW 27TH AVENUE", "parcel": null, "status": "heard", "first_seen": "2026-07-06", "units": null, "acres": null, "score": 3}}, {"type": "Feature", "geometry": {"type": "Point", "coordinates": [-80.134740125663, 26.254527014861]}, "properties": {"id": "16ccbb962248e30f", "source": "pompano-beach", "jurisdiction": "Pompano Beach", "county": "Broward", "meeting_body": "Community Redevelopment Agency", "meeting_date": "2026-03-17", "title": "A RESOLUTION OF THE POMPANO BEACH COMMUNITY REDEVELOPMENT AGENCY (CRA), APPROVING AND AUTHORIZING THE PROPER OFFICIALS TO EXECUTE A PROPERTY DISPOSITION AND DEVELOPMENT AGREEMENT BETWEEN THE CRA AND FRAZIER ELITE HOMES, LLC. RELATING TO ONE (1) VACANT CRA OWNED PARCEL OF LAND LOCATED AT 1910 NW 7TH STREET TO BE DEVELOPED AND UTILIZED FOR AFFORDABLE HOUSING; PROVIDING AN EFFECTIVE DATE.\n(Fiscal Imp", "summary": "", "plain": "Multifamily development agreement \u2014 at 1910 NW 7TH STREET, Pompano Beach", "link": "https://pompano.legistar.com/LegislationDetail.aspx?ID=7878782&GUID=DE05D546-6E4D-42CD-97C8-29CBF223F84F&G=75CDA943-2D61-46F7-A03A-0373346FC42C&Options=&Search=", "project_type": "development-agreement", "multifamily": true, "address": "1910 NW 7TH STREET", "parcel": null, "status": "heard", "first_seen": "2026-07-06", "units": null, "acres": null, "score": 3}}, {"type": "Feature", "geometry": {"type": "Point", "coordinates": [-80.124850403111, 26.302713778478]}, "properties": {"id": "e9489793055fd58c", "source": "deerfield-beach", "jurisdiction": "Deerfield Beach", "county": "Broward", "meeting_body": "General", "meeting_date": "2026-09-03", "title": "P.H. 2026-081: APPLICATION 92-PID-2X Rev.2 Applicant: JFL Realty Corp, represented by Shane Ames Proposal: Seeking Major Site Plan approval to construct an addition of 8,264 square feet to an existing warehouse building with associated site improvements on a 3.08-acre (net) site in the PID, Planned Industrial zoning district. Location: The property is generally described as NEWPORT CENTER 115-13 B", "summary": "", "plain": "Site plan \u00b7 3.08 ac \u2014 at 1241 West Newport Center Drive, Deerfield Beach", "link": "https://deerfieldbeachfl.portal.civicclerk.com/event/650/overview", "project_type": "site-plan", "multifamily": false, "address": "1241 West Newport Center Drive", "parcel": null, "status": "upcoming", "first_seen": "2026-08-26", "units": null, "acres": 3.08, "score": 2}}, {"type": "Feature", "geometry": {"type": "Point", "coordinates": [-80.144984177226, 26.320079670909]}, "properties": {"id": "3c1328fce6ae84b4", "source": "deerfield-beach", "jurisdiction": "Deerfield Beach", "county": "Broward", "meeting_body": "General", "meeting_date": "2026-06-16", "title": "P.H.2026-052: Application 25-P-243 Applicant: K.Hovnanian/Miskel Backman LLP Proposal: Seeking a Plat Note Amendment, concurrent with a Major Site Plan Approval (25-RM15-69), to allow for the development of 43 residential townhome units. Location: Location: The property is described as BELLE TERRE OF DEER CREEK 108-26-B PARCEL A, more particularly described in the file, and located at 3116 Deer Cr", "summary": "", "plain": "Multifamily site plan \u2014 at 3116 Deer Creek Country Club Boulevard, Deerfield Beach", "link": "https://deerfieldbeachfl.portal.civicclerk.com/event/620/overview", "project_type": "site-plan", "multifamily": true, "address": "3116 Deer Creek Country Club Boulevard", "parcel": null, "status": "heard", "first_seen": "2026-07-06", "units": null, "acres": null, "score": 3}}, {"type": "Feature", "geometry": {"type": "Point", "coordinates": [-80.144984177226, 26.320079670909]}, "properties": {"id": "f9890dcce1331d67", "source": "deerfield-beach", "jurisdiction": "Deerfield Beach", "county": "Broward", "meeting_body": "General", "meeting_date": "2026-06-16", "title": "P.H.2026-053: Application 25-RM15-69 Applicant: K.Hovnanian/MIskel Backman LLP Proposal: Seeking a Major Site Plan approval to construct forth-three (43) two-story townhome units with associated site improvements on a 4.43-acre vacant property. The applicant is also seeking an allocation of 43 residential flex units. Location: Location: The property is described as BELLE TERRE OF DEER CREEK 108-26", "summary": "", "plain": "Multifamily site plan \u00b7 4.43 ac \u2014 at 3116 Deer Creek Country Club Boulevard, Deerfield Beach", "link": "https://deerfieldbeachfl.portal.civicclerk.com/event/620/overview", "project_type": "site-plan", "multifamily": true, "address": "3116 Deer Creek Country Club Boulevard", "parcel": null, "status": "heard", "first_seen": "2026-07-06", "units": null, "acres": 4.43, "score": 4}}, {"type": "Feature", "geometry": {"type": "Point", "coordinates": [-80.066291343569, 26.450413734914]}, "properties": {"id": "544d17609ac038b5", "source": "delray-beach", "jurisdiction": "Delray Beach", "county": "Palm Beach", "meeting_body": "Board of Adjustment", "meeting_date": "2026-09-03", "title": "755 SE 7th Avenue (PZ-000669-2026): Consideration of a variance request from Land Development Regulations (LDR) Section 4.6.9(C)(2)(a), Off-street parking regulations, to reduce the minimum required off-street parking for a detached single-family dwelling from two spaces to zero, associated with the conversion of the existing attached two-car garage to habitable floor area.\r\nAddress: 755 SE 7th Av", "summary": "", "plain": "Variance \u2014 at 755 SE 7th Avenue, Delray Beach", "link": "https://delraybeach.legistar.com/LegislationDetail.aspx?ID=8170400&GUID=9CE506B0-4A81-4496-8EF3-97BA188DED6C&G=64FA97B3-79BD-4514-A475-83678FBA9314&Options=&Search=", "project_type": "variance", "multifamily": false, "address": "755 SE 7th Avenue", "parcel": "43-46-21-04-004-0050", "status": "upcoming", "first_seen": "2026-08-27", "units": null, "acres": null, "score": 1}}, {"type": "Feature", "geometry": {"type": "Point", "coordinates": [-80.060488700678, 26.459757684414]}, "properties": {"id": "9fd0f97757234bd1", "source": "delray-beach", "jurisdiction": "Delray Beach", "county": "Palm Beach", "meeting_body": "Board of Adjustment", "meeting_date": "2026-09-03", "title": "1109 Miramar Drive (PZ-000734-2026): Consideration of a variance request from Land Development Regulations (LDR) Section 4.6.15(G)(1)(a), Swimming pool, whirlpools, and spas: Yard encroachment, to reduce the rear setback to six feet one inch, whereas a minimum setback of ten feet is required, associated with the construction of a swimming pool.\r\nAddress: 1109 Miramar Drive\r\nPCN: 12-43-46-16-29-000", "summary": "", "plain": "Variance \u2014 at 1109 Miramar Drive, Delray Beach", "link": "https://delraybeach.legistar.com/LegislationDetail.aspx?ID=8193287&GUID=EBDC4ADB-342D-47E3-AA85-02DBA74AF53E&G=64FA97B3-79BD-4514-A475-83678FBA9314&Options=&Search=", "project_type": "variance", "multifamily": false, "address": "1109 Miramar Drive", "parcel": "43-46-16-29-000-0121", "status": "upcoming", "first_seen": "2026-08-27", "units": null, "acres": null, "score": 1}}, {"type": "Feature", "geometry": {"type": "Point", "coordinates": [-80.072124664406, 26.476576429204]}, "properties": {"id": "00d56474b6fd5ed7", "source": "delray-beach", "jurisdiction": "Delray Beach", "county": "Palm Beach", "meeting_body": "Board of Adjustment", "meeting_date": "2026-09-03", "title": "101 NE 11th Street (PZ-000748-2026): Consideration of a variance request from Land Development Regulations (LDR) Section 4.3.4(K), Development Standards Matrix - Residential Zoning Districts, to reduce the minimum required west side-interior setback from 10 feet to 7 feet 8.4 inches to allow the construction of a second story that expands a legal non-conformity on an existing single-family residen", "summary": "", "plain": "Variance \u2014 at 101 NE 11th Street, Delray Beach", "link": "https://delraybeach.legistar.com/LegislationDetail.aspx?ID=8192202&GUID=A35EF547-AB9F-45B0-9B1F-8CAB3AC4946F&G=64FA97B3-79BD-4514-A475-83678FBA9314&Options=&Search=", "project_type": "variance", "multifamily": false, "address": "101 NE 11th Street", "parcel": "43-46-09-28-006-0270", "status": "upcoming", "first_seen": "2026-08-27", "units": null, "acres": null, "score": 1}}, {"type": "Feature", "geometry": {"type": "Point", "coordinates": [-80.073028129541, 26.461200541024]}, "properties": {"id": "eac027833a3a412a", "source": "delray-beach", "jurisdiction": "Delray Beach", "county": "Palm Beach", "meeting_body": "Historic Preservation Board", "meeting_date": "2026-09-02", "title": "Level 2 Site Plan Modification, Certificate of Appropriateness, and Waivers (HP-487-2026):  Level 2 Site Plan Modification, Certificate of Appropriateness, & Waivers associated with alterations and construction of an addition to an existing one-story contributing commercial structure \r\nAddress: 23 S. Swinton Avenue\r\nPCN: 12-43-46-16-01-069-0100\r\nApplicant/ Owner: Geoffrey Morris\r\nAgent: Donald Lee", "summary": "", "plain": "Site plan \u2014 at 23 S. Swinton Avenue, Delray Beach", "link": "https://delraybeach.legistar.com/LegislationDetail.aspx?ID=8192651&GUID=B75AD00A-A605-4BAA-BEF7-B432D910F5CB&G=64FA97B3-79BD-4514-A475-83678FBA9314&Options=&Search=", "project_type": "site-plan", "multifamily": false, "address": "23 S. Swinton Avenue", "parcel": "43-46-16-01-069-0100", "status": "heard", "first_seen": "2026-08-27", "units": null, "acres": null, "score": 0}}, {"type": "Feature", "geometry": {"type": "Point", "coordinates": [-80.069017205402, 26.473254620191]}, "properties": {"id": "2fa0de4507209092", "source": "delray-beach", "jurisdiction": "Delray Beach", "county": "Palm Beach", "meeting_body": "Historic Preservation Board", "meeting_date": "2026-09-02", "title": "Level 2 Site Plan, Certificate of Appropriateness, Demolition, and Waivers (HP-139-2025):  Level 2 Site Plan, Certificate of Appropriateness, Demolition, & Waivers associated with three lots containing existing contributing and non-contributing structures. \r\nAddress: 703/715 NE 3rd Avenue\r\nPCN: 12-43-46-09-29-013-0270, 12-43-46-09-29-013-0281 & 12-43-46-09-29-013-0300\r\nApplicant/ Owner: RL Delray ", "summary": "", "plain": "Site plan \u2014 at 715 NE 3rd Avenue, Delray Beach", "link": "https://delraybeach.legistar.com/LegislationDetail.aspx?ID=8192652&GUID=42C143F9-5993-42A8-B21D-F93A4D503540&G=64FA97B3-79BD-4514-A475-83678FBA9314&Options=&Search=", "project_type": "site-plan", "multifamily": false, "address": "715 NE 3rd Avenue", "parcel": "43-46-09-29-013-0270", "status": "heard", "first_seen": "2026-08-27", "units": null, "acres": null, "score": 0}}, {"type": "Feature", "geometry": {"type": "Point", "coordinates": [-80.082389119004, 26.466503897147]}, "properties": {"id": "c81871b3ccb018b7", "source": "delray-beach", "jurisdiction": "Delray Beach", "county": "Palm Beach", "meeting_body": "Community Redevelopment Agency", "meeting_date": "2026-08-27", "title": "RESOLUTION 2026-10 -APPROVAL OF A FIRST AMENDMENT TO THE PURCHASE AND SALE AGREEMENT FOR A CRA-OWNED VACANT LOT LOCATED AT 260 NW 9TH AVENUE, FOR THE DEVELOPMENT OF AFFORDABLE/WORKFORCE HOUSING BETWEEN THE DELRAY BEACH COMMUNITY REDEVELOPMENT AGENCY AND HABITAT FOR HUMANITY OF GREATER PALM BEACH COUNTY, INC.", "summary": "", "plain": "Multifamily development item \u2014 at 260 NW 9TH AVENUE, Delray Beach", "link": "https://delraybeach.legistar.com/LegislationDetail.aspx?ID=8184348&GUID=71818604-76E8-4207-ACB7-078B26591C10&G=64FA97B3-79BD-4514-A475-83678FBA9314&Options=&Search=", "project_type": "other-development", "multifamily": true, "address": "260 NW 9TH AVENUE", "parcel": null, "status": "heard", "first_seen": "2026-08-21", "units": null, "acres": null, "score": 3}}, {"type": "Feature", "geometry": {"type": "Point", "coordinates": [-80.080180308371, 26.454303843585]}, "properties": {"id": "50c19481a9db5294", "source": "delray-beach", "jurisdiction": "Delray Beach", "county": "Palm Beach", "meeting_body": "Community Redevelopment Agency", "meeting_date": "2026-08-27", "title": "AWARD REQUEST FOR PROPOSALS CRA NO. 2026-01 - FOR THE DISPOSITION OF THREE CRA-OWNED VACANT LOTS LOCATED AT 630, 704, & 708 SW 4th STREET, FOR THE DEVELOPMENT OF AFFORDABLE /WORKFORCE HOUSING TO DELRAY BEACH COMMUNITY LAND TRUST, INC.", "summary": "", "plain": "Multifamily development item \u2014 at 708 SW 4th STREET, Delray Beach", "link": "https://delraybeach.legistar.com/LegislationDetail.aspx?ID=8184349&GUID=8AB0F4EE-BB8A-4384-836A-46386C9FD6B0&G=64FA97B3-79BD-4514-A475-83678FBA9314&Options=&Search=", "project_type": "other-development", "multifamily": true, "address": "708 SW 4th STREET", "parcel": null, "status": "heard", "first_seen": "2026-08-21", "units": null, "acres": null, "score": 3}}, {"type": "Feature", "geometry": {"type": "Point", "coordinates": [-80.085847627808, 26.470119498969]}, "properties": {"id": "7227edd80916d43f", "source": "delray-beach", "jurisdiction": "Delray Beach", "county": "Palm Beach", "meeting_body": "Community Redevelopment Agency", "meeting_date": "2026-08-27", "title": "APPROVAL OF A WORK ASSIGNMENT FOR ARCHITECTURAL SERVICES WITH THE TAMARA PEACOCK COMPANY ARCHITECTS OF FLORIDA, INC. DBA PEACOCK ARCHITECTS, FOR SITE PLAN MODIFICATION, MAJOR PLAT APPLICATION, AND DEVELOPMENT OF ARCHITECTURAL DESIGN AND CONSTRUCTION DOCUMENTS FOR THE CRA-OWNED PROPERTY LOCATED AT THE CORNER OF ROOSEVELT AVENUE AND LAKE IDA ROAD IN AN AMOUNT NOT TO EXCEED $243,500.", "summary": "File #: 26-0131 CRA Version: 1 Name: Type: CRA Board Action Status: Agenda Ready File created: 8/18/2026 In control: Community Redevelopment Agency On agenda: 8/27/2026 Final action: Title: APPROVAL OF A WORK ASSIGNMENT FOR ARCHITECTURAL SERVICES WITH THE TAMARA PEACOCK COMPANY ARCHITECTS OF FLORIDA, INC. DBA PEACOCK ARCHITECTS, FOR SITE PLAN MODIFICATION, MAJOR PLAT APPLICATION, AND DEVELOPMENT O", "plain": "Site plan \u2014 at 1300 Lake Ida Road, Delray Beach", "link": "https://delraybeach.legistar.com/LegislationDetail.aspx?ID=8184350&GUID=AEBBFDE1-149D-4C8E-944C-2F0FBEE7C7A4&G=64FA97B3-79BD-4514-A475-83678FBA9314&Options=&Search=", "project_type": "site-plan", "multifamily": false, "address": "1300 Lake Ida Road", "parcel": null, "status": "heard", "first_seen": "2026-08-21", "units": null, "acres": null, "score": 0}}, {"type": "Feature", "geometry": {"type": "Point", "coordinates": [-80.076156309415, 26.459421454907]}, "properties": {"id": "563d1f01d0a342be", "source": "delray-beach", "jurisdiction": "Delray Beach", "county": "Palm Beach", "meeting_body": "Site Plan Review and Appearance Board", "meeting_date": "2026-08-26", "title": "SW 3rd Avenue Townhomes (File No. 2025-116): Consideration of a Level 2 Site Plan application to construct five, two-story fee-simple townhomes, including Architectural Elevations, a Landscape Plan, and an associated waiver from the required street tree location and a reduction in the number of required street trees along SW 3rd Avenue.\r\nAddress: 120 SW 3rd Avenue \r\nPCN: 12-43-46-16-01-038-0111 an", "summary": "", "plain": "Multifamily site plan \u2014 at 120 SW 3rd Avenue, Delray Beach", "link": "https://delraybeach.legistar.com/LegislationDetail.aspx?ID=8175876&GUID=E0E08269-23D3-4B11-B1E0-DE3A0408B23F&G=64FA97B3-79BD-4514-A475-83678FBA9314&Options=&Search=", "project_type": "site-plan", "multifamily": true, "address": "120 SW 3rd Avenue", "parcel": "43-46-16-01-038-0111", "status": "heard", "first_seen": "2026-08-19", "units": null, "acres": null, "score": 3}}, {"type": "Feature", "geometry": {"type": "Point", "coordinates": [-80.064060323801, 26.48899203203]}, "properties": {"id": "f01a853299ffca8e", "source": "delray-beach", "jurisdiction": "Delray Beach", "county": "Palm Beach", "meeting_body": "City Commission", "meeting_date": "2026-08-18", "title": "RESOLUTION NO. 96-26:  A RESOLUTION OF THE CITY COMMISSION OF THE CITY OF DELRAY BEACH, FLORIDA, APPROVING A CONDITIONAL USE TO ALLOW FREE-STANDING MULTIPLE-FAMILY HOUSING IN THE GENERAL COMMERCIAL ZONING DISTRICT; APPROVING A WAIVER REQUEST TO SECTION 4.3.3(O)(4)(a) OF THE LAND DEVELOPMENT REGULATIONS TO ALLOW AN OFFSET OF ZERO FEET BETWEEN TOWNHOMES; APPROVING A WAIVER REQUEST TO SECTION 4.3.4(H", "summary": "", "plain": "Multifamily site plan \u2014 at 2613 NORTH FEDERAL HIGHWAY, Delray Beach", "link": "https://delraybeach.legistar.com/LegislationDetail.aspx?ID=8166721&GUID=E9BABE84-4438-4E54-A9E8-F259EA4EE141&G=64FA97B3-79BD-4514-A475-83678FBA9314&Options=&Search=", "project_type": "site-plan", "multifamily": true, "address": "2613 NORTH FEDERAL HIGHWAY", "parcel": null, "status": "heard", "first_seen": "2026-08-12", "units": null, "acres": null, "score": 3}}, {"type": "Feature", "geometry": {"type": "Point", "coordinates": [-80.065041490984, 26.486524666586]}, "properties": {"id": "f863c0a40171d3c7", "source": "delray-beach", "jurisdiction": "Delray Beach", "county": "Palm Beach", "meeting_body": "Planning and Zoning Board", "meeting_date": "2026-08-17", "title": "Lenny's Car Wash (PZ-000360-2025 & PZ-000359-2025): Provide a recommendation to the City Commission on a request for a Level 4 Site Plan Application with Architectural Elevations and Landscape Plan, including a Conditional Use to allow a 3,310 square-foot automatic car wash at 2210 North Federal Highway, and a waiver for one-way traffic flow adjacent to perpendicular parking spaces.\r\nAddress: 2210", "summary": "", "plain": "Site plan \u2014 at 2210 North Federal Highway, Delray Beach", "link": "https://delraybeach.legistar.com/LegislationDetail.aspx?ID=8163711&GUID=1810D533-9531-4EF3-B4DF-D4958CC951D3&G=64FA97B3-79BD-4514-A475-83678FBA9314&Options=&Search=", "project_type": "site-plan", "multifamily": false, "address": "2210 North Federal Highway", "parcel": "43-46-04-35-000-0010", "status": "heard", "first_seen": "2026-08-08", "units": null, "acres": null, "score": 0}}, {"type": "Feature", "geometry": {"type": "Point", "coordinates": [-80.065839314472, 26.456096854036]}, "properties": {"id": "bf7c00ca9a457ae8", "source": "delray-beach", "jurisdiction": "Delray Beach", "county": "Palm Beach", "meeting_body": "Historic Preservation Board", "meeting_date": "2026-08-05", "title": "Certificate of Appropriateness (HP-392-2025) and Variance: Certificate of Appropriateness and Variance of a non-contributing single-family structure.\r\nAddress: 303 SE 7th Avenue, Marina Historic District \r\nPCN: 12-43-46-16-A9-128-0012\r\nOwner/Applicant: Bianca & Donald Pucci \r\nPlanner: Katherina Paliwoda, Senior Historic Planner", "summary": "", "plain": "Variance \u2014 at 303 SE 7th Avenue, Delray Beach", "link": "https://delraybeach.legistar.com/LegislationDetail.aspx?ID=8155047&GUID=71ADBD21-0143-4CDF-9C8A-F2BF6F614EAF&G=64FA97B3-79BD-4514-A475-83678FBA9314&Options=&Search=", "project_type": "variance", "multifamily": false, "address": "303 SE 7th Avenue", "parcel": null, "status": "heard", "first_seen": "2026-07-30", "units": null, "acres": null, "score": 0}}, {"type": "Feature", "geometry": {"type": "Point", "coordinates": [-80.073336351268, 26.471432270579]}, "properties": {"id": "1731751fc1b27298", "source": "delray-beach", "jurisdiction": "Delray Beach", "county": "Palm Beach", "meeting_body": "Historic Preservation Board", "meeting_date": "2026-08-05", "title": "Certificate of Appropriateness (HP-526-2026) Demolition, Variance, and Waiver : Certificate of Appropriateness, Demolition, Variance and Waiver requests for a second-floor addition to an existing non-contributing one-story garage structure for use as a guest cottage.\r\nAddress: 516 N. Swinton Avenue, Individually Designated to the Local Register\r\nPCN: 12-43-46-08-21-011-0060\r\nOwner:John Basford & J", "summary": "", "plain": "Variance \u2014 at 516 N. Swinton Avenue, Delray Beach", "link": "https://delraybeach.legistar.com/LegislationDetail.aspx?ID=8155048&GUID=90659C42-B190-40AD-A011-AEDB832920C5&G=64FA97B3-79BD-4514-A475-83678FBA9314&Options=&Search=", "project_type": "variance", "multifamily": false, "address": "516 N. Swinton Avenue", "parcel": "43-46-08-21-011-0060", "status": "heard", "first_seen": "2026-07-30", "units": null, "acres": null, "score": 0}}, {"type": "Feature", "geometry": {"type": "Point", "coordinates": [-80.081362269652, 26.466365908605]}, "properties": {"id": "c61e4a65be01ff55", "source": "delray-beach", "jurisdiction": "Delray Beach", "county": "Palm Beach", "meeting_body": "Community Redevelopment Agency", "meeting_date": "2026-07-23", "title": "RESOLUTION 2026-07 - APPROVAL OF A FIRST AMENDMENT TO THE PURCHASE AND SALE AGREEMENT FOR FOUR CRA-OWNED VACANT LOTS LOCATED AT 250, 256, & 260 NW 8TH AVENUE & 259 NW 9TH AVENUE, FOR THE DEVELOPMENT OF AFFORDABLE/WORKFORCE HOUSING BETWEEN THE DELRAY BEACH COMMUNITY REDEVELOPMENT AGENCY AND THE DELRAY BEACH COMMUNITY LAND TRUST, INC.", "summary": "", "plain": "Multifamily development item \u2014 at 260 NW 8TH AVENUE, Delray Beach", "link": "https://delraybeach.legistar.com/LegislationDetail.aspx?ID=8139286&GUID=7D587B0B-6B66-4A73-9CB6-1AD9FCBCDEE0&G=64FA97B3-79BD-4514-A475-83678FBA9314&Options=&Search=", "project_type": "other-development", "multifamily": true, "address": "260 NW 8TH AVENUE", "parcel": null, "status": "heard", "first_seen": "2026-07-17", "units": null, "acres": null, "score": 3}}, {"type": "Feature", "geometry": {"type": "Point", "coordinates": [-80.081341459613, 26.465609179145]}, "properties": {"id": "17499779cded361b", "source": "delray-beach", "jurisdiction": "Delray Beach", "county": "Palm Beach", "meeting_body": "Community Redevelopment Agency", "meeting_date": "2026-07-23", "title": "DISCUSSION AND DIRECTION REGARDING TO THE REQUEST FOR PROPOSALS FOR THE DISPOSITION OF A CRA-OWNED VACANT LOT FOR THE DEVELOPMENT OF AFFORDABLE/WORKFORCE HOUSING - 216 NW 8TH AVENUE", "summary": "", "plain": "Multifamily development item \u2014 at 216 NW 8TH AVENUE, Delray Beach", "link": "https://delraybeach.legistar.com/LegislationDetail.aspx?ID=8139287&GUID=946496BD-4E4B-41E7-ACDD-52EC02FE897C&G=64FA97B3-79BD-4514-A475-83678FBA9314&Options=&Search=", "project_type": "other-development", "multifamily": true, "address": "216 NW 8TH AVENUE", "parcel": null, "status": "heard", "first_seen": "2026-07-18", "units": null, "acres": null, "score": 3}}, {"type": "Feature", "geometry": {"type": "Point", "coordinates": [-80.073555313134, 26.444163771686]}, "properties": {"id": "ab0cf6b395664588", "source": "delray-beach", "jurisdiction": "Delray Beach", "county": "Palm Beach", "meeting_body": "Planning and Zoning Board", "meeting_date": "2026-07-20", "title": "Variance Request, 1207 S. Swinton Avenue (File No. PZ-000512-2026): Consideration of a variance request from Land Development Regulation (LDR) Table 4.3.4(K), Development standards matrix for residential zoning districts, to allow for the reduction of the front setback from 30 feet to 10 feet, 7 inches and the reduction of the rear setback from 10 feet to 7 feet, 7 inches.\r\nAddress: 1207 S Swinton", "summary": "", "plain": "Variance \u2014 at 1207 S. Swinton Avenue, Delray Beach", "link": "https://delraybeach.legistar.com/LegislationDetail.aspx?ID=8133497&GUID=7CDA4CD6-5A3B-4FB5-A11B-52B16F82E348&G=64FA97B3-79BD-4514-A475-83678FBA9314&Options=&Search=", "project_type": "variance", "multifamily": false, "address": "1207 S. Swinton Avenue", "parcel": "43-46-20-13-003-0010", "status": "heard", "first_seen": "2026-07-11", "units": null, "acres": null, "score": 0}}, {"type": "Feature", "geometry": {"type": "Point", "coordinates": [-80.064060323801, 26.48899203203]}, "properties": {"id": "dd98247f7877dba1", "source": "delray-beach", "jurisdiction": "Delray Beach", "county": "Palm Beach", "meeting_body": "City Commission", "meeting_date": "2026-07-14", "title": "RESOLUTION NO. 96-26:  A RESOLUTION OF THE CITY COMMISSION OF THE CITY OF DELRAY BEACH, FLORIDA, APPROVING A CONDITIONAL USE TO ALLOW FREE-STANDING MULTIPLE-FAMILY HOUSING IN THE GENERAL COMMERCIAL ZONING DISTRICT; APPROVING A WAIVER REQUEST TO SECTION 4.3.3(O)(4)(a) OF THE LAND DEVELOPMENT REGULATIONS TO ALLOW AN OFFSET OF ZERO FEET BETWEEN TOWNHOMES; APPROVING A WAIVER REQUEST TO SECTION 4.3.4(H", "summary": "", "plain": "Multifamily site plan \u2014 at 2613 NORTH FEDERAL HIGHWAY, Delray Beach", "link": "https://delraybeach.legistar.com/LegislationDetail.aspx?ID=8128857&GUID=A1533E40-60A2-4827-819F-296A2BF5B336&G=64FA97B3-79BD-4514-A475-83678FBA9314&Options=&Search=", "project_type": "site-plan", "multifamily": true, "address": "2613 NORTH FEDERAL HIGHWAY", "parcel": null, "status": "heard", "first_seen": "2026-07-08", "units": null, "acres": null, "score": 3}}, {"type": "Feature", "geometry": {"type": "Point", "coordinates": [-80.073148932755, 26.460841383332]}, "properties": {"id": "514117893b4101ba", "source": "delray-beach", "jurisdiction": "Delray Beach", "county": "Palm Beach", "meeting_body": "Historic Preservation Board", "meeting_date": "2026-07-01", "title": "Conditional Use (PZ-492-2026): Recommendation to the Planning and Zoning Board for a Conditional Use request to allow outdoor dining at night associated with five restaurants located with the five existing historic structures along South Swinton Avenue (Block 61) of Sundy Village.\nAddress: 14-44 S. Swinton Avenue; Old School Square Historic District \nPCN: 12-43-46-16-Q6-001-0020\nOwner/Applicant: S", "summary": "", "plain": "Special exception \u2014 at 14-44 S. Swinton Avenue, Delray Beach", "link": "https://delraybeach.legistar.com/LegislationDetail.aspx?ID=8119432&GUID=6D0B9D7F-02B9-43E5-A237-1F82EC5C31B6&G=64FA97B3-79BD-4514-A475-83678FBA9314&Options=&Search=", "project_type": "special-exception", "multifamily": false, "address": "14-44 S. Swinton Avenue", "parcel": null, "status": "heard", "first_seen": "2026-07-06", "units": null, "acres": null, "score": 0}}, {"type": "Feature", "geometry": {"type": "Point", "coordinates": [-80.072244479097, 26.473140838673]}, "properties": {"id": "a783ea8bb0e30d67", "source": "delray-beach", "jurisdiction": "Delray Beach", "county": "Palm Beach", "meeting_body": "Historic Preservation Board", "meeting_date": "2026-07-01", "title": "Certificate of Appropriateness and Variance (HP-511-2026): Certificate of Appropriateness and Variance request for exterior modifications and an addition to the rear of the existing contributing structure.\nAddress: 102 NE 7th Street, Del-Ida Park Historic District\nPCN: 12-43-46-09-29-002-0181\nOwner/Applicant: Eric and Rose Gilbert\nPlanner: Michelle Hewett, Senior Planner", "summary": "", "plain": "Variance \u2014 at 102 NE 7th Street, Delray Beach", "link": "https://delraybeach.legistar.com/LegislationDetail.aspx?ID=8119433&GUID=35D1EE47-8669-4B97-BEB9-C3EC73D62D44&G=64FA97B3-79BD-4514-A475-83678FBA9314&Options=&Search=", "project_type": "variance", "multifamily": false, "address": "102 NE 7th Street", "parcel": "43-46-09-29-002-0181", "status": "heard", "first_seen": "2026-07-06", "units": null, "acres": null, "score": 0}}, {"type": "Feature", "geometry": {"type": "Point", "coordinates": [-80.073150336796, 26.460911234446]}, "properties": {"id": "836b57aa91e8b80d", "source": "delray-beach", "jurisdiction": "Delray Beach", "county": "Palm Beach", "meeting_body": "Historic Preservation Board", "meeting_date": "2026-06-03", "title": "Level 1 Site Plan and Certificate of Appropriateness (HP-540-2026): Level 1 Site Plan and Certificate of Appropriateness request for exterior modifications to an existing historic structure known as Buildings B & F located within Block 61 portion of Sundy Village. \r\nAddress: 40 S. Swinton Avenue; Old School Square Historic District \r\nPCN: 12-43-46-16-Q6-001-0020\r\nOwner/Applicant: Sundy Village Wes", "summary": "", "plain": "Site plan \u2014 at 40 S. Swinton Avenue, Delray Beach", "link": "https://delraybeach.legistar.com/LegislationDetail.aspx?ID=8041176&GUID=71A585C6-9729-4993-8252-1F2BE897629F&G=64FA97B3-79BD-4514-A475-83678FBA9314&Options=&Search=", "project_type": "site-plan", "multifamily": false, "address": "40 S. Swinton Avenue", "parcel": null, "status": "heard", "first_seen": "2026-07-06", "units": null, "acres": null, "score": 0}}, {"type": "Feature", "geometry": {"type": "Point", "coordinates": [-80.073169257628, 26.461831987438]}, "properties": {"id": "6ceed59c85d8640d", "source": "delray-beach", "jurisdiction": "Delray Beach", "county": "Palm Beach", "meeting_body": "City Commission", "meeting_date": "2026-06-02", "title": "ITEM 1 - ACCEPTANCE OF A RIGHT-OF-WAY DEDICATION FOR INCLUSION ON THE CITY CENTER DELRAY PLAT AT 10 N. SWINTON AVENUE.\n\nITEM 2 - ACCEPTANCE OF A GENERAL UTILITY EASEMENT FOR INCLUSION ON THE CITY CENTER DELRAY PLAT AT 10 N. SWINTON AVENUE.\n\nITEM 3 - ACCEPTANCE OF A LIMITED ACCESS EASEMENT FOR INCLUSION ON THE CITY CENTER DELRAY PLAT AT 10 N. SWINTON AVENUE.\n\nITEM 4 - ACCEPTANCE OF A INGRESS-EGRESS", "summary": "", "plain": "Plat / subdivision \u2014 at 10 N. SWINTON AVENUE, Delray Beach", "link": "https://delraybeach.legistar.com/LegislationDetail.aspx?ID=8039043&GUID=DE817FD9-B5BA-45C8-A58D-777659ACC82B&G=64FA97B3-79BD-4514-A475-83678FBA9314&Options=&Search=", "project_type": "plat", "multifamily": false, "address": "10 N. SWINTON AVENUE", "parcel": null, "status": "heard", "first_seen": "2026-07-06", "units": null, "acres": null, "score": 0}}, {"type": "Feature", "geometry": {"type": "Point", "coordinates": [-80.077223376452, 26.461425120962]}, "properties": {"id": "eaf24853d0edd2ac", "source": "delray-beach", "jurisdiction": "Delray Beach", "county": "Palm Beach", "meeting_body": "City Commission", "meeting_date": "2026-06-02", "title": "RESOLUTION NO. 81-26: A RESOLUTION OF THE CITY COMMISSION OF THE CITY OF DELRAY BEACH, FLORIDA, AUTHORIZING THE CITY MANAGER TO ACCEPT A ONE-TIME PAYMENT OF $320,000 IN LIEU OF PROVIDING TWO ON-SITE WORKFORCE HOUSING UNITS FOR THE PROJECT FORMALLY KNOWN AS BLISS ON 4TH, AS MORE PARTICULARLY DESCRIBED HEREIN; PROVIDING FOR AN EFFECTIVE DATE; AND FOR OTHER PURPOSES.", "summary": "File #: 26-0708 Version: 1 Name: Type: Resolution Status: Failed File created: 5/21/2026 In control: City Commission On agenda: 6/2/2026 Final action: 6/2/2026 Title: RESOLUTION NO. 81-26: A RESOLUTION OF THE CITY COMMISSION OF THE CITY OF DELRAY BEACH, FLORIDA, AUTHORIZING THE CITY MANAGER TO ACCEPT A ONE-TIME PAYMENT OF $320,000 IN LIEU OF PROVIDING TWO ON-SITE WORKFORCE HOUSING UNITS FOR THE PR", "plain": "Multifamily development item \u00b7 12 units \u2014 at 10 SW 4th Ave, Delray Beach", "link": "https://delraybeach.legistar.com/LegislationDetail.aspx?ID=8039139&GUID=31B1A17B-55D8-4E21-8223-045CC158CBFD&G=64FA97B3-79BD-4514-A475-83678FBA9314&Options=&Search=", "project_type": "other-development", "multifamily": true, "address": "10 SW 4th Ave", "parcel": null, "status": "heard", "first_seen": "2026-07-06", "units": 12, "acres": null, "score": 3}}, {"type": "Feature", "geometry": {"type": "Point", "coordinates": [-80.069799632932, 26.461129776162]}, "properties": {"id": "2897fcd9b061ee67", "source": "delray-beach", "jurisdiction": "Delray Beach", "county": "Palm Beach", "meeting_body": "Site Plan Review and Appearance Board", "meeting_date": "2026-05-27", "title": "25-27 SE 3rd Avenue - Bungalows (2023-018): Level 2 Site Plan Application for the adaptive reuse of an existing two-story structure into a restaurant with a covered outdoor dining area, known as The Bungalows Restaurant, located at 25-27 SE 3rd Avenue, including Architectural Elevations, a Landscape Plan, an associated landscape waiver to the required five-foot perimeter landscape strip, and a Det", "summary": "", "plain": "Site plan \u2014 at 25-27 SE 3rd Avenue, Delray Beach", "link": "https://delraybeach.legistar.com/LegislationDetail.aspx?ID=8034116&GUID=92098E41-D52F-4C33-AE32-F12B02818804&G=64FA97B3-79BD-4514-A475-83678FBA9314&Options=&Search=", "project_type": "site-plan", "multifamily": false, "address": "25-27 SE 3rd Avenue", "parcel": "43-46-16-01-093-0360", "status": "heard", "first_seen": "2026-07-06", "units": null, "acres": null, "score": 0}}, {"type": "Feature", "geometry": {"type": "Point", "coordinates": [-80.077223376452, 26.461425120962]}, "properties": {"id": "7fb3a062ce7f140a", "source": "delray-beach", "jurisdiction": "Delray Beach", "county": "Palm Beach", "meeting_body": "City Commission", "meeting_date": "2026-05-19", "title": "RESOLUTION 81-26: A RESOLUTION OF THE CITY COMMISSION OF THE CITY OF DELRAY BEACH, FLORIDA, AUTHORIZING THE CITY MANAGER TO ACCEPT A ONE-TIME PAYMENT OF $320,000 IN LIEU OF PROVIDING TWO ON-SITE WORKFORCE HOUSING UNITS FOR THE PROJECT FORMALLY KNOWN AS BLISS ON 4TH, AS MORE PARTICULARLY DESCRIBED HEREIN; PROVIDING FOR AN EFFECTIVE DATE; AND FOR OTHER PURPOSES.", "summary": "File #: 26-0603 Version: 1 Name: Type: Resolution Status: Passed File created: 4/28/2026 In control: City Commission On agenda: 5/19/2026 Final action: 5/19/2026 Title: RESOLUTION 81-26: A RESOLUTION OF THE CITY COMMISSION OF THE CITY OF DELRAY BEACH, FLORIDA, AUTHORIZING THE CITY MANAGER TO ACCEPT A ONE-TIME PAYMENT OF $320,000 IN LIEU OF PROVIDING TWO ON-SITE WORKFORCE HOUSING UNITS FOR THE PROJ", "plain": "Multifamily development item \u00b7 9 units \u2014 at 10 SW 4th Ave, Delray Beach", "link": "https://delraybeach.legistar.com/LegislationDetail.aspx?ID=8025215&GUID=7921D492-5CAE-4427-80AC-9FCA3E8CD9FC&G=64FA97B3-79BD-4514-A475-83678FBA9314&Options=&Search=", "project_type": "other-development", "multifamily": true, "address": "10 SW 4th Ave", "parcel": null, "status": "heard", "first_seen": "2026-07-06", "units": 9, "acres": null, "score": 3}}, {"type": "Feature", "geometry": {"type": "Point", "coordinates": [-80.085531816659, 26.446903999113]}, "properties": {"id": "4270350f48b7fb0f", "source": "delray-beach", "jurisdiction": "Delray Beach", "county": "Palm Beach", "meeting_body": "City Commission", "meeting_date": "2026-05-19", "title": "ITEM 1 - ACCEPTANCE OF A GENERAL UTILITY EASEMENT FOR INCLUSION ON THE ALL-COUNTY PAVING PLAT AT 1180 SW 10TH STREET.\r\nITEM 2 - ACCEPTANCE OF WATER AND SEWER EASEMENT FOR INCLUSION ON THE ALL-COUNTY PAVING PLAT AT 1180 SW 10TH STREET.", "summary": "", "plain": "Plat / subdivision \u2014 at 1180 SW 10TH STREET, Delray Beach", "link": "https://delraybeach.legistar.com/LegislationDetail.aspx?ID=8024949&GUID=742C68F2-15C6-4E23-A190-687847FEA8B9&G=64FA97B3-79BD-4514-A475-83678FBA9314&Options=&Search=", "project_type": "plat", "multifamily": false, "address": "1180 SW 10TH STREET", "parcel": null, "status": "heard", "first_seen": "2026-07-06", "units": null, "acres": null, "score": 0}}, {"type": "Feature", "geometry": {"type": "Point", "coordinates": [-80.092305579705, 26.433543945647]}, "properties": {"id": "debcd8c502199054", "source": "delray-beach", "jurisdiction": "Delray Beach", "county": "Palm Beach", "meeting_body": "City Commission", "meeting_date": "2026-05-19", "title": "APPROVE A WORKFORCE HOUSING COVENANT BETWEEN THE CITY OF DELRAY BEACH AND KMF ALTON DELRAY, LLC, PURSUANT TO THE REQUIREMENTS UNDER SECTION 4.7 OF THE LAND DEVELOPMENT REGULATIONS", "summary": "File #: 26-0649 Version: 1 Name: Type: Request Status: Passed File created: 5/7/2026 In control: City Commission On agenda: 5/19/2026 Final action: 5/19/2026 Title: APPROVE A WORKFORCE HOUSING COVENANT BETWEEN THE CITY OF DELRAY BEACH AND KMF ALTON DELRAY, LLC, PURSUANT TO THE REQUIREMENTS UNDER SECTION 4.7 OF THE LAND DEVELOPMENT REGULATIONS Sponsors: City Attorney Department Attachments: 1. Agen", "plain": "Multifamily development item \u00b7 386 units \u2014 at 2101 S. Congress Avenue, Delray Beach", "link": "https://delraybeach.legistar.com/LegislationDetail.aspx?ID=8025607&GUID=52ECF62E-F552-466B-9AD0-E5FF35BD0D5B&G=64FA97B3-79BD-4514-A475-83678FBA9314&Options=&Search=", "project_type": "other-development", "multifamily": true, "address": "2101 S. Congress Avenue", "parcel": null, "status": "heard", "first_seen": "2026-07-06", "units": 386, "acres": null, "score": 5}}, {"type": "Feature", "geometry": {"type": "Point", "coordinates": [-80.085920163543, 26.441499991977]}, "properties": {"id": "8f6994da4bb56258", "source": "delray-beach", "jurisdiction": "Delray Beach", "county": "Palm Beach", "meeting_body": "City Commission", "meeting_date": "2026-05-19", "title": "ITEM 1 - ACCEPTANCE OF A LIMITED ACCESS EASEMENT FOR INCLUSION ON THE MILFRED INDUSTRIAL PLAT AT 1215 MILFRED STREET.", "summary": "", "plain": "Plat / subdivision \u2014 at 1215 MILFRED STREET, Delray Beach", "link": "https://delraybeach.legistar.com/LegislationDetail.aspx?ID=8026567&GUID=4D4EC361-52F0-4E78-997C-CBD69CF6D8F9&G=64FA97B3-79BD-4514-A475-83678FBA9314&Options=&Search=", "project_type": "plat", "multifamily": false, "address": "1215 MILFRED STREET", "parcel": null, "status": "heard", "first_seen": "2026-07-06", "units": null, "acres": null, "score": 0}}, {"type": "Feature", "geometry": {"type": "Point", "coordinates": [-80.071893767824, 26.457939842486]}, "properties": {"id": "53cc3e5c87063364", "source": "delray-beach", "jurisdiction": "Delray Beach", "county": "Palm Beach", "meeting_body": "Planning and Zoning Board", "meeting_date": "2026-05-18", "title": "Delray Swan (PZ-283-2025): Consideration of a Level 3 Site Plan application with Architectural Elevations and Landscape Plan for Delray Swan, a 36-unit, fee-simple townhouse development, including a request for relief to the minimum loading berth requirement. \r\nAddress: 118 SE 2nd Street; 240, 258, 264, and 280 SE 2nd Avenue; and 215, 219, 223, 227, 231, 237, 243, 251, and 253 SE 1st Avenue\r\nPCNs:", "summary": "", "plain": "Multifamily site plan \u00b7 36 units \u2014 at 118 SE 2nd Street, Delray Beach", "link": "https://delraybeach.legistar.com/LegislationDetail.aspx?ID=8009034&GUID=2A8AE2C6-408A-42DD-BDB3-512CA557CF90&G=64FA97B3-79BD-4514-A475-83678FBA9314&Options=&Search=", "project_type": "site-plan", "multifamily": true, "address": "118 SE 2nd Street", "parcel": "43-46-16-01-079-0010", "status": "heard", "first_seen": "2026-07-06", "units": 36, "acres": null, "score": 4}}, {"type": "Feature", "geometry": {"type": "Point", "coordinates": [-80.064547819764, 26.487572307011]}, "properties": {"id": "d03ab4cd37a8b217", "source": "delray-beach", "jurisdiction": "Delray Beach", "county": "Palm Beach", "meeting_body": "Planning and Zoning Board", "meeting_date": "2026-05-18", "title": "2419 North Federal Highway (File No. 2025-213 and 2025-214): Provide a recommendation to the City Commission for a Level 4 Site Plan Application, including a Landscape Plan, Architectural Elevations, Four Waivers, an Internal Adjustment, and a Loading Determination, to construct a 47-unit multiple-family townhouse-type condominium development with a mix of two- and three-story buildings; and a Con", "summary": "", "plain": "Multifamily site plan \u00b7 47 units \u2014 at 2419 North Federal Highway, Delray Beach", "link": "https://delraybeach.legistar.com/LegislationDetail.aspx?ID=8011503&GUID=CD3F503B-8A4D-48FF-927A-9DCBE12A9CDE&G=64FA97B3-79BD-4514-A475-83678FBA9314&Options=&Search=", "project_type": "site-plan", "multifamily": true, "address": "2419 North Federal Highway", "parcel": "43-46-04-08-000-0351", "status": "heard", "first_seen": "2026-07-06", "units": 47, "acres": null, "score": 4}}, {"type": "Feature", "geometry": {"type": "Point", "coordinates": [-80.103362097108, 26.457357460499]}, "properties": {"id": "abe2131487960180", "source": "delray-beach", "jurisdiction": "Delray Beach", "county": "Palm Beach", "meeting_body": "Board of Adjustment", "meeting_date": "2026-05-07", "title": "237 SW 27th Terrace (PZ-000550-2026):  Consideration of a variance request from Land Development Regulation (LDR) Section 4.3.4(K), Development Standards Matrix - Residential zoning districts, to reduce the rear (east) setback to 17.6 feet, whereas a minimum of 25 feet is required, associated with the construction of a one-story addition.\r\nAddress: 237 SW 27th Terrace\r\nPCN: 12-43-46-18-26-002-0122", "summary": "", "plain": "Variance \u2014 at 237 SW 27th Terrace, Delray Beach", "link": "https://delraybeach.legistar.com/LegislationDetail.aspx?ID=7996986&GUID=AE183A0E-FD77-4B63-ACE8-D01DB3706ACE&G=64FA97B3-79BD-4514-A475-83678FBA9314&Options=&Search=", "project_type": "variance", "multifamily": false, "address": "237 SW 27th Terrace", "parcel": "43-46-18-26-002-0122", "status": "heard", "first_seen": "2026-07-06", "units": null, "acres": null, "score": 0}}, {"type": "Feature", "geometry": {"type": "Point", "coordinates": [-80.073159463059, 26.461365266685]}, "properties": {"id": "0195b6cc95da2cca", "source": "delray-beach", "jurisdiction": "Delray Beach", "county": "Palm Beach", "meeting_body": "Historic Preservation Board", "meeting_date": "2026-05-06", "title": "Level 1 Site Plan and Certificate of Appropriateness (HP-446-2026): Level 1 Site Plan and Certificate of Appropriateness request for exterior modifications to an existing historic structure known as Building A-The Rectory located within Block 61 portion of Sundy Village. \r\nAddress: 14 S. Swinton Avenue; Old School Square Historic District \r\nPCN: 12-43-46-16-Q6-001-0020\r\nOwner/Applicant: Sundy Vill", "summary": "", "plain": "Site plan \u2014 at 14 S. Swinton Avenue, Delray Beach", "link": "https://delraybeach.legistar.com/LegislationDetail.aspx?ID=7997552&GUID=DF7C8FA8-B41B-4F04-9ACB-A7EEA4000B5A&G=64FA97B3-79BD-4514-A475-83678FBA9314&Options=&Search=", "project_type": "site-plan", "multifamily": false, "address": "14 S. Swinton Avenue", "parcel": null, "status": "heard", "first_seen": "2026-07-06", "units": null, "acres": null, "score": 0}}, {"type": "Feature", "geometry": {"type": "Point", "coordinates": [-80.105614057212, 26.458012607143]}, "properties": {"id": "2d7a4b29d279be86", "source": "delray-beach", "jurisdiction": "Delray Beach", "county": "Palm Beach", "meeting_body": "City Commission", "meeting_date": "2026-05-05", "title": "RESOLUTION NO. 20-26: A RESOLUTION OF THE CITY COMMISSION OF THE CITY OF DELRAY BEACH, FLORIDA, APPROVING A CONDITIONAL USE TO ALLOW A 24-HOUR BUSINESS TO OPERATE AT 3921 WEST ATLANTIC AVENUE, AS MORE PARTICULARLY DESCRIBED HEREIN, PURSUANT TO THE LAND DEVELOPMENT REGULATIONS OF THE CODE OF ORDINANCES AND THE COMPREHENSIVE PLAN OF THE CITY OF DELRAY BEACH; PROVIDING AN EFFECTIVE DATE; AND FOR OTHE", "summary": "", "plain": "Special exception \u2014 at 3921 WEST ATLANTIC AVENUE, Delray Beach", "link": "https://delraybeach.legistar.com/LegislationDetail.aspx?ID=7994499&GUID=C79815D8-4EEF-417B-B059-750BD58475A0&G=64FA97B3-79BD-4514-A475-83678FBA9314&Options=&Search=", "project_type": "special-exception", "multifamily": false, "address": "3921 WEST ATLANTIC AVENUE", "parcel": null, "status": "heard", "first_seen": "2026-07-06", "units": null, "acres": null, "score": 0}}, {"type": "Feature", "geometry": {"type": "Point", "coordinates": [-80.081341459613, 26.465609179145]}, "properties": {"id": "558497f6e29016cd", "source": "delray-beach", "jurisdiction": "Delray Beach", "county": "Palm Beach", "meeting_body": "Community Redevelopment Agency", "meeting_date": "2026-04-28", "title": "BOARD DIRECTION AND DISCUSSION ON RFP CRA NO. 2026-02 - FOR THE DISPOSITION OF A CRA-OWNED VACANT LOT FOR THE DEVELOPMENT OF AFFORDABLE/WORKFORCE HOUSING - 216 NW 8th AVENUE", "summary": "", "plain": "Multifamily development item \u2014 at 216 NW 8th AVENUE, Delray Beach", "link": "https://delraybeach.legistar.com/LegislationDetail.aspx?ID=7989549&GUID=472F4C5B-DFC5-44DC-A3D3-AAD7842F04B7&G=64FA97B3-79BD-4514-A475-83678FBA9314&Options=&Search=", "project_type": "other-development", "multifamily": true, "address": "216 NW 8th AVENUE", "parcel": null, "status": "heard", "first_seen": "2026-07-06", "units": null, "acres": null, "score": 3}}, {"type": "Feature", "geometry": {"type": "Point", "coordinates": [-80.067666791623, 26.432073848895]}, "properties": {"id": "383e5090d125fe92", "source": "delray-beach", "jurisdiction": "Delray Beach", "county": "Palm Beach", "meeting_body": "Board of Adjustment", "meeting_date": "2026-04-16", "title": "972 Dogwood Drive (File #PZ-000434-2026-VAR-BOA): Consideration of a variance request from Land Development Regulation (LDR) Section 4.3.4(K), Development Standards Matrix - Residential zoning districts, to reduce the rear (south) setback to 5 feet, whereas a minimum of 25 feet is required, associated with the construction of a patio enclosure.  \r\nAddress: 972 Dogwood Drive\r\nPCN: 12-43-46-28-03-00", "summary": "", "plain": "Variance \u2014 at 972 Dogwood Drive, Delray Beach", "link": "https://delraybeach.legistar.com/LegislationDetail.aspx?ID=7975078&GUID=A69ADC67-CA8D-4DD1-AEA4-DB474866EA35&G=64FA97B3-79BD-4514-A475-83678FBA9314&Options=&Search=", "project_type": "variance", "multifamily": false, "address": "972 Dogwood Drive", "parcel": "43-46-28-03-000-2460", "status": "heard", "first_seen": "2026-07-06", "units": null, "acres": null, "score": 0}}, {"type": "Feature", "geometry": {"type": "Point", "coordinates": [-80.081516083804, 26.470903127461]}, "properties": {"id": "068230fbd0812886", "source": "delray-beach", "jurisdiction": "Delray Beach", "county": "Palm Beach", "meeting_body": "City Commission", "meeting_date": "2026-04-07", "title": "RESOLUTION NO. 58-26: A RESOLUTION OF THE CITY COMMISSION OF THE CITY OF DELRAY BEACH, FLORIDA, APPROVING A WAIVER TO THE MINIMUM LOT WIDTH ASSOCIATED WITH THE PROPOSED \u201cENCLAVE BY THE SEA\u201d PLAT FOR THE PROPERTY LOCATED AT 504 NW 8TH AVENUE, AS MORE PARTICULARLY DESCRIBED HEREIN; PROVIDING AN EFFECTIVE DATE; AND FOR OTHER PURPOSES. (QUASI-JUDICIAL)", "summary": "", "plain": "Plat / subdivision \u2014 at 504 NW 8TH AVENUE, Delray Beach", "link": "https://delraybeach.legistar.com/LegislationDetail.aspx?ID=7964804&GUID=7E886DCD-835A-422A-9E92-26520DBDB3C3&G=64FA97B3-79BD-4514-A475-83678FBA9314&Options=&Search=", "project_type": "plat", "multifamily": false, "address": "504 NW 8TH AVENUE", "parcel": null, "status": "heard", "first_seen": "2026-07-06", "units": null, "acres": null, "score": 0}}, {"type": "Feature", "geometry": {"type": "Point", "coordinates": [-80.078606355117, 26.461557841726]}, "properties": {"id": "ab95f86fc932c9cf", "source": "delray-beach", "jurisdiction": "Delray Beach", "county": "Palm Beach", "meeting_body": "Site Plan Review and Appearance Board", "meeting_date": "2026-03-25", "title": "540 West Atlantic Avenue - Dunkin Donuts (2024-152): Level 2 Site Plan Application to revitalize the existing building at 540 West Atlantic Avenue into a Dunkin Donuts restaurant, including the addition of a 168 square foot walk-in cooler, modifications to the building elevations, and associated site improvements.\r\nAddress: 540 W. Atlantic Avenue\r\nPCN: 12-43-46-16-01-021-0150\r\nProperty Owner: 540 ", "summary": "", "plain": "Site plan \u2014 at 540 West Atlantic Avenue, Delray Beach", "link": "https://delraybeach.legistar.com/LegislationDetail.aspx?ID=7953328&GUID=D9AE92D9-4839-4F82-A642-C97CE93E9F54&G=64FA97B3-79BD-4514-A475-83678FBA9314&Options=&Search=", "project_type": "site-plan", "multifamily": false, "address": "540 West Atlantic Avenue", "parcel": "43-46-16-01-021-0150", "status": "heard", "first_seen": "2026-07-06", "units": null, "acres": null, "score": 0}}, {"type": "Feature", "geometry": {"type": "Point", "coordinates": [-80.105614057212, 26.458012607143]}, "properties": {"id": "b1e2e272039a54d7", "source": "delray-beach", "jurisdiction": "Delray Beach", "county": "Palm Beach", "meeting_body": "Planning and Zoning Board", "meeting_date": "2026-03-16", "title": "24-Hour or Late Night Use, JFK Medical Center Freestanding Emergency Department (File PZ-000234-2025):  Provide a recommendation to the City Commission regarding a Conditional Use request to allow the establishment of a 24-Hour or Late-Night Use (Freestanding Emergency Department) at 3921 West Atlantic Avenue. (PUBLIC HEARING)  \r\nAddress: 3921 West Atlantic Avenue\r\nPCN: 12-43-46-18-33-001-0000\r\nAp", "summary": "", "plain": "Special exception \u2014 at 3921 West Atlantic Avenue, Delray Beach", "link": "https://delraybeach.legistar.com/LegislationDetail.aspx?ID=7942894&GUID=C1AAD35A-1D3F-48D8-8319-81B1BAB1CA3E&G=64FA97B3-79BD-4514-A475-83678FBA9314&Options=&Search=", "project_type": "special-exception", "multifamily": false, "address": "3921 West Atlantic Avenue", "parcel": "43-46-18-33-001-0000", "status": "heard", "first_seen": "2026-07-06", "units": null, "acres": null, "score": 0}}, {"type": "Feature", "geometry": {"type": "Point", "coordinates": [-80.084817689899, 26.444280509893]}, "properties": {"id": "d10cbab0afa902d5", "source": "delray-beach", "jurisdiction": "Delray Beach", "county": "Palm Beach", "meeting_body": "City Commission", "meeting_date": "2026-03-09", "title": "RESOLUTION NO. 22-26: A RESOLUTION OF THE CITY COMMISSION OF THE CITY OF DELRAY BEACH, FLORIDA, FINDING THAT A BUILDING MATERIAL SUPPLY BUSINESS WITH OUTDOOR STORAGE OF ROOFING MATERIALS AND ACCESSORY OVERNIGHT TRUCK STORAGE IS AKIN TO A LUMBERYARD AND APPROVING A CONDITIONAL USE; APPROVING A LEVEL 4 SITE PLAN AND LANDSCAPE PLAN AT 1127 POINSETTIA DRIVE, AS MORE PARTICULARLY DESCRIBED HEREIN, PURS", "summary": "", "plain": "Site plan \u2014 at 1127 POINSETTIA DRIVE, Delray Beach", "link": "https://delraybeach.legistar.com/LegislationDetail.aspx?ID=7936820&GUID=AAA683DB-C13A-41C7-867A-BECFCD8382EE&G=64FA97B3-79BD-4514-A475-83678FBA9314&Options=&Search=", "project_type": "site-plan", "multifamily": false, "address": "1127 POINSETTIA DRIVE", "parcel": null, "status": "heard", "first_seen": "2026-07-06", "units": null, "acres": null, "score": 0}}, {"type": "Feature", "geometry": {"type": "Point", "coordinates": [-80.067250595111, 26.469170745025]}, "properties": {"id": "c02ed5f7649c37fa", "source": "delray-beach", "jurisdiction": "Delray Beach", "county": "Palm Beach", "meeting_body": "City Commission", "meeting_date": "2026-03-09", "title": "RESOLUTION NO. 56-26: A RESOLUTION OF THE CITY COMMISSION OF THE CITY OF DELRAY BEACH, FLORIDA, APPROVING A LEVEL 4 SITE PLAN, ARCHITECTURAL ELEVATIONS, LANDSCAPE PLAN AND WAIVER REQUEST TO SECTION 4.4.13(D)(2)(a)3.a. OF THE LAND DEVELOPMENT REGULATIONS TO REDUCE THE 20-FOOT FRONT SETBACK DEPTH ABOVE THE THIRD STORY TO 17 FEET, 11 INCHES FOR THE PROJECT LOCATED AT 398 NE 6TH AVENUE, AS MORE PARTIC", "summary": "", "plain": "Site plan \u2014 at 398 NE 6TH AVENUE, Delray Beach", "link": "https://delraybeach.legistar.com/LegislationDetail.aspx?ID=7936822&GUID=FF0B3027-6B5F-489B-B2A9-27B871C9EA1A&G=64FA97B3-79BD-4514-A475-83678FBA9314&Options=&Search=", "project_type": "site-plan", "multifamily": false, "address": "398 NE 6TH AVENUE", "parcel": null, "status": "heard", "first_seen": "2026-07-06", "units": null, "acres": null, "score": 0}}, {"type": "Feature", "geometry": {"type": "Point", "coordinates": [-80.285767762741, 26.641826968511]}, "properties": {"id": "51b4d0a7bbbda8aa", "source": "wellington", "jurisdiction": "Wellington", "county": "Palm Beach", "meeting_body": "Village Council ", "meeting_date": "2026-07-28", "title": "RESOLUTION NO. R2026-25 (THE LANDINGS AT WELLINGTON PUD MASTER PLAN AMENDMENT \u2013 R & B TENNIS)\r\n\r\nA RESOLUTION OF WELLINGTON, FLORIDA\u2019S COUNCIL, FOR A MASTER PLAN AMENDMENT [PETITION NUMBER 2025-0002-MPA] AMENDING THE LANDINGS AT WELLINGTON PLANNED UNIT DEVELOPMENT (PUD) MASTER PLAN FOR CERTAIN PROPERTY KNOWN AS LITTLE PLACE OF THE LANDING AT WELLINGTON PUD (AKA R&B TENNIS), TOTALING 4.00 ACRES, MO", "summary": "Approval of Resolution No. R2026-25 to amend The Landings at Wellington PUD Master Plan by changing the Master Plan use designation for 2995 Greenbriar Boulevard from Day Care to Assembly, and to add two (2) access points along Greenbriar Boulevard into the Assembly site.", "plain": "Planned development (PUD) \u00b7 4 ac \u2014 at 2995 Greenbriar Boulevard, Wellington", "link": "https://wellington.legistar.com/LegislationDetail.aspx?ID=8142842&GUID=23EEE750-5ACB-4524-991C-8F5AD28E0699&G=555448C4-479A-495A-AC1C-FBA596A23D03&Options=&Search=", "project_type": "pud", "multifamily": false, "address": "2995 Greenbriar Boulevard", "parcel": null, "status": "heard", "first_seen": "2026-07-23", "units": null, "acres": 4.0, "score": 2}}, {"type": "Feature", "geometry": {"type": "Point", "coordinates": [-80.285767762741, 26.641826968511]}, "properties": {"id": "7e2dc9172fc25b53", "source": "wellington", "jurisdiction": "Wellington", "county": "Palm Beach", "meeting_body": "Planning, Zoning and Adjustment Board", "meeting_date": "2026-06-17", "title": "RESOLUTION NO. R2026-25 (THE LANDINGS AT WELLINGTON PUD MASTER PLAN AMENDMENT \u2013 R & B TENNIS)\r\n\r\nA RESOLUTION OF WELLINGTON, FLORIDA\u2019S COUNCIL, FOR A MASTER PLAN AMENDMENT [PETITION NUMBER 2025-0002-MPA] AMENDING THE LANDINGS AT WELLINGTON PLANNED UNIT DEVELOPMENT (PUD) MASTER PLAN FOR CERTAIN PROPERTY KNOWN AS LITTLE PLACE OF THE LANDING AT WELLINGTON PUD (AKA R&B TENNIS), TOTALING 4.00 ACRES, MO", "summary": "File #: PZ-0423 Name: RESOLUTION NO. R2026-25 (THE LANDINGS AT WELLINGTON PUD MASTER PLAN AMENDMENT \u2013 R & B TENNIS)\n\nA RESOLUTION OF WELLINGTON, FLORIDA\u2019S COUNCIL, FOR A MASTER PLAN AMENDMENT [PETITION NUMBER 2025-0002-MPA] AMENDING THE LANDINGS AT WELLINGTON PLANNED UNIT DE Type: PZ-Master Plan/Amendment Body: Planning, Zoning and Adjustment Board Agenda Date: 6/17/2026 Final action: Title: ITEM:", "plain": "Planned development (PUD) \u00b7 4 ac \u2014 at 2995 Greenbriar Boulevard, Wellington", "link": "https://wellington.legistar.com/LegislationDetail.aspx?ID=8066049&GUID=B5F587F4-8E2F-49A4-B216-8A89AC044709&G=555448C4-479A-495A-AC1C-FBA596A23D03&Options=&Search=", "project_type": "pud", "multifamily": false, "address": "2995 Greenbriar Boulevard", "parcel": null, "status": "heard", "first_seen": "2026-07-06", "units": null, "acres": 4.0, "score": 2}}, {"type": "Feature", "geometry": {"type": "Point", "coordinates": [-80.093731804356, 26.970194020533]}, "properties": {"id": "391969d1016f2f52", "source": "jupiter", "jurisdiction": "Jupiter", "county": "Palm Beach", "meeting_body": "Planning and Zoning Commission", "meeting_date": "2026-07-14", "title": "1666 North Old Dixie (Cemex) - A Future Land Use Map amendment to designate the subject property with a General Industrial land use, for a .77+/- acre property located at 1666 N. Old Dixie Hwy. (PZ#26-6867) Town Council Consideration: August 18, 2026 (1st Reading) September 15, 2026 (2nd Reading)", "summary": "", "plain": "Land-use change \u00b7 77 ac \u2014 at 1666 N. Old Dixie Hwy, Jupiter", "link": "https://jupiterfl.portal.civicclerk.com/event/1557/overview", "project_type": "land-use", "multifamily": false, "address": "1666 N. Old Dixie Hwy", "parcel": null, "status": "heard", "first_seen": "2026-07-08", "units": null, "acres": 77.0, "score": 2}}, {"type": "Feature", "geometry": {"type": "Point", "coordinates": [-80.1107108, 27.030313]}, "properties": {"id": "ec00246e71bf31ff", "source": "jupiter", "jurisdiction": "Jupiter", "county": "Palm Beach", "meeting_body": "Planning and Zoning Commission", "meeting_date": "2026-06-09", "title": "Shoppes at Jupiter (Quasi-Judicial) \u2013 Site plan amendment to revise the architectural elevations, add an enclosed loading dock, modify uses, and reconfigure a portion of the parking lot, for a 24.9+/- acre property located at 101 N. US Highway One. (PZ 25-6584)", "summary": "", "plain": "Site plan \u00b7 24.9 ac \u2014 at 101 N. US Highway, Jupiter", "link": "https://jupiterfl.portal.civicclerk.com/event/1556/overview", "project_type": "site-plan", "multifamily": false, "address": "101 N. US Highway", "parcel": null, "status": "heard", "first_seen": "2026-07-06", "units": null, "acres": 24.9, "score": 1}}, {"type": "Feature", "geometry": {"type": "Point", "coordinates": [-80.140023466153, 26.933026842905]}, "properties": {"id": "81034880c03ada44", "source": "jupiter", "jurisdiction": "Jupiter", "county": "Palm Beach", "meeting_body": "Town Council", "meeting_date": "2026-05-19", "title": "POSTPONED TO JULY 7, 2026 - Planet Kids \u2013 Applications for two parcels totaling 1.4+/- acres located at 6910 174th St N and the southwest corner of 174th St N and 68th Terrace N, to request a: A. Ordinance 17-26, Second Reading \u2014 Voluntary Annexation; B. Ordinance 18-26, Second Reading \u2014 Future Land Use Map (FLUM) amendment from Palm Beach County (PBC) Medium Residential, 5 units per acre (MR-5) t", "summary": "", "plain": "Multifamily land-use change \u00b7 5 units \u00b7 1.4 ac \u2014 at 6910 174th St N, Jupiter", "link": "https://jupiterfl.portal.civicclerk.com/event/1499/overview", "project_type": "land-use", "multifamily": true, "address": "6910 174th St N", "parcel": null, "status": "heard", "first_seen": "2026-07-06", "units": 5, "acres": 1.4, "score": 4}}, {"type": "Feature", "geometry": {"type": "Point", "coordinates": [-80.08559271687, 26.350568187219]}, "properties": {"id": "eaaff9c2356ff696", "source": "boca-raton", "jurisdiction": "Boca Raton", "county": "Palm Beach", "meeting_body": "C.R.A Regular Meeting", "meeting_date": "2026-05-11", "title": "101 E. Palmetto Park Road \nDDRI IDA CRP-24-02 \nConsideration of an Individual Development Approval (IDA) of the Boca Raton Community Redevelopment Agency for the ?101 E Palmetto? project on approximately 0.24 acres generally located at 101 East Palmetto Park Road to authorize, in an existing 8,235 square foot two (2) story building classified as Retail (High), a change in use of 2,555 square feet ", "summary": "", "plain": "Multifamily development agreement \u00b7 0.24 ac \u2014 at 101 E. Palmetto Park Road, Boca Raton", "link": "https://bocaraton.granicus.com/AgendaViewer.php?view_id=9&clip_id=3061#agenda235118", "project_type": "development-agreement", "multifamily": true, "address": "101 E. Palmetto Park Road", "parcel": null, "status": "heard", "first_seen": "2026-08-23", "units": null, "acres": 0.24, "score": 3}}, {"type": "Feature", "geometry": {"type": "Point", "coordinates": [-80.202716035549, 26.709351084603]}, "properties": {"id": "24df25245f660995", "source": "royal-palm-beach", "jurisdiction": "Royal Palm Beach", "county": "Palm Beach", "meeting_body": "Planning and Zoning Commission", "meeting_date": "2026-04-28", "title": "Application No. 25-104 (SPM, AAR) \u2013 TD Bank Landscaping, Paint, & Sign \u2013 The Applicant, RRW Architects & Planners, AIA, Inc., on behalf of Owner Okeechobee Sunshine Boys, LLC, is requesting a Major Si", "summary": "Application No. 25-104 (SPM, AAR) \u2013 TD Bank Landscaping, Paint, & Sign \u2013 The Applicant, RRW Architects & Planners, AIA, Inc., on behalf of Owner Okeechobee Sunshine Boys, LLC, is requesting a Major Site Plan Modification and Architectural Approval for landscape modifications, exterior repair and repaint of the existing building, and parking and signage improvements to update both to current brandi", "plain": "Site plan \u2014 at 10149 Okeechobee Boulevard, Royal Palm Beach", "link": "https://www.royalpalmbeachfl.gov/AgendaCenter/ViewFile/Agenda/_04282026-42", "project_type": "site-plan", "multifamily": false, "address": "10149 Okeechobee Boulevard", "parcel": null, "status": "heard", "first_seen": "2026-07-06", "units": null, "acres": null, "score": 0}}, {"type": "Feature", "geometry": {"type": "Point", "coordinates": [-81.534494363255, 28.596584690786]}, "properties": {"id": "97c49cc2c4f135f3", "source": "orange-county", "jurisdiction": "Orange County", "county": "Orange", "meeting_body": "Board of County Commissioners", "meeting_date": "2026-08-25", "title": "Receipt of the following items to file for the record: (Clerk\u2019s Office)\r\n\r\na.\tCity of Orlando Ordinance No. 2026-13 with Exhibit A (Location Map), City of Orlando Business Impact Estimate, Orlando Sentinel Proof of Publication. Ordinance 2026-13 entitled: An Ordinance of the City Council of the City of Orlando, Florida, relating to a street name change; renaming \"Alexander Place\" which is depicted", "summary": "", "plain": "Plat / subdivision \u00b7 0.38 ac \u2014 at 5068 Adair Street, Orange County", "link": "https://occompt.legistar.com/LegislationDetail.aspx?ID=8163631&GUID=E86EC480-A42C-41C1-8C66-40F78539351E&G=671217FC-A8C9-41BD-BA90-3804D546A607&Options=&Search=", "project_type": "plat", "multifamily": false, "address": "5068 Adair Street", "parcel": null, "status": "heard", "first_seen": "2026-08-20", "units": null, "acres": 0.38, "score": 0}}, {"type": "Feature", "geometry": {"type": "Point", "coordinates": [-81.379124161872, 28.553163949706]}, "properties": {"id": "064db60ee65805cc", "source": "orange-county", "jurisdiction": "Orange County", "county": "Orange", "meeting_body": "Board of County Commissioners", "meeting_date": "2026-08-25", "title": "Transmittal of Regular Cycle Future Land Use Map Amendment 2026-1-A-4-1, Rebecca Hammock, Pape-Dawson (Continued from March 10, and May 5, 2026)", "summary": "File #: 26-0241 Version: 1 Name: Type: Public Hearing Status: Public Hearing File created: 2/4/2026 In control: Planning, Environmental, and Development Services Department On agenda: 8/25/2026 Final action: 8/25/2026 Title: Transmittal of Regular Cycle Future Land Use Map Amendment 2026-1-A-4-1, Rebecca Hammock, Pape-Dawson (Continued from March 10, and May 5, 2026) Attachments: 1. 2026-03-10 Req", "plain": "Land-use change \u2014 at 4-1 E Colonial Drive, Orange County", "link": "https://occompt.legistar.com/LegislationDetail.aspx?ID=7868284&GUID=8164A174-6635-4651-95A5-05053F207A8E&G=671217FC-A8C9-41BD-BA90-3804D546A607&Options=&Search=", "project_type": "land-use", "multifamily": false, "address": "4-1 E Colonial Drive", "parcel": null, "status": "heard", "first_seen": "2026-08-28", "units": null, "acres": null, "score": 1}}, {"type": "Feature", "geometry": {"type": "Point", "coordinates": [-80.110776504467, 26.496471853747]}, "properties": {"id": "c48d41f18b8308b7", "source": "orange-county", "jurisdiction": "Orange County", "county": "Orange", "meeting_body": "Board of County Commissioners", "meeting_date": "2026-08-04", "title": "Adoption of Future Land Use Map Amendment, Ordinance, and Concurrent Rezoning Request\n\na. Amendment SS-25-12-020\n\nTimothy E. O\u2019Donnell, Low-Medium Density Residential (LMDR) to Industrial (IND); District 3\n\nAnd\n\nb. Ordinance for Proposed Amendment\n\nAnd\n\nc. \u221aRezoning RZ-25-12-020\nA-2 (Farmland Rural District) to I-1/I-5 Restricted (Industrial District - Light); District 3 (Continued from August 4, ", "summary": "File #: 26-0845 Version: 1 Name: Type: Public Hearing Status: Public Hearing File created: 7/1/2026 In control: Planning, Environmental, and Development Services Department On agenda: 9/15/2026 Final action: Title: Adoption of Future Land Use Map Amendment, Ordinance, and Concurrent Rezoning Request\n\na. Amendment SS-25-12-020\n\nTimothy E. O'Donnell, Low-Medium Density Residential (LMDR) to Industri", "plain": "Rezoning \u2014 at 12-020 Brentwood Drive, Orange County", "link": "https://occompt.legistar.com/LegislationDetail.aspx?ID=8124274&GUID=DA64B8D8-8A03-4ED6-ADD5-51E8A56E869E&G=671217FC-A8C9-41BD-BA90-3804D546A607&Options=&Search=", "project_type": "rezoning", "multifamily": false, "address": "12-020 Brentwood Drive", "parcel": null, "status": "heard", "first_seen": "2026-08-15", "units": null, "acres": null, "score": 1}}, {"type": "Feature", "geometry": {"type": "Point", "coordinates": [-81.347601661434, 28.567878945334]}, "properties": {"id": "6961d36b8fafce1c", "source": "orange-county", "jurisdiction": "Orange County", "county": "Orange", "meeting_body": "Board of County Commissioners", "meeting_date": "2026-07-14", "title": "To approve or deny the annexation request.  If the Board votes to approve the annexation request, staff requests approval and execution of the Interlocal Agreement for Annexation of 2901 Corrine Drive between City of Orlando, Florida and Orange County, Florida; District 5", "summary": "", "plain": "Annexation \u2014 at 2901 Corrine Drive, Orange County", "link": "https://occompt.legistar.com/LegislationDetail.aspx?ID=8074154&GUID=6BD5C17C-17B0-434F-8182-221F4C56BD79&G=671217FC-A8C9-41BD-BA90-3804D546A607&Options=&Search=", "project_type": "annexation", "multifamily": false, "address": "2901 Corrine Drive", "parcel": null, "status": "heard", "first_seen": "2026-07-09", "units": null, "acres": null, "score": 0}}, {"type": "Feature", "geometry": {"type": "Point", "coordinates": [-81.5424759, 28.5885242]}, "properties": {"id": "e4b956d8211da726", "source": "orange-county", "jurisdiction": "Orange County", "county": "Orange", "meeting_body": "Board of County Commissioners", "meeting_date": "2026-06-02", "title": "Receipt of the following items to file for the record: (Clerk\u2019s Office)\r\n\r\na.\tFlorida Public Service Commission Notice of Proposed Agency Action Order Approving Rate Increase for Gulfstream Utility LLC. In re: Application for staff-assisted rate case in Orange County, by Gulfstream Utility LLC.\r\n\r\nb.\tFlorida Public Service Commission Order Granting Customer Majority Parties\u2019 Joint Request for Oral", "summary": "", "plain": "Annexation \u00b7 1.02 ac \u2014 at 1446 North Lakewood Avenue, Orange County", "link": "https://occompt.legistar.com/LegislationDetail.aspx?ID=8028526&GUID=A8EA2207-3AFD-4C60-A353-1586172B6A67&G=671217FC-A8C9-41BD-BA90-3804D546A607&Options=&Search=", "project_type": "annexation", "multifamily": false, "address": "1446 North Lakewood Avenue", "parcel": null, "status": "heard", "first_seen": "2026-07-06", "units": null, "acres": 1.02, "score": 0}}, {"type": "Feature", "geometry": {"type": "Point", "coordinates": [-81.560332547773, 28.589720000542]}, "properties": {"id": "28fee06e6a6ea7ff", "source": "orange-county", "jurisdiction": "Orange County", "county": "Orange", "meeting_body": "Board of County Commissioners", "meeting_date": "2026-05-05", "title": "Receipt of the following items to file for the record: (Clerk\u2019s Office)\r\n\r\na.\tWinter Garden Community Redevelopment Agency, Financial Statements and Independent Auditor\u2019s Report, September 30, 2025.\r\n\r\nb.\tAnnual Financial Report, Winter Park Community Redevelopment Agency, for the year ended September 30, 2024.\r\n\r\nc.\tWinter Park Community Redevelopment Agency, Annual Report Fiscal Year 2025.\r\n\r\nd.", "summary": "", "plain": "Annexation \u00b7 1.5 ac \u2014 at 1414 East Crown Point Road, Orange County", "link": "https://occompt.legistar.com/LegislationDetail.aspx?ID=7984541&GUID=0CC399FA-2973-4085-9F90-624AF1B6749C&G=671217FC-A8C9-41BD-BA90-3804D546A607&Options=&Search=", "project_type": "annexation", "multifamily": false, "address": "1414 East Crown Point Road", "parcel": null, "status": "heard", "first_seen": "2026-07-06", "units": null, "acres": 1.5, "score": 0}}, {"type": "Feature", "geometry": {"type": "Point", "coordinates": [-81.36287919238, 28.513593367423]}, "properties": {"id": "fc5d75ebc2d347f9", "source": "orange-county", "jurisdiction": "Orange County", "county": "Orange", "meeting_body": "Board of County Commissioners", "meeting_date": "2026-03-24", "title": "Receipt of the following items to file for the record: (Clerk\u2019s Office)\r\n\r\na.\tCity of Orlando Ordinance No. 2025-43, Annexing Property Generally Located North of E. Michigan Street, East of Mayer Street, West of Brown Avenue, and South of E. Crystal Lake Avenue and Comprised of 0.32 Acres (ANX2025-10002) (2619 Mayer Street Annexation) (Economic Development) with Exhibit A (Legal Description), Exhi", "summary": "", "plain": "Annexation \u00b7 0.32 ac \u2014 at 2619 Mayer Street, Orange County", "link": "https://occompt.legistar.com/LegislationDetail.aspx?ID=7938158&GUID=701B2E0A-6348-449E-A7D1-18AE50BFBFB2&G=671217FC-A8C9-41BD-BA90-3804D546A607&Options=&Search=", "project_type": "annexation", "multifamily": false, "address": "2619 Mayer Street", "parcel": null, "status": "heard", "first_seen": "2026-07-06", "units": null, "acres": 0.32, "score": 0}}, {"type": "Feature", "geometry": {"type": "Point", "coordinates": [-81.544902153164, 28.59523894393]}, "properties": {"id": "624f945c65d1afa9", "source": "orange-county", "jurisdiction": "Orange County", "county": "Orange", "meeting_body": "Board of County Commissioners", "meeting_date": "2026-03-10", "title": "Receipt of the following items to file for the record: (Clerk\u2019s Office)\r\n\r\na.\tWinter Park Community Redevelopment Agency Annual Report Fiscal Year 2024.\r\n\r\nb.\tOrdinance 3355-25: An Ordinance of the City of Winter Park, Florida adopting the Annual Budget for the Fiscal Year beginning October 1, 2025 and ending September 30, 2026 and accompanying five year capital improvement plan; appropriating fun", "summary": "", "plain": "Multifamily annexation \u00b7 5.09 ac \u2014 at 2277 Fullers Cross Road, Orange County", "link": "https://occompt.legistar.com/LegislationDetail.aspx?ID=7921948&GUID=8FC645FC-034F-4BFD-BC40-E2A75D18F5C3&G=671217FC-A8C9-41BD-BA90-3804D546A607&Options=&Search=", "project_type": "annexation", "multifamily": true, "address": "2277 Fullers Cross Road", "parcel": null, "status": "heard", "first_seen": "2026-07-06", "units": null, "acres": 5.09, "score": 4}}, {"type": "Feature", "geometry": {"type": "Point", "coordinates": [-81.24009788679155, 28.631124709023513]}, "properties": {"id": "db2de6897d3175f6", "source": "seminole-county", "jurisdiction": "Seminole County", "county": "Seminole", "meeting_body": "Development Review Committee", "meeting_date": "2026-09-02", "title": "9:00 AM (IN PERSON) W SR 426 - PRE-APPLICATION\r\nProject Number: 26-80000099\r\nProject Description: Proposed Rezone from R-1 to Commercial use on 0.34 acres located on the east side of W SR 426, south of Connection Pt \r\nProject Manager: Amy Canelo (407) 665-7354 (acanelo@seminolecountyfl.gov)\r\nParcel ID: 29-21-31-501-0000-0010\r\nBCC District: 1-Dallari\r\nApplicant: Gloria White (407) 800-1115\r\nConsult", "summary": "", "plain": "Rezoning \u00b7 0.34 ac \u2014 parcel 29-21-31-501-0000-0010, Seminole County", "link": "https://seminolecountyfl.legistar.com/LegislationDetail.aspx?ID=8195262&GUID=7C305B63-7021-46A1-9E12-6D849B6B4243&G=E2DF9C83-4A2C-4390-86EE-5C088F5B9D50&Options=&Search=", "project_type": "rezoning", "multifamily": false, "address": null, "parcel": "29-21-31-501-0000-0010", "status": "heard", "first_seen": "2026-08-28", "units": null, "acres": 0.34, "score": 1}}, {"type": "Feature", "geometry": {"type": "Point", "coordinates": [-81.27032854988981, 28.644408350178374]}, "properties": {"id": "b2aeb6d56e5d6588", "source": "seminole-county", "jurisdiction": "Seminole County", "county": "Seminole", "meeting_body": "Development Review Committee", "meeting_date": "2026-09-02", "title": "GARDEN CREEK CENTER - SITE PLAN\nProject Number: 26-06000035\nProject Description: Proposed Site Plan for an office building on 1.52 acres in the C-1 zoning district located on the south side of Willa Springs Dr, west of Tuskawilla Rd \nProject Manager: Chad Harvey (407) 665-7341 (charvey02@seminolecountyfl.gov)\nParcel ID: 24-21-30-508-0000-0140\nBCC District: 1-Dallari\nApplicant: John Cathcart (407) ", "summary": "", "plain": "Site plan \u00b7 1.52 ac \u2014 parcel 24-21-30-508-0000-0140, Seminole County", "link": "https://seminolecountyfl.legistar.com/LegislationDetail.aspx?ID=8195288&GUID=80C69C40-5FAF-4DB9-A6AF-ACB29CED77F7&G=E2DF9C83-4A2C-4390-86EE-5C088F5B9D50&Options=&Search=", "project_type": "site-plan", "multifamily": false, "address": null, "parcel": "24-21-30-508-0000-0140", "status": "heard", "first_seen": "2026-08-28", "units": null, "acres": 1.52, "score": 0}}, {"type": "Feature", "geometry": {"type": "Point", "coordinates": [-81.436558127471, 28.656375229282]}, "properties": {"id": "3e600d75e7fa01e1", "source": "seminole-county", "jurisdiction": "Seminole County", "county": "Seminole", "meeting_body": "Board of Adjustment", "meeting_date": "2026-08-24", "title": "4050 McNeil Road - Request for a front yard setback variance from fifty (50) feet to thirty-six (36) feet for a fence, wall, gate and columns in the A-1 (Agriculture) district; BV2026-053 (Beverly Callum, Applicant) District 3 - Constantine (Angi Gates, Project Manager)", "summary": "", "plain": "Variance \u2014 at 4050 McNeil Road, Seminole County", "link": "https://seminolecountyfl.legistar.com/LegislationDetail.aspx?ID=8156001&GUID=FC2451F6-B60A-4D45-A05D-51163BC5AE05&G=E2DF9C83-4A2C-4390-86EE-5C088F5B9D50&Options=&Search=", "project_type": "variance", "multifamily": false, "address": "4050 McNeil Road", "parcel": null, "status": "heard", "first_seen": "2026-08-15", "units": null, "acres": null, "score": 0}}, {"type": "Feature", "geometry": {"type": "Point", "coordinates": [-81.375281044384, 28.733796314743]}, "properties": {"id": "54268c6b74bbc7ce", "source": "seminole-county", "jurisdiction": "Seminole County", "county": "Seminole", "meeting_body": "Board of Adjustment", "meeting_date": "2026-08-24", "title": "1898 E Crowley Circle - Request for: (1) a size variance from fifty (50) percent to 66.4 percent of the living area of the principal building; and (2) a height variance from twelve (12) feet to nineteen (19) feet for a detached garage in the RC-1 (Country Homes) district; BV2026-054 (Jim Potenziano, Applicant) District 5 - Herr (Jealyan Moreno, Project Manager)", "summary": "", "plain": "Variance \u2014 at 1898 E Crowley Circle, Seminole County", "link": "https://seminolecountyfl.legistar.com/LegislationDetail.aspx?ID=8156030&GUID=F8E9408D-9103-49EE-A8AA-5E822CFFE1CF&G=E2DF9C83-4A2C-4390-86EE-5C088F5B9D50&Options=&Search=", "project_type": "variance", "multifamily": false, "address": "1898 E Crowley Circle", "parcel": null, "status": "heard", "first_seen": "2026-08-15", "units": null, "acres": null, "score": 0}}, {"type": "Feature", "geometry": {"type": "Point", "coordinates": [-81.30706280037, 28.619833452206]}, "properties": {"id": "fc904e884618a73c", "source": "seminole-county", "jurisdiction": "Seminole County", "county": "Seminole", "meeting_body": "Board of Adjustment", "meeting_date": "2026-08-24", "title": "2207 Conifer Avenue - Request for a north side street setback variance from fifteen (15) feet to zero (0) feet for a fence in the R-1A (Single Family Dwelling) district; BV2026-055 (Lee Isbell, Applicant) District 4 - Lockhart (Jealyan Moreno, Project Manager)", "summary": "", "plain": "Variance \u2014 at 2207 Conifer Avenue, Seminole County", "link": "https://seminolecountyfl.legistar.com/LegislationDetail.aspx?ID=8164798&GUID=46F7437E-73BA-4CF4-8F28-752DD83A1BF5&G=E2DF9C83-4A2C-4390-86EE-5C088F5B9D50&Options=&Search=", "project_type": "variance", "multifamily": false, "address": "2207 Conifer Avenue", "parcel": null, "status": "heard", "first_seen": "2026-08-15", "units": null, "acres": null, "score": 0}}, {"type": "Feature", "geometry": {"type": "Point", "coordinates": [-81.22337006371339, 28.797829434528428]}, "properties": {"id": "dad6e0009f24b711", "source": "seminole-county", "jurisdiction": "Seminole County", "county": "Seminole", "meeting_body": "Development Review Committee", "meeting_date": "2026-08-19", "title": "MOOERS WAREHOUSE EXPANSION - SITE PLAN\r\nProject Number: 26-06000028\r\nProject Description: Proposed Site Plan for a warehouse on 1.66 acres in the M-1 zoning district located on the west side of Beardall Ave, south of Celery Ave \r\nProject Manager: Chad Harvey (407) 665-7341 (charvey02@seminolecountyfl.gov)\r\nParcel ID: 33-19-31-300-0180-0000\r\nBCC District: 5-Herr\r\nApplicant: William Mooers (407) 324", "summary": "", "plain": "Site plan \u00b7 1.66 ac \u2014 parcel 33-19-31-300-0180-0000, Seminole County", "link": "https://seminolecountyfl.legistar.com/LegislationDetail.aspx?ID=8171901&GUID=F316668B-DAAC-48D6-B08B-4951F074C2B4&G=E2DF9C83-4A2C-4390-86EE-5C088F5B9D50&Options=&Search=", "project_type": "site-plan", "multifamily": false, "address": null, "parcel": "33-19-31-300-0180-0000", "status": "heard", "first_seen": "2026-08-15", "units": null, "acres": 1.66, "score": 0}}, {"type": "Feature", "geometry": {"type": "Point", "coordinates": [-81.22972484240613, 28.647058186636258]}, "properties": {"id": "0e05b1d6847d43a7", "source": "seminole-county", "jurisdiction": "Seminole County", "county": "Seminole", "meeting_body": "Development Review Committee", "meeting_date": "2026-08-19", "title": "ST LUKES NEW DRIVEWAY - SITE PLAN \nProject Number: 26-06000020\nProject Description: Proposed Site Plan for a driveway connection from Slavia Rd to St Lukes on 4.95 acres in the A-1 zoning district on the east corner of W SR 426 and Slavia Rd \nProject Manager: Amy Canelo (407) 665-7354 (acanelo@seminolecountyfl.gov)\nParcel ID: 20-21-31-300-0140-0000\nBCC District: 1-Dallari\nApplicant: Steve Lehenbau", "summary": "", "plain": "Site plan \u00b7 4.95 ac \u2014 at 426 and Slavia Rd, Seminole County", "link": "https://seminolecountyfl.legistar.com/LegislationDetail.aspx?ID=8171902&GUID=68B02A57-C76A-4164-BF81-04092F327F8D&G=E2DF9C83-4A2C-4390-86EE-5C088F5B9D50&Options=&Search=", "project_type": "site-plan", "multifamily": false, "address": "426 and Slavia Rd", "parcel": "20-21-31-300-0140-0000", "status": "heard", "first_seen": "2026-08-15", "units": null, "acres": 4.95, "score": 1}}, {"type": "Feature", "geometry": {"type": "Point", "coordinates": [-81.2086518112085, 28.780205247102018]}, "properties": {"id": "42daf759a26428a9", "source": "seminole-county", "jurisdiction": "Seminole County", "county": "Seminole", "meeting_body": "Development Review Committee", "meeting_date": "2026-08-19", "title": "SOUTHEASTERN SURVEYING & MAPPING OFFICE - PRE-APPLICATION\r\nProject Number: 26-80000091\r\nProject Description: Proposed Site Plan for an office building on 2.47 acres in the A-1 zoning district located on the south side of Canyon Pt, west of E Lake Mary Blvd \r\nProject Manager: Kaitlyn Apgar (407) 665-7377 (kapgar@seminolecountyfl.gov)\r\nParcel ID: 03-20-31-503-0000-0010\r\nBCC District: 5-Herr\r\nApplica", "summary": "", "plain": "Site plan \u00b7 2.47 ac \u2014 parcel 03-20-31-503-0000-0010, Seminole County", "link": "https://seminolecountyfl.legistar.com/LegislationDetail.aspx?ID=8171904&GUID=7558569C-9F8D-4F2C-87AC-AC06EECB834E&G=E2DF9C83-4A2C-4390-86EE-5C088F5B9D50&Options=&Search=", "project_type": "site-plan", "multifamily": false, "address": null, "parcel": "03-20-31-503-0000-0010", "status": "heard", "first_seen": "2026-08-15", "units": null, "acres": 2.47, "score": 1}}, {"type": "Feature", "geometry": {"type": "Point", "coordinates": [-81.24036717407114, 28.630412465618527]}, "properties": {"id": "36d520e1cd6b91bc", "source": "seminole-county", "jurisdiction": "Seminole County", "county": "Seminole", "meeting_body": "Development Review Committee", "meeting_date": "2026-08-19", "title": "JAMES DR TOWNHOMES - PRE-APPLICATION\r\nProject Number: 26-80000089\r\nProject Description: Proposed Rezone from R-1 to PD for a townhome development on 1.02 acres located on the west side of James Dr, south of SR 426 \r\nProject Manager: Chad Harvey (407) 665-7341 (charvey02@seminolecountyfl.gov)\r\nParcel ID: 29-21-31-501-0000-0140\r\nBCC District: 1-Dallari\r\nApplicant: Arturs Bergs (206) 483-6049\r\nConsul", "summary": "", "plain": "Multifamily rezoning \u00b7 1.02 ac \u2014 parcel 29-21-31-501-0000-0140, Seminole County", "link": "https://seminolecountyfl.legistar.com/LegislationDetail.aspx?ID=8171905&GUID=8F7192F7-E588-40E7-83DF-F3B8B22345F0&G=E2DF9C83-4A2C-4390-86EE-5C088F5B9D50&Options=&Search=", "project_type": "rezoning", "multifamily": true, "address": null, "parcel": "29-21-31-501-0000-0140", "status": "heard", "first_seen": "2026-08-15", "units": null, "acres": 1.02, "score": 4}}, {"type": "Feature", "geometry": {"type": "Point", "coordinates": [-81.368931075656, 28.726365037381]}, "properties": {"id": "c5c6a82b815e445f", "source": "seminole-county", "jurisdiction": "Seminole County", "county": "Seminole", "meeting_body": "Board of County Commissioners", "meeting_date": "2026-08-11", "title": "Adopt the Resolution vacating and abandoning a portion of a drainage and utility easement located on Lot 10 of the Bolling Farms Subdivision, as recorded in Plat Book 45, Pages 56 and 57 of the Public Records of Seminole County, Florida, for property more particularly known as 1932 Caladium Place, Longwood, Florida; (Beverly Romine, Applicant); District4-Lockhart (Mike Rhodes, Development Services", "summary": "", "plain": "Plat / subdivision \u2014 at 1932 Caladium Place, Seminole County", "link": "https://seminolecountyfl.legistar.com/LegislationDetail.aspx?ID=8155054&GUID=330C742E-B0B0-4258-BD2B-D48332C9B16E&G=E2DF9C83-4A2C-4390-86EE-5C088F5B9D50&Options=&Search=", "project_type": "plat", "multifamily": false, "address": "1932 Caladium Place", "parcel": null, "status": "heard", "first_seen": "2026-08-05", "units": null, "acres": null, "score": 0}}, {"type": "Feature", "geometry": {"type": "Point", "coordinates": [-81.38641295595141, 28.699564824590443]}, "properties": {"id": "b7c8c80b5e725116", "source": "seminole-county", "jurisdiction": "Seminole County", "county": "Seminole", "meeting_body": "Development Review Committee", "meeting_date": "2026-08-05", "title": "9:20 AM (TEAMS) WEKIWA - SPECIAL EXCEPTION\r\nProject Number: 26-32000004\r\nProject Description: Proposed Special Exception for a church with a daycare on 5.06 acres in the A-1 zoning district located on the east side of Markham Woods Rd, north of SR 434 \r\nProject Manager: Annie Sillaway (407) 665-7936 (asillaway@seminolecountyfl.gov)\r\nParcel ID: 35-20-29-300-0110-0000\r\nBCC District: 3-Constantine\r\nA", "summary": "", "plain": "Special exception \u00b7 5.06 ac \u2014 parcel 35-20-29-300-0110-0000, Seminole County", "link": "https://seminolecountyfl.legistar.com/LegislationDetail.aspx?ID=8158751&GUID=565D36A7-113D-49EE-B46A-3A542DCEA016&G=E2DF9C83-4A2C-4390-86EE-5C088F5B9D50&Options=&Search=", "project_type": "special-exception", "multifamily": false, "address": null, "parcel": "35-20-29-300-0110-0000", "status": "heard", "first_seen": "2026-08-01", "units": null, "acres": 5.06, "score": 1}}, {"type": "Feature", "geometry": {"type": "Point", "coordinates": [-81.28051997159021, 28.61245799952591]}, "properties": {"id": "0b7028fbdb795774", "source": "seminole-county", "jurisdiction": "Seminole County", "county": "Seminole", "meeting_body": "Development Review Committee", "meeting_date": "2026-08-05", "title": "9:40 AM (TEAMS) FREESTANDING RETAIL - PRE-APPLICATION\r\nProject Number: 26-80000081\r\nProject Description: Proposed Site Plan for a free standing building on 12.63 acres in the C-2 zoning district located on the north side of Aloma Ave, west of Howell Branch Rd \r\nProject Manager: David German (407) 665-7341 (dgerman@seminolecountyfl.gov)\r\nParcel ID: 35-21-30-531-0000-0010\r\nBCC District: 1-Dallari\r\nA", "summary": "", "plain": "Site plan \u00b7 12.63 ac \u2014 parcel 35-21-30-531-0000-0010, Seminole County", "link": "https://seminolecountyfl.legistar.com/LegislationDetail.aspx?ID=8158748&GUID=175810B3-1435-486E-BE9F-D629874EB329&G=E2DF9C83-4A2C-4390-86EE-5C088F5B9D50&Options=&Search=", "project_type": "site-plan", "multifamily": false, "address": null, "parcel": "35-21-30-531-0000-0010", "status": "heard", "first_seen": "2026-08-01", "units": null, "acres": 12.63, "score": 1}}, {"type": "Feature", "geometry": {"type": "Point", "coordinates": [-81.1159972, 28.7341464]}, "properties": {"id": "4465ba556c246c48", "source": "seminole-county", "jurisdiction": "Seminole County", "county": "Seminole", "meeting_body": "Board of Adjustment", "meeting_date": "2026-07-27", "title": "Board of Adjustment Appeal - Appeal of the Planning Manager\u2019s Interpretation determining that the rental, sales and service of construction equipment is not a permitted use within the Highway 46 Commercial Planned Development (DO#24-20500014); (Tad Dixon, Appellant) District 5 - Herr (Joy Giles, Planning Manager)", "summary": "File #: 2026-0524 Category: Other Business Status: Agenda Ready File created: 6/10/2026 Type: Board of Adjustment On agenda: 7/27/2026 Final action: Title: Board of Adjustment Appeal - Appeal of the Planning Manager's Interpretation determining that the rental, sales and service of construction equipment is not a permitted use within the Highway 46 Commercial Planned Development (DO#24-20500014); ", "plain": "Planned development (PUD) \u2014 at 3550 West State Road 46, Seminole County", "link": "https://seminolecountyfl.legistar.com/LegislationDetail.aspx?ID=8072081&GUID=30B2F611-95E8-47FE-A513-367699CD33C8&G=E2DF9C83-4A2C-4390-86EE-5C088F5B9D50&Options=&Search=", "project_type": "pud", "multifamily": false, "address": "3550 West State Road 46", "parcel": null, "status": "heard", "first_seen": "2026-07-06", "units": null, "acres": null, "score": 1}}, {"type": "Feature", "geometry": {"type": "Point", "coordinates": [-81.371894185954, 28.795028793529]}, "properties": {"id": "cae9cc2817a95e39", "source": "seminole-county", "jurisdiction": "Seminole County", "county": "Seminole", "meeting_body": "Board of Adjustment", "meeting_date": "2026-07-27", "title": "6313 Bordeaux Circle - Request for a rear yard setback variance from seven and one-half (7\u00bd) feet to two (2) feet for a pool screen enclosure in the PD (Planned Development) district; BV2026-046 (Jason Sander, Applicant) District 5 - Herr (Angi Gates, Project Manager)", "summary": "", "plain": "Planned development (PUD) \u2014 at 6313 Bordeaux Circle, Seminole County", "link": "https://seminolecountyfl.legistar.com/LegislationDetail.aspx?ID=8130349&GUID=2BCD9C81-3959-4989-859C-0C4D23508C16&G=E2DF9C83-4A2C-4390-86EE-5C088F5B9D50&Options=&Search=", "project_type": "pud", "multifamily": false, "address": "6313 Bordeaux Circle", "parcel": null, "status": "heard", "first_seen": "2026-07-14", "units": null, "acres": null, "score": 1}}, {"type": "Feature", "geometry": {"type": "Point", "coordinates": [-81.247857349358, 28.661333241386]}, "properties": {"id": "5853b040901bad3b", "source": "seminole-county", "jurisdiction": "Seminole County", "county": "Seminole", "meeting_body": "Board of Adjustment", "meeting_date": "2026-07-27", "title": "1138 Hollow Pine Drive - Request for a rear yard setback variance from thirty (30) feet to eighteen (18) feet for a screen enclosure in the R-1A (Single Family Dwelling) district; BV2026-050 (Lawrence J. Hunter, Applicant) District 1 - Dallari District (Angi Gates, Project Manager)", "summary": "", "plain": "Variance \u2014 at 1138 Hollow Pine Drive, Seminole County", "link": "https://seminolecountyfl.legistar.com/LegislationDetail.aspx?ID=8130333&GUID=564F65E1-EDE0-43D2-B42D-5E8F8A72F13F&G=E2DF9C83-4A2C-4390-86EE-5C088F5B9D50&Options=&Search=", "project_type": "variance", "multifamily": false, "address": "1138 Hollow Pine Drive", "parcel": null, "status": "heard", "first_seen": "2026-07-14", "units": null, "acres": null, "score": 0}}, {"type": "Feature", "geometry": {"type": "Point", "coordinates": [-81.370835424954, 28.694194467149]}, "properties": {"id": "a6cf9e74a409e93f", "source": "seminole-county", "jurisdiction": "Seminole County", "county": "Seminole", "meeting_body": "Board of Adjustment", "meeting_date": "2026-07-27", "title": "1130 Roxboro Road - Request for a south side yard setback variance from ten (10) feet to five (5) feet for a pool screen enclosure in the R-1AA (Single Family Dwelling) district; BV2026-049 (Steven Gooden, Applicant) District 4 - Lockhart (Jealyan Moreno, Project Manager)", "summary": "", "plain": "Variance \u2014 at 1130 Roxboro Road, Seminole County", "link": "https://seminolecountyfl.legistar.com/LegislationDetail.aspx?ID=8130300&GUID=B50BAEE2-D652-4EBD-9CCD-3928F81E2311&G=E2DF9C83-4A2C-4390-86EE-5C088F5B9D50&Options=&Search=", "project_type": "variance", "multifamily": false, "address": "1130 Roxboro Road", "parcel": null, "status": "heard", "first_seen": "2026-07-14", "units": null, "acres": null, "score": 0}}, {"type": "Feature", "geometry": {"type": "Point", "coordinates": [-81.250346, 28.611715]}, "properties": {"id": "b49eb88d4d6919a5", "source": "seminole-county", "jurisdiction": "Seminole County", "county": "Seminole", "meeting_body": "Board of Adjustment", "meeting_date": "2026-07-27", "title": "6001 Twin Lakes Drive - Request for: (1) a north side yard setback variance from seven and one-half (7.5) feet to 3.3 feet; (2) a south side yard setback variance from seven and one-half (7.5) feet to 1.7 feet; (3) a south side yard setback variance from seven and one-half (7.5) feet to 0.8 feet; (4) a south side yard setback variance from seven and one-half (7.5) feet to 0 feet; (5) a south side ", "summary": "", "plain": "Variance \u2014 at 6001 Twin Lakes Drive, Seminole County", "link": "https://seminolecountyfl.legistar.com/LegislationDetail.aspx?ID=8130285&GUID=99B6A12D-6B58-49D5-8C24-019D75AF1BD0&G=E2DF9C83-4A2C-4390-86EE-5C088F5B9D50&Options=&Search=", "project_type": "variance", "multifamily": false, "address": "6001 Twin Lakes Drive", "parcel": null, "status": "heard", "first_seen": "2026-07-14", "units": null, "acres": null, "score": 0}}, {"type": "Feature", "geometry": {"type": "Point", "coordinates": [-81.225444430173, 28.757098456434]}, "properties": {"id": "e2f45599e3352551", "source": "seminole-county", "jurisdiction": "Seminole County", "county": "Seminole", "meeting_body": "Board of Adjustment", "meeting_date": "2026-07-27", "title": "3710 Kentucky Street - Request for: (1) an east side yard setback variance from fifty (50) feet to ten (10) feet; and (2) a west side yard setback variance from fifty (50) feet to twenty-one (21) feet for a barn in the A-1 (Agriculture) district; BV2026-051 (Shawn Canada, Applicant) District 2 - Zembower (Hilary Padin, Project Manager)", "summary": "", "plain": "Variance \u2014 at 3710 Kentucky Street, Seminole County", "link": "https://seminolecountyfl.legistar.com/LegislationDetail.aspx?ID=8130238&GUID=11B0312D-6081-482A-A3E7-E78FA2886E2D&G=E2DF9C83-4A2C-4390-86EE-5C088F5B9D50&Options=&Search=", "project_type": "variance", "multifamily": false, "address": "3710 Kentucky Street", "parcel": null, "status": "heard", "first_seen": "2026-07-14", "units": null, "acres": null, "score": 0}}, {"type": "Feature", "geometry": {"type": "Point", "coordinates": [-81.13091382514617, 28.7414725761795]}, "properties": {"id": "b64a55c7589ac6d9", "source": "seminole-county", "jurisdiction": "Seminole County", "county": "Seminole", "meeting_body": "Development Review Committee", "meeting_date": "2026-07-22", "title": "9:20 AM (TEAMS) ENDURING PEACE - PRE-APPLICATION\r\nProject Number: 26-80000074\r\nProject Description: Proposed Rezone from A-5 to A-1/R-1 for a 7 single family lot subdivision development and site plan on 8.33 acres located on the south side of Cochran Rd, west of W SR 46 \r\nProject Manager: David German (407) 665-7386 (dgerman@seminolecountyfl.gov)\r\nParcel ID: 21-20-32-505-0000-0010+\r\nBCC District: ", "summary": "", "plain": "Rezoning \u00b7 8.33 ac \u2014 parcel 21-20-32-505-0000-0010, Seminole County", "link": "https://seminolecountyfl.legistar.com/LegislationDetail.aspx?ID=8140268&GUID=49617A6C-F62F-4F04-9880-70CC06021A80&G=E2DF9C83-4A2C-4390-86EE-5C088F5B9D50&Options=&Search=", "project_type": "rezoning", "multifamily": false, "address": null, "parcel": "21-20-32-505-0000-0010", "status": "heard", "first_seen": "2026-07-18", "units": null, "acres": 8.33, "score": 2}}, {"type": "Feature", "geometry": {"type": "Point", "coordinates": [-81.1115679520963, 28.709850491060397]}, "properties": {"id": "6b5350f50147bebc", "source": "seminole-county", "jurisdiction": "Seminole County", "county": "Seminole", "meeting_body": "Development Review Committee", "meeting_date": "2026-07-22", "title": "JONES AGRICULTURAL OPERATIONS BUILDING - PRE-APPLICATION\r\nProject Number: 26-80000078\r\nProject Description: Proposed Site Plan for an agricultural operations building on 14.95 acres in the A-5 zoning district located on the east side of Snow Hill Rd, south of Old Mims Rd \r\nProject Manager: Annie Sillaway (407) 665-7936 (asillaway@seminolecountyfl.gov)\r\nParcel ID: 34-20-32-300-0160-0000\r\nBCC Distri", "summary": "", "plain": "Site plan \u00b7 14.95 ac \u2014 parcel 34-20-32-300-0160-0000, Seminole County", "link": "https://seminolecountyfl.legistar.com/LegislationDetail.aspx?ID=8140275&GUID=AD471867-B61B-499C-B26D-D6345BC4F7CB&G=E2DF9C83-4A2C-4390-86EE-5C088F5B9D50&Options=&Search=", "project_type": "site-plan", "multifamily": false, "address": null, "parcel": "34-20-32-300-0160-0000", "status": "heard", "first_seen": "2026-07-18", "units": null, "acres": 14.95, "score": 1}}, {"type": "Feature", "geometry": {"type": "Point", "coordinates": [-81.2055739324774, 28.629926856043166]}, "properties": {"id": "e2cc960e837604f6", "source": "seminole-county", "jurisdiction": "Seminole County", "county": "Seminole", "meeting_body": "Development Review Committee", "meeting_date": "2026-07-22", "title": "DUPLEX COMMUNITY - PRE-APPLICATION\r\nProject Number: 26-80000079\r\nProject Description: Proposed Rezone from A-1 to R-AH, Subdivision, and Site Plan for a 13 unit duplex community on 4.46 acres located on the east side of Alafaya Trl, southeast of Remington Dr \r\nProject Manager: Kaitlyn Apgar (407) 665-7377 (kapgar@seminolecountyfl.gov)\r\nParcel ID: 27-21-31-300-0360-0000\r\nBCC District: 1-Dallari\r\nAp", "summary": "", "plain": "Multifamily rezoning \u00b7 13 units \u00b7 4.46 ac \u2014 parcel 27-21-31-300-0360-0000, Seminole County", "link": "https://seminolecountyfl.legistar.com/LegislationDetail.aspx?ID=8140276&GUID=C24A7C5E-CEDF-4FA5-9F85-2A3D08DBF191&G=E2DF9C83-4A2C-4390-86EE-5C088F5B9D50&Options=&Search=", "project_type": "rezoning", "multifamily": true, "address": null, "parcel": "27-21-31-300-0360-0000", "status": "heard", "first_seen": "2026-07-18", "units": 13, "acres": 4.46, "score": 5}}, {"type": "Feature", "geometry": {"type": "Point", "coordinates": [-81.33682858137676, 28.721591119379017]}, "properties": {"id": "7765fd3c07a814f3", "source": "seminole-county", "jurisdiction": "Seminole County", "county": "Seminole", "meeting_body": "Development Review Committee", "meeting_date": "2026-07-22", "title": "SUN MART - PRE-APPLICATION\r\nProject Number: 26-80000080\r\nProject Description: Proposed Site Plan to extend the parking lot to add two more spaces on 1.18 acres in the CN zoning district located on the northeast corner of Ronald Reagan Blvd and Longwood Lake Mary Rd \r\nProject Manager: Chad Harvey (407) 665-7341 (charvey02@seminolecountyfl.gov)\r\nParcel ID: 29-20-30-300-0030-0000\r\nBCC District: 4-Loc", "summary": "", "plain": "Site plan \u00b7 1.18 ac \u2014 parcel 29-20-30-300-0030-0000, Seminole County", "link": "https://seminolecountyfl.legistar.com/LegislationDetail.aspx?ID=8140277&GUID=6DEBA66A-6821-4E3D-BADF-A4CB59C7907F&G=E2DF9C83-4A2C-4390-86EE-5C088F5B9D50&Options=&Search=", "project_type": "site-plan", "multifamily": false, "address": null, "parcel": "29-20-30-300-0030-0000", "status": "heard", "first_seen": "2026-07-18", "units": null, "acres": 1.18, "score": 0}}, {"type": "Feature", "geometry": {"type": "Point", "coordinates": [-81.343187148038, 28.658042127808]}, "properties": {"id": "788d8c5a4405a923", "source": "seminole-county", "jurisdiction": "Seminole County", "county": "Seminole", "meeting_body": "Development Review Committee", "meeting_date": "2026-07-08", "title": "9:40 AM (IN PERSON) JOURNEY CHURCH - SITE PLAN\r\nProject Number: 26-06000019\r\nProject Description: Proposed Site Plan for a church on 12.61 acres in the C-2 zoning district located on the northeast corner of US Hwy 17-92 and Fernwood Blvd \r\nProject Manager: Kaitlyn Apgar (407) 665-7377 (kapgar@seminolecountyfl.gov)\r\nParcel ID: 17-21-30-510-0000-0030\r\nBCC District: 4-Lockhart\r\nApplicant: Joseph Vasq", "summary": "", "plain": "Site plan \u00b7 12.61 ac \u2014 at 17-92 and Fernwood Blvd, Seminole County", "link": "https://seminolecountyfl.legistar.com/LegislationDetail.aspx?ID=8126417&GUID=1BBF470C-AA9D-4956-BA02-11CCE6A2E199&G=E2DF9C83-4A2C-4390-86EE-5C088F5B9D50&Options=&Search=", "project_type": "site-plan", "multifamily": false, "address": "17-92 and Fernwood Blvd", "parcel": "17-21-30-510-0000-0030", "status": "heard", "first_seen": "2026-07-06", "units": null, "acres": 12.61, "score": 1}}, {"type": "Feature", "geometry": {"type": "Point", "coordinates": [-81.21430881971985, 28.621494804488258]}, "properties": {"id": "259a0828af29084e", "source": "seminole-county", "jurisdiction": "Seminole County", "county": "Seminole", "meeting_body": "Development Review Committee", "meeting_date": "2026-07-08", "title": "9:20 AM (IN PERSON) CRAFT DISTILLERY AT E ECON CIR - PRE-APPLICATION \r\nProject Number: 26-80000071\r\nProject Description: Proposed Rezone to amend the current PD to add alcoholic beverage establishment on 1.06 acres located on the east side of S Econ Cir, south of Econ River Pl \r\nProject Manager: Amy Canelo (407) 665-7354 (acanelo@seminolecountyfl.gov)\r\nParcel ID: 33-21-31-509-0000-0020\r\nBCC Distri", "summary": "", "plain": "Rezoning \u00b7 1.06 ac \u2014 parcel 33-21-31-509-0000-0020, Seminole County", "link": "https://seminolecountyfl.legistar.com/LegislationDetail.aspx?ID=8126428&GUID=C54C5574-B480-4605-9D0D-69FFDE32362F&G=E2DF9C83-4A2C-4390-86EE-5C088F5B9D50&Options=&Search=", "project_type": "rezoning", "multifamily": false, "address": null, "parcel": "33-21-31-509-0000-0020", "status": "heard", "first_seen": "2026-07-06", "units": null, "acres": 1.06, "score": 1}}, {"type": "Feature", "geometry": {"type": "Point", "coordinates": [-81.36910368091334, 28.75780007781704]}, "properties": {"id": "3e133a0655d91de7", "source": "seminole-county", "jurisdiction": "Seminole County", "county": "Seminole", "meeting_body": "Development Review Committee", "meeting_date": "2026-07-08", "title": "HEATHROW SQUARE - SITE PLAN\r\nProject Number: 26-06000017\r\nProject Description: Proposed Site Plan for a retail building and improvements on 11.93 acres in the PD zoning district located on the northwest corner of International Pkwy and Lake Mary Blvd \r\nProject Manager: Annie Sillaway (407) 665-7936 (asillaway@seminolecountyfl.gov)\r\nParcel ID: 12-20-29-300-0060-0000\r\nBCC District: 5-Herr\r\nApplicant", "summary": "", "plain": "Site plan \u00b7 11.93 ac \u2014 parcel 12-20-29-300-0060-0000, Seminole County", "link": "https://seminolecountyfl.legistar.com/LegislationDetail.aspx?ID=8126419&GUID=AE57D2B0-DA49-44B2-9415-E6BC03B2A494&G=E2DF9C83-4A2C-4390-86EE-5C088F5B9D50&Options=&Search=", "project_type": "site-plan", "multifamily": false, "address": null, "parcel": "12-20-29-300-0060-0000", "status": "heard", "first_seen": "2026-07-06", "units": null, "acres": 11.93, "score": 1}}, {"type": "Feature", "geometry": {"type": "Point", "coordinates": [-81.34628331998155, 28.67536757182092]}, "properties": {"id": "e45ca07be7ed2182", "source": "seminole-county", "jurisdiction": "Seminole County", "county": "Seminole", "meeting_body": "Development Review Committee", "meeting_date": "2026-07-08", "title": "LYMAN RD - SITE PLAN \r\nProject Number: 26-06000025\r\nProject Description: Proposed Site Plan for offices and warehouse facility on 2.48 acres in the M-1 zoning district on the southeast side of Lyman Rd, west of Anchor Rd \r\nProject Manager: Kaitlyn Apgar (407) 665-7377 (kapgar@seminolecountyfl.gov)\r\nParcel ID: 07-21-30-521-0000-0040+\r\nBCC District: 4-Lockhart\r\nApplicant: Bryan Potts (407) 982-9878\r", "summary": "", "plain": "Site plan \u00b7 2.48 ac \u2014 parcel 07-21-30-521-0000-0040, Seminole County", "link": "https://seminolecountyfl.legistar.com/LegislationDetail.aspx?ID=8126421&GUID=A33684F4-0709-4E03-A7F9-F2F21155A234&G=E2DF9C83-4A2C-4390-86EE-5C088F5B9D50&Options=&Search=", "project_type": "site-plan", "multifamily": false, "address": null, "parcel": "07-21-30-521-0000-0040", "status": "heard", "first_seen": "2026-07-06", "units": null, "acres": 2.48, "score": 1}}, {"type": "Feature", "geometry": {"type": "Point", "coordinates": [-81.29168295219947, 28.795573169100255]}, "properties": {"id": "28edd410e93ecc4e", "source": "seminole-county", "jurisdiction": "Seminole County", "county": "Seminole", "meeting_body": "Development Review Committee", "meeting_date": "2026-07-08", "title": "VEHICLE DETAILING CONCEPT - PRE-APPLICATION\r\nProject Number: 26-80000072\r\nProject Description: Proposed Site Plan for an appointment only car detailing business on 0.08 acres in the C-1 zoning district located on the southwest corner of Southwest Rd and 18th St \r\nProject Manager: Kaitlyn Apgar (407) 665-7377 (kapgar@seminolecountyfl.gov)\r\nParcel ID: 35-19-30-517-0100-0100\r\nBCC District: 5-Herr\r\nAp", "summary": "", "plain": "Site plan \u00b7 0.08 ac \u2014 parcel 35-19-30-517-0100-0100, Seminole County", "link": "https://seminolecountyfl.legistar.com/LegislationDetail.aspx?ID=8126453&GUID=BDCCD674-A77E-4DB9-9164-D904438E2A93&G=E2DF9C83-4A2C-4390-86EE-5C088F5B9D50&Options=&Search=", "project_type": "site-plan", "multifamily": false, "address": null, "parcel": "35-19-30-517-0100-0100", "status": "heard", "first_seen": "2026-07-06", "units": null, "acres": 0.08, "score": 0}}, {"type": "Feature", "geometry": {"type": "Point", "coordinates": [-81.34452762462138, 28.802980537178872]}, "properties": {"id": "38fd4893355dc2c5", "source": "seminole-county", "jurisdiction": "Seminole County", "county": "Seminole", "meeting_body": "Development Review Committee", "meeting_date": "2026-07-08", "title": "HEATHROW MULTIFAMILY - PRE-APPLICATION \r\nProject Number: 26-80000073\r\nProject Description: Proposed Site Plan for a 302 multifamily unit apartment complex for the live local act on 15.26 acres in the PD zoning district located on the east side of Bayvista Ln, north of Wilson Rd \r\nProject Manager: Kaitlyn Apgar (407) 665-7377 (kapgar@seminolecountyfl.gov)\r\nParcel ID: 29-19-30-517-0000-0020\r\nBCC Dis", "summary": "", "plain": "Multifamily site plan \u00b7 15.26 ac \u2014 parcel 29-19-30-517-0000-0020, Seminole County", "link": "https://seminolecountyfl.legistar.com/LegislationDetail.aspx?ID=8126454&GUID=F6A30317-E406-4E9F-96D5-AA21F28D4EB7&G=E2DF9C83-4A2C-4390-86EE-5C088F5B9D50&Options=&Search=", "project_type": "site-plan", "multifamily": true, "address": null, "parcel": "29-19-30-517-0000-0020", "status": "heard", "first_seen": "2026-07-06", "units": null, "acres": 15.26, "score": 4}}, {"type": "Feature", "geometry": {"type": "Point", "coordinates": [-81.27818283916599, 28.6484254609849]}, "properties": {"id": "58e0f75559f533d7", "source": "seminole-county", "jurisdiction": "Seminole County", "county": "Seminole", "meeting_body": "Development Review Committee", "meeting_date": "2026-07-08", "title": "WALMART STORAGE - PRE-APPLICATION \r\nProject Number: 26-80000076\r\nProject Description: Proposed Special Exception for an enclosed bale and pallet storage on 5.20 acres in the PD zoning district on the northeast corner of Red Bug Lake Rd and Dodd Rd \r\nProject Manager: Chad Harvey (407) 665-7341 (charvey02@seminolecountyfl.gov)\r\nParcel ID: 24-21-30-519-0000-0010\r\nBCC District: 2-Zembower\r\nApplicant: ", "summary": "", "plain": "Special exception \u00b7 5.2 ac \u2014 parcel 24-21-30-519-0000-0010, Seminole County", "link": "https://seminolecountyfl.legistar.com/LegislationDetail.aspx?ID=8126456&GUID=35E4DD69-989C-4128-B575-205706972A8E&G=E2DF9C83-4A2C-4390-86EE-5C088F5B9D50&Options=&Search=", "project_type": "special-exception", "multifamily": false, "address": null, "parcel": "24-21-30-519-0000-0010", "status": "heard", "first_seen": "2026-07-06", "units": null, "acres": 5.2, "score": 1}}, {"type": "Feature", "geometry": {"type": "Point", "coordinates": [-81.38641295595141, 28.699564824590443]}, "properties": {"id": "a739299d63cf6820", "source": "seminole-county", "jurisdiction": "Seminole County", "county": "Seminole", "meeting_body": "Development Review Committee", "meeting_date": "2026-06-24", "title": "9:40 AM (TEAMS) MARKHAM WOODS RD CHURCH - PRE-APPLICATION\r\nProject Number: 26-80000063\r\nProject Description: Proposed Special Exception for a church on 5.06 acres in the A-1 zoning district located on the east side of Markham Woods Rd, north of SR 434 \r\nProject Manager: Amy Canelo (407) 665-7354 (acanelo@seminolecountyfl.gov)\r\nParcel ID: 35-20-29-300-0110-0000\r\nBCC District: 3-Constantine\r\nApplica", "summary": "", "plain": "Special exception \u00b7 5.06 ac \u2014 parcel 35-20-29-300-0110-0000, Seminole County", "link": "https://seminolecountyfl.legistar.com/LegislationDetail.aspx?ID=8117049&GUID=034A4E93-F948-415B-84C7-F26801523FA6&G=E2DF9C83-4A2C-4390-86EE-5C088F5B9D50&Options=&Search=", "project_type": "special-exception", "multifamily": false, "address": null, "parcel": "35-20-29-300-0110-0000", "status": "heard", "first_seen": "2026-07-06", "units": null, "acres": 5.06, "score": 1}}, {"type": "Feature", "geometry": {"type": "Point", "coordinates": [-81.44732200200413, 28.68197166742045]}, "properties": {"id": "0fe5aa5c78714480", "source": "seminole-county", "jurisdiction": "Seminole County", "county": "Seminole", "meeting_body": "Development Review Committee", "meeting_date": "2026-06-24", "title": "9:00 AM (TEAMS) SAND LAKE COVE - PRE-APPLICATION\r\nProject Number: 26-80000066\r\nProject Description: Proposed Rezone from R-1AAA to PD, Subdivision, and Site Plan for a 54 lot development on 9.65 acres located on the north side of Sand Lake Rd, east of N Hunt Club Blvd \r\nProject Manager: Kaitlyn Apgar (407) 665-7377 (kapgar@seminolecountyfl.gov)\r\nParcel ID: 07-21-29-300-0020-0000\r\nBCC District: 3-C", "summary": "", "plain": "Rezoning \u00b7 9.65 ac \u2014 parcel 07-21-29-300-0020-0000, Seminole County", "link": "https://seminolecountyfl.legistar.com/LegislationDetail.aspx?ID=8117050&GUID=DF03B6A3-3E94-4D07-BBD4-F992DE84E86A&G=E2DF9C83-4A2C-4390-86EE-5C088F5B9D50&Options=&Search=", "project_type": "rezoning", "multifamily": false, "address": null, "parcel": "07-21-29-300-0020-0000", "status": "heard", "first_seen": "2026-07-06", "units": null, "acres": 9.65, "score": 2}}, {"type": "Feature", "geometry": {"type": "Point", "coordinates": [-81.25295602588325, 28.62333940591681]}, "properties": {"id": "c17f77bf965734d7", "source": "seminole-county", "jurisdiction": "Seminole County", "county": "Seminole", "meeting_body": "Development Review Committee", "meeting_date": "2026-06-24", "title": "WRIGHTS RD - PRE-APPLICATION\r\nProject Number: 26-80000059\r\nProject Description: Proposed Rezone and Site Plan for a private membership-based recreational training facility on 5.01 acres in the A-1 zoning district located on the east side of Wrights Rd, north of W SR 426 \r\nProject Manager: Annie Sillaway (407) 665-7936 (asillaway@seminolecountyfl.gov)\r\nParcel ID: 31-21-31-300-0020-0000\r\nBCC Distric", "summary": "", "plain": "Rezoning \u00b7 5.01 ac \u2014 parcel 31-21-31-300-0020-0000, Seminole County", "link": "https://seminolecountyfl.legistar.com/LegislationDetail.aspx?ID=8116923&GUID=725F9A58-E841-4BAF-9475-53A7D4B1B850&G=E2DF9C83-4A2C-4390-86EE-5C088F5B9D50&Options=&Search=", "project_type": "rezoning", "multifamily": false, "address": null, "parcel": "31-21-31-300-0020-0000", "status": "heard", "first_seen": "2026-07-06", "units": null, "acres": 5.01, "score": 2}}, {"type": "Feature", "geometry": {"type": "Point", "coordinates": [-81.345803897371, 28.655256628547]}, "properties": {"id": "0b9ee178672927c5", "source": "seminole-county", "jurisdiction": "Seminole County", "county": "Seminole", "meeting_body": "Development Review Committee", "meeting_date": "2026-06-24", "title": "CSC PROPERTIES - SMALL SCALE FUTURE LAND USE AMENDMENT\r\nProject Number: 26-10000001\r\nProject Description: Proposed SSFLUA from MXD to COM for an automotive repair shop on the southwest corner of S US Hwy 17-92 and Prairie Lake Dr \r\nProject Manager: Chad Harvey (407) 665-7341 (charvey02@seminolecountyfl.gov)\r\nParcel ID: 18-21-30-515-0D00-0010\r\nBCC District: 4-Lockhart\r\nApplicant: John Baldwin (407)", "summary": "", "plain": "Land-use change \u2014 at 17-92 and Prairie Lake Dr, Seminole County", "link": "https://seminolecountyfl.legistar.com/LegislationDetail.aspx?ID=8117045&GUID=5068E1E9-B51C-4477-A49F-CD3853307B9E&G=E2DF9C83-4A2C-4390-86EE-5C088F5B9D50&Options=&Search=", "project_type": "land-use", "multifamily": false, "address": "17-92 and Prairie Lake Dr", "parcel": null, "status": "heard", "first_seen": "2026-07-06", "units": null, "acres": null, "score": 1}}, {"type": "Feature", "geometry": {"type": "Point", "coordinates": [-81.34806262885037, 28.664755244024025]}, "properties": {"id": "565874687d907683", "source": "seminole-county", "jurisdiction": "Seminole County", "county": "Seminole", "meeting_body": "Development Review Committee", "meeting_date": "2026-06-24", "title": "GARDENS OF LIFE COTTAGES - PRE-APPLICATION\r\nProject Number: 26-80000065\r\nProject Description: Proposed Rezone from R-1 to R-2 for a duplex on 0.26 acres located on the south side of Depugh St, west of Central St \r\nProject Manager: Annie Sillaway (407) 665-7936 (asillaway@seminolecountyfl.gov)\r\nParcel ID: 18-21-30-501-0200-0050\r\nBCC District: 4-Lockhart\r\nApplicant: Belinda Balleras (407) 310-7818\r\n", "summary": "", "plain": "Rezoning \u00b7 0.26 ac \u2014 parcel 18-21-30-501-0200-0050, Seminole County", "link": "https://seminolecountyfl.legistar.com/LegislationDetail.aspx?ID=8117066&GUID=4D23D9CA-7848-4D66-B228-3AA64A36093D&G=E2DF9C83-4A2C-4390-86EE-5C088F5B9D50&Options=&Search=", "project_type": "rezoning", "multifamily": false, "address": null, "parcel": "18-21-30-501-0200-0050", "status": "heard", "first_seen": "2026-07-06", "units": null, "acres": 0.26, "score": 1}}, {"type": "Feature", "geometry": {"type": "Point", "coordinates": [-81.34790478396785, 28.664427038936978]}, "properties": {"id": "201e34fd70f4ae1d", "source": "seminole-county", "jurisdiction": "Seminole County", "county": "Seminole", "meeting_body": "Development Review Committee", "meeting_date": "2026-06-24", "title": "GARDENS OF LIFE COTTAGE HOMES - PRE-APPLICATION \r\nProject Number: 26-80000064\r\nProject Description: Proposed Rezone from R-1 to R-2 for a duplex on 0.57 acres located on the north side of Amanda St, west of Pearl St \r\nProject Manager: Annie Sillaway (407) 665-7936 (asillaway@seminolecountyfl.gov)\r\nParcel ID: 18-21-30-501-0200-0160\r\nBCC District: 4-Lockhart\r\nApplicant: Belinda Balleras (407) 310-78", "summary": "", "plain": "Rezoning \u00b7 0.57 ac \u2014 parcel 18-21-30-501-0200-0160, Seminole County", "link": "https://seminolecountyfl.legistar.com/LegislationDetail.aspx?ID=8117067&GUID=F66E6D2A-2E77-4D7C-A295-4215A803323F&G=E2DF9C83-4A2C-4390-86EE-5C088F5B9D50&Options=&Search=", "project_type": "rezoning", "multifamily": false, "address": null, "parcel": "18-21-30-501-0200-0160", "status": "heard", "first_seen": "2026-07-06", "units": null, "acres": 0.57, "score": 1}}, {"type": "Feature", "geometry": {"type": "Point", "coordinates": [-81.437439557457, 28.68624442498]}, "properties": {"id": "a8f8a827e0e25324", "source": "seminole-county", "jurisdiction": "Seminole County", "county": "Seminole", "meeting_body": "Board of County Commissioners", "meeting_date": "2026-06-23", "title": "Adopt the Resolution vacating and abandoning a portion of a utility and sidewalk easement located on Lot 335 of the Wekiva Hunt Club Fox Hunt Section 2 Subdivision, as recorded in Plat Book 18, Pages 84 to 87 of the Public Records of Seminole County, Florida, for property more particularly known as 138 Holderness Drive, Longwood, Florida; (Erik Antalek, Applicant) District 3 - Constantine (Mike Rh", "summary": "", "plain": "Plat / subdivision \u2014 at 138 Holderness Drive, Seminole County", "link": "https://seminolecountyfl.legistar.com/LegislationDetail.aspx?ID=8070842&GUID=649B8B56-10F8-4B0E-9080-910A2AFFA560&G=E2DF9C83-4A2C-4390-86EE-5C088F5B9D50&Options=&Search=", "project_type": "plat", "multifamily": false, "address": "138 Holderness Drive", "parcel": null, "status": "heard", "first_seen": "2026-07-06", "units": null, "acres": null, "score": 0}}, {"type": "Feature", "geometry": {"type": "Point", "coordinates": [-81.334763379413, 28.725481364456]}, "properties": {"id": "14483c9a545cb886", "source": "seminole-county", "jurisdiction": "Seminole County", "county": "Seminole", "meeting_body": "Board of County Commissioners", "meeting_date": "2026-06-23", "title": "Adopt the Resolution vacating and abandoning a utility easement located on Lot 29 of the Big Tree Crossing Phase 1 Subdivision, as recorded in Plat Book 27, Pages 20 and 21 of the Public Records of Seminole County, Florida, for property more particularly known as 786 Big Tree Drive, Longwood, Florida; (Judy Deac, Applicant) District4 - Lockhart (Mike Rhodes, Development Services Director)", "summary": "", "plain": "Plat / subdivision \u2014 at 786 Big Tree Drive, Seminole County", "link": "https://seminolecountyfl.legistar.com/LegislationDetail.aspx?ID=8070888&GUID=B90B605C-7172-496D-9CB6-1009739BC965&G=E2DF9C83-4A2C-4390-86EE-5C088F5B9D50&Options=&Search=", "project_type": "plat", "multifamily": false, "address": "786 Big Tree Drive", "parcel": null, "status": "heard", "first_seen": "2026-07-06", "units": null, "acres": null, "score": 0}}, {"type": "Feature", "geometry": {"type": "Point", "coordinates": [-81.433361486872, 28.676771434179]}, "properties": {"id": "fb2402802204769a", "source": "seminole-county", "jurisdiction": "Seminole County", "county": "Seminole", "meeting_body": "Board of Adjustment", "meeting_date": "2026-06-22", "title": "1021 New Jersey Avenue - Request for a rear yard setback variance from thirty (30) feet to sixteen (16) feet for a detached garage in the R-1A (Single Family Dwelling) district; BV2026-038 (Donald Loomis, Applicant) District 3 - Constantine (Hilary Padin, Project Manager)", "summary": "", "plain": "Variance \u2014 at 1021 New Jersey Avenue, Seminole County", "link": "https://seminolecountyfl.legistar.com/LegislationDetail.aspx?ID=8060607&GUID=A4E5360D-5A00-4C5B-BC00-C7BFA7EF2363&G=E2DF9C83-4A2C-4390-86EE-5C088F5B9D50&Options=&Search=", "project_type": "variance", "multifamily": false, "address": "1021 New Jersey Avenue", "parcel": null, "status": "heard", "first_seen": "2026-07-06", "units": null, "acres": null, "score": 0}}, {"type": "Feature", "geometry": {"type": "Point", "coordinates": [-81.35038669388, 28.731767106442]}, "properties": {"id": "349593fb96f6c6a1", "source": "seminole-county", "jurisdiction": "Seminole County", "county": "Seminole", "meeting_body": "Board of Adjustment", "meeting_date": "2026-06-22", "title": "818 Shriver Circle - Request for a rear yard setback variance from fifteen (15) feet to five (5) feet for a screen room in the PD (Planned Development) district; BV2026-026 (Carlos & Miriam Rodriguez, Applicants) District 4 - Lockhart (Jealyan Moreno, Project Manager)", "summary": "", "plain": "Planned development (PUD) \u2014 at 818 Shriver Circle, Seminole County", "link": "https://seminolecountyfl.legistar.com/LegislationDetail.aspx?ID=8002596&GUID=EA59F629-6F43-425B-9C36-1AA3AD605FF8&G=E2DF9C83-4A2C-4390-86EE-5C088F5B9D50&Options=&Search=", "project_type": "pud", "multifamily": false, "address": "818 Shriver Circle", "parcel": null, "status": "heard", "first_seen": "2026-07-06", "units": null, "acres": null, "score": 1}}, {"type": "Feature", "geometry": {"type": "Point", "coordinates": [-81.435666602195, 28.650025616772]}, "properties": {"id": "628dc53ad3b3f485", "source": "seminole-county", "jurisdiction": "Seminole County", "county": "Seminole", "meeting_body": "Board of Adjustment", "meeting_date": "2026-06-22", "title": "624 Eden Park Road - Request for a rear yard setback variance from thirty (30) feet to twenty-one (21) feet for an accessory structure in the A-1 (Agriculture) district; BV2026-041 (Art Ally, Applicant) District 3 - Constantine (Angi Gates, Project Manager)", "summary": "", "plain": "Variance \u2014 at 624 Eden Park Road, Seminole County", "link": "https://seminolecountyfl.legistar.com/LegislationDetail.aspx?ID=8046221&GUID=9AA79B76-E0F0-46E7-9998-793C954216BB&G=E2DF9C83-4A2C-4390-86EE-5C088F5B9D50&Options=&Search=", "project_type": "variance", "multifamily": false, "address": "624 Eden Park Road", "parcel": null, "status": "heard", "first_seen": "2026-07-06", "units": null, "acres": null, "score": 0}}, {"type": "Feature", "geometry": {"type": "Point", "coordinates": [-81.222052738607, 28.644220791195]}, "properties": {"id": "e7b6efe8604fd468", "source": "seminole-county", "jurisdiction": "Seminole County", "county": "Seminole", "meeting_body": "Board of Adjustment", "meeting_date": "2026-06-22", "title": "1938 Filly Trail - Request for a rear yard setback variance from twenty (20) feet to five (5) feet for a cabana in the PD (Planned Development) district; BV2026-037 (David Evans, Applicant) District 1 - Dallari (Hilary Padin, Project Manager)", "summary": "", "plain": "Planned development (PUD) \u2014 at 1938 Filly Trail, Seminole County", "link": "https://seminolecountyfl.legistar.com/LegislationDetail.aspx?ID=8060621&GUID=E5C9672A-1D6F-4B35-8550-60C35DB33DCD&G=E2DF9C83-4A2C-4390-86EE-5C088F5B9D50&Options=&Search=", "project_type": "pud", "multifamily": false, "address": "1938 Filly Trail", "parcel": null, "status": "heard", "first_seen": "2026-07-06", "units": null, "acres": null, "score": 1}}, {"type": "Feature", "geometry": {"type": "Point", "coordinates": [-81.353322190855, 28.673398297722]}, "properties": {"id": "436c5470b85ed6c5", "source": "seminole-county", "jurisdiction": "Seminole County", "county": "Seminole", "meeting_body": "Board of Adjustment", "meeting_date": "2026-06-22", "title": "625 Lake Mobile Drive - Request for: (1) a fence height variance from four (4) feet to six (6) feet within the front yard setback; and (2) a rear yard setback variance from thirty (30) feet to zero (0) feet to the Normal High Water Elevation for a fence in the R-1 (Single Family Dwelling) district; BV2026-013 (Azaad Ali, Applicant) District 4 - Lockhart (Angi Gates, Project Manager)", "summary": "", "plain": "Variance \u2014 at 625 Lake Mobile Drive, Seminole County", "link": "https://seminolecountyfl.legistar.com/LegislationDetail.aspx?ID=8045677&GUID=9C4224B6-E4AB-4086-AE9D-4B06AD7D6F9A&G=E2DF9C83-4A2C-4390-86EE-5C088F5B9D50&Options=&Search=", "project_type": "variance", "multifamily": false, "address": "625 Lake Mobile Drive", "parcel": null, "status": "heard", "first_seen": "2026-07-06", "units": null, "acres": null, "score": 0}}, {"type": "Feature", "geometry": {"type": "Point", "coordinates": [-81.159460386497, 28.68365548004]}, "properties": {"id": "13c22037d785a10d", "source": "seminole-county", "jurisdiction": "Seminole County", "county": "Seminole", "meeting_body": "Board of Adjustment", "meeting_date": "2026-06-22", "title": "851 Barr Street - Request for: (1) a size variance from fifty (50) percent to 175.8 percent of the living area of the principal building; and (2) a height variance from thirteen (13) feet, eight (8) inches to twenty-eight (28) feet, nine (9) inches for a guest house in the A-1 (Agriculture) district; BV2026-034 (Craig & Jessica Creegan, Applicants) District 2 - Zembower (Hilary Padin, Project Mana", "summary": "", "plain": "Variance \u2014 at 851 Barr Street, Seminole County", "link": "https://seminolecountyfl.legistar.com/LegislationDetail.aspx?ID=8067031&GUID=574671A9-BAB5-47A8-A7A3-B44488CF0B70&G=E2DF9C83-4A2C-4390-86EE-5C088F5B9D50&Options=&Search=", "project_type": "variance", "multifamily": false, "address": "851 Barr Street", "parcel": null, "status": "heard", "first_seen": "2026-07-06", "units": null, "acres": null, "score": 0}}, {"type": "Feature", "geometry": {"type": "Point", "coordinates": [-80.0515404, 26.6959002]}, "properties": {"id": "635ae5768ba60b26", "source": "seminole-county", "jurisdiction": "Seminole County", "county": "Seminole", "meeting_body": "Board of Adjustment", "meeting_date": "2026-06-22", "title": "226 Flamingo Drive - Request for: (1) a size variance from fifty (50) percent to 108.5 percent of the living area of the principal building; and (2) a height variance from twelve (12) feet to sixteen (16) feet for a detached garage in the R-1 (Single Family Dwelling) district; BV2026-033 (Justen Borrero, Applicant) District 2 - Zembower (Hilary Padin, Project Manager)", "summary": "", "plain": "Variance \u2014 at 226 Flamingo Drive, Seminole County", "link": "https://seminolecountyfl.legistar.com/LegislationDetail.aspx?ID=8061035&GUID=E7EFAE6D-773D-4513-8645-BDBC5303224B&G=E2DF9C83-4A2C-4390-86EE-5C088F5B9D50&Options=&Search=", "project_type": "variance", "multifamily": false, "address": "226 Flamingo Drive", "parcel": null, "status": "heard", "first_seen": "2026-07-06", "units": null, "acres": null, "score": 0}}, {"type": "Feature", "geometry": {"type": "Point", "coordinates": [-81.274449698312, 28.63484889403]}, "properties": {"id": "8941dd9e31139eb1", "source": "seminole-county", "jurisdiction": "Seminole County", "county": "Seminole", "meeting_body": "Board of Adjustment", "meeting_date": "2026-06-22", "title": "1744 W. Cheryl Street - Request for a rear yard setback variance from thirty (30) feet to eighteen (18) feet for an addition in the R-2 (One and Two-Family Dwelling) district; BV2026-043 (Ronald Landires, Applicant) District 1 - Dallari (Angi Gates, Project Manager)", "summary": "", "plain": "Variance \u2014 at 1744 W. Cheryl Street, Seminole County", "link": "https://seminolecountyfl.legistar.com/LegislationDetail.aspx?ID=8046222&GUID=B29AD7D4-9AD3-4978-8B51-CC126F3B63B9&G=E2DF9C83-4A2C-4390-86EE-5C088F5B9D50&Options=&Search=", "project_type": "variance", "multifamily": false, "address": "1744 W. Cheryl Street", "parcel": null, "status": "heard", "first_seen": "2026-07-06", "units": null, "acres": null, "score": 0}}, {"type": "Feature", "geometry": {"type": "Point", "coordinates": [-81.148057570115, 28.777788298149]}, "properties": {"id": "a5acc3d2cece0936", "source": "seminole-county", "jurisdiction": "Seminole County", "county": "Seminole", "meeting_body": "Board of Adjustment", "meeting_date": "2026-06-22", "title": "2241 Blue Fish Place - Request for: (1) a north front yard setback variance from fifty (50) feet to forty-five (45) feet; and (2): a west side street setback variance from fifty (50) feet and to thirty-five (35) feet for a pole barn in the A-5 (Rural Zoning Classification) district; BV2026-044 (Lisa Prieto, Applicant) District 2 - Zembower (Jealyan Moreno, Project Manager)", "summary": "", "plain": "Variance \u2014 at 2241 Blue Fish Place, Seminole County", "link": "https://seminolecountyfl.legistar.com/LegislationDetail.aspx?ID=8060519&GUID=239A26CA-5D10-411F-9B91-EB8BFED4AB7E&G=E2DF9C83-4A2C-4390-86EE-5C088F5B9D50&Options=&Search=", "project_type": "variance", "multifamily": false, "address": "2241 Blue Fish Place", "parcel": null, "status": "heard", "first_seen": "2026-07-06", "units": null, "acres": null, "score": 0}}, {"type": "Feature", "geometry": {"type": "Point", "coordinates": [-81.375132336837, 28.73014325418]}, "properties": {"id": "9f33ef954f83ffe7", "source": "seminole-county", "jurisdiction": "Seminole County", "county": "Seminole", "meeting_body": "Board of Adjustment", "meeting_date": "2026-06-22", "title": "2018 W Crowley Circle - Request for an east side yard setback variance from twenty (20) feet to ten (10) feet for a pool screen enclosure in the RC-1 (Country Homes) district; BV2026-042 (Frank Reda, Applicant) District 5 - Herr (Jealyan Moreno, Project Manager)", "summary": "", "plain": "Variance \u2014 at 2018 W Crowley Circle, Seminole County", "link": "https://seminolecountyfl.legistar.com/LegislationDetail.aspx?ID=8060502&GUID=3D74EFF7-2D82-45CF-AE70-95F2A32CC741&G=E2DF9C83-4A2C-4390-86EE-5C088F5B9D50&Options=&Search=", "project_type": "variance", "multifamily": false, "address": "2018 W Crowley Circle", "parcel": null, "status": "heard", "first_seen": "2026-07-06", "units": null, "acres": null, "score": 0}}, {"type": "Feature", "geometry": {"type": "Point", "coordinates": [-81.3558574, 28.4599934]}, "properties": {"id": "a0ad809353fe5900", "source": "seminole-county", "jurisdiction": "Seminole County", "county": "Seminole", "meeting_body": "Board of Adjustment", "meeting_date": "2026-06-22", "title": "7310 Lake Drive - Request for: (1) a west side yard setback variance from seven and one-half (7.5) feet to three (3) feet; and (2): a rear yard setback variance from thirty (30) feet to seven (7) feet for metal carport in the R-1A (Single Family Dwelling) district; BV2026-035 (Jesse Hodapp, Applicant) District 5 - Herr (Jealyan Moreno, Project Manager)", "summary": "", "plain": "Variance \u2014 at 7310 Lake Drive, Seminole County", "link": "https://seminolecountyfl.legistar.com/LegislationDetail.aspx?ID=8046223&GUID=16D788D8-F4EA-4B3F-A715-801A7553AB06&G=E2DF9C83-4A2C-4390-86EE-5C088F5B9D50&Options=&Search=", "project_type": "variance", "multifamily": false, "address": "7310 Lake Drive", "parcel": null, "status": "heard", "first_seen": "2026-07-06", "units": null, "acres": null, "score": 0}}, {"type": "Feature", "geometry": {"type": "Point", "coordinates": [-81.24030380954338, 28.630911991545375]}, "properties": {"id": "a96a02b053579b3d", "source": "seminole-county", "jurisdiction": "Seminole County", "county": "Seminole", "meeting_body": "Development Review Committee", "meeting_date": "2026-06-10", "title": "9:00 AM (IN PERSON) HISTORIC OVIEDO COLORED SCHOOLS MUSEUM - PD FDP AS AN ENGINEERED SITE PLAN \r\nProject Number: 26-20500005\r\nProject Description: Proposed PD FDP as an Engineered Site Plan on 0.11 acres in the PD zoning district located on the northeast corner of James Dr and W SR 426 \r\nProject Manager: Kaitlyn Apgar (407) 665-7377 (kapgar@seminolecountyfl.gov)\r\nParcel ID: 29-21-31-501-0000-0050\r", "summary": "", "plain": "Site plan \u00b7 0.11 ac \u2014 parcel 29-21-31-501-0000-0050, Seminole County", "link": "https://seminolecountyfl.legistar.com/LegislationDetail.aspx?ID=8061521&GUID=A0C0B77C-1DE4-489D-958E-A8CE8DE1B3E9&G=E2DF9C83-4A2C-4390-86EE-5C088F5B9D50&Options=&Search=", "project_type": "site-plan", "multifamily": false, "address": null, "parcel": "29-21-31-501-0000-0050", "status": "heard", "first_seen": "2026-07-06", "units": null, "acres": 0.11, "score": 0}}, {"type": "Feature", "geometry": {"type": "Point", "coordinates": [-81.21689530267662, 28.797676401269737]}, "properties": {"id": "66eb1a9bf6a5d0b1", "source": "seminole-county", "jurisdiction": "Seminole County", "county": "Seminole", "meeting_body": "Development Review Committee", "meeting_date": "2026-06-10", "title": "9:40 AM (TEAMS) CAMERON AVE RESIDENTIAL INFILL - PRE-APPLICATION\r\nProject Number: 26-80000050\r\nProject Description: Proposed Site Plan for a small scale residential infill project on 0.32 acres in the A-1 zoning district located on the west side of Cameron Ave, south of Celery Ave \r\nProject Manager: Hilary Padin (407) 665-7331 (hpadin@seminolecountyfl.gov)\r\nParcel ID: 33-19-31-300-0090-0000\r\nBCC D", "summary": "", "plain": "Site plan \u00b7 0.32 ac \u2014 parcel 33-19-31-300-0090-0000, Seminole County", "link": "https://seminolecountyfl.legistar.com/LegislationDetail.aspx?ID=8034783&GUID=B5C8F46D-E101-45EA-A5BB-41388BBE49A0&G=E2DF9C83-4A2C-4390-86EE-5C088F5B9D50&Options=&Search=", "project_type": "site-plan", "multifamily": false, "address": null, "parcel": "33-19-31-300-0090-0000", "status": "heard", "first_seen": "2026-07-06", "units": null, "acres": 0.32, "score": 0}}, {"type": "Feature", "geometry": {"type": "Point", "coordinates": [-81.45861406397135, 28.67055798105459]}, "properties": {"id": "92af8bb8ab6b3007", "source": "seminole-county", "jurisdiction": "Seminole County", "county": "Seminole", "meeting_body": "Development Review Committee", "meeting_date": "2026-06-10", "title": "9:20 AM (IN PERSON) BALMY COVE - PRE-APPLICATION\r\nProject Number: 26-80000054\r\nProject Description: Proposed Site Plan for a 36 lot townhome development on 8.82 acres in the PD zoning district located on the east side of Balmy Beach Dr, south of E SR 436 \r\nProject Manager: David German (407) 665-7386 (dgerman@seminolecountyfl.gov)\r\nParcel ID: 07-21-29-524-0000-0040+++\r\nBCC District: 3-Constantine\r", "summary": "", "plain": "Multifamily site plan \u00b7 8.82 ac \u2014 parcel 07-21-29-524-0000-0040, Seminole County", "link": "https://seminolecountyfl.legistar.com/LegislationDetail.aspx?ID=8037840&GUID=A349369C-CC36-4703-8126-076945BDD056&G=E2DF9C83-4A2C-4390-86EE-5C088F5B9D50&Options=&Search=", "project_type": "site-plan", "multifamily": true, "address": null, "parcel": "07-21-29-524-0000-0040", "status": "heard", "first_seen": "2026-07-06", "units": null, "acres": 8.82, "score": 4}}, {"type": "Feature", "geometry": {"type": "Point", "coordinates": [-81.345803897371, 28.655256628547]}, "properties": {"id": "aada7ec0d4dc2ff7", "source": "seminole-county", "jurisdiction": "Seminole County", "county": "Seminole", "meeting_body": "Development Review Committee", "meeting_date": "2026-06-10", "title": "CSC PROPERTIES - SPECIAL EXCEPTION\r\nProject Number: 26-32000003\r\nProject Description: Proposed Special Exception for automotive repair shop on 0.34 acres in the C-2 zoning district located on the southwest corner of Us Hwy 17-92 and Prairie Lake Dr \r\nProject Manager: Chad Harvey (407) 665-7341 (Charvey02@seminolecountyfl.gov)\r\nParcel ID: 18-21-30-515-0D00-0010\r\nBCC District: 4-Lockhart\r\nApplicant:", "summary": "", "plain": "Special exception \u00b7 0.34 ac \u2014 at 17-92 and Prairie Lake Dr, Seminole County", "link": "https://seminolecountyfl.legistar.com/LegislationDetail.aspx?ID=8058962&GUID=DA9AEC43-3566-4D97-B3BF-F13B58E73723&G=E2DF9C83-4A2C-4390-86EE-5C088F5B9D50&Options=&Search=", "project_type": "special-exception", "multifamily": false, "address": "17-92 and Prairie Lake Dr", "parcel": null, "status": "heard", "first_seen": "2026-07-06", "units": null, "acres": 0.34, "score": 0}}, {"type": "Feature", "geometry": {"type": "Point", "coordinates": [-81.28297902084542, 28.64648544771364]}, "properties": {"id": "79566cccc6575a8b", "source": "seminole-county", "jurisdiction": "Seminole County", "county": "Seminole", "meeting_body": "Development Review Committee", "meeting_date": "2026-06-10", "title": "RED BUG LAKE RD - PRE-APPLICATION\r\nProject Number: 26-80000056\r\nProject Description: Proposed Special Exception to split the lot for a K-12 school on 5.22 acres in the A-1 zoning district located on the south side of Red Bug Lake Rd, west of Dodd Rd \r\nProject Manager: Annie Sillaway (407) 665-7936 (asillaway@seminolecountyfl.gov)\r\nParcel ID: 23-21-30-300-0190-0000\r\nBCC District: 1-Dallari\r\nApplica", "summary": "", "plain": "Special exception \u00b7 5.22 ac \u2014 parcel 23-21-30-300-0190-0000, Seminole County", "link": "https://seminolecountyfl.legistar.com/LegislationDetail.aspx?ID=8059120&GUID=E9677197-C88F-4E06-A147-7D91F155C060&G=E2DF9C83-4A2C-4390-86EE-5C088F5B9D50&Options=&Search=", "project_type": "special-exception", "multifamily": false, "address": null, "parcel": "23-21-30-300-0190-0000", "status": "heard", "first_seen": "2026-07-06", "units": null, "acres": 5.22, "score": 1}}, {"type": "Feature", "geometry": {"type": "Point", "coordinates": [-81.31459, 28.782211]}, "properties": {"id": "295a6587734566ce", "source": "seminole-county", "jurisdiction": "Seminole County", "county": "Seminole", "meeting_body": "Board of Adjustment", "meeting_date": "2026-05-18", "title": "418 Lake Boulevard - Request for a west side street yard setback variance from twenty-five (25) feet to 8.75 feet for a carport conversion addition in the R-1AA (Single Family Dwelling) district; BV2026-027 (Yanina Genao, Applicant) District 4 - Lockhart (Jealyan Moreno, Project Manager)", "summary": "", "plain": "Variance \u2014 at 418 Lake Boulevard, Seminole County", "link": "https://seminolecountyfl.legistar.com/LegislationDetail.aspx?ID=8002610&GUID=3A17419A-DED7-4205-8EB1-99EB462E9B2A&G=E2DF9C83-4A2C-4390-86EE-5C088F5B9D50&Options=&Search=", "project_type": "variance", "multifamily": false, "address": "418 Lake Boulevard", "parcel": null, "status": "heard", "first_seen": "2026-07-06", "units": null, "acres": null, "score": 0}}, {"type": "Feature", "geometry": {"type": "Point", "coordinates": [-81.28679195784484, 28.649681489135784]}, "properties": {"id": "3a7f24a33a2a8556", "source": "seminole-county", "jurisdiction": "Seminole County", "county": "Seminole", "meeting_body": "Development Review Committee", "meeting_date": "2026-05-13", "title": "LAVENDER WAY - REZONE\r\nProject Number: 26-20000002\r\nProject Description: Proposed Rezone from A-1 to PLI on 7.84 acres on the east side of Lavender Way, north of Red Bug Lake Rd \r\nProject Manager: Annie Sillaway (407) 665-7936 (asillaway@seminolecountyfl.gov)\r\nParcel ID: 23-21-30-300-0070-0000+\r\nBCC District: 1-Dallari\r\nApplicant: Keith Welty (407) 665-2189\r\nConsultant: N/A", "summary": "", "plain": "Rezoning \u00b7 7.84 ac \u2014 parcel 23-21-30-300-0070-0000, Seminole County", "link": "https://seminolecountyfl.legistar.com/LegislationDetail.aspx?ID=8011911&GUID=5F106B73-4FCA-4EBB-83C1-A3496961A4B0&G=E2DF9C83-4A2C-4390-86EE-5C088F5B9D50&Options=&Search=", "project_type": "rezoning", "multifamily": false, "address": null, "parcel": "23-21-30-300-0070-0000", "status": "heard", "first_seen": "2026-07-06", "units": null, "acres": 7.84, "score": 2}}, {"type": "Feature", "geometry": {"type": "Point", "coordinates": [-81.29728728655694, 28.789210215523433]}, "properties": {"id": "b1051e00d7b23c19", "source": "seminole-county", "jurisdiction": "Seminole County", "county": "Seminole", "meeting_body": "Development Review Committee", "meeting_date": "2026-05-13", "title": "COMMERCIAL OFFICE - PRE-APPLICATION\r\nProject Number: 26-80000045\r\nProject Description: Proposed Site Plan for a mobile office trailer on 0.46 acres in the C-2 zoning district located on the northeast corner of Country Club Rd and W Airport Blvd \r\nProject Manager: Kaitlyn Apgar (407) 665-7377 (kapgar@seminolecountyfl.gov)\r\nParcel ID: 35-19-30-300-0160-0000\r\nBCC District: 5-Herr\r\nApplicant: Shiani B", "summary": "", "plain": "Site plan \u00b7 0.46 ac \u2014 parcel 35-19-30-300-0160-0000, Seminole County", "link": "https://seminolecountyfl.legistar.com/LegislationDetail.aspx?ID=8011912&GUID=F56A220A-53F0-4877-92E0-24560AB5E026&G=E2DF9C83-4A2C-4390-86EE-5C088F5B9D50&Options=&Search=", "project_type": "site-plan", "multifamily": false, "address": null, "parcel": "35-19-30-300-0160-0000", "status": "heard", "first_seen": "2026-07-06", "units": null, "acres": 0.46, "score": 0}}, {"type": "Feature", "geometry": {"type": "Point", "coordinates": [-81.23007211525183, 28.787189917269394]}, "properties": {"id": "c56d8e499c4db115", "source": "seminole-county", "jurisdiction": "Seminole County", "county": "Seminole", "meeting_body": "Development Review Committee", "meeting_date": "2026-05-13", "title": "MAT COAST PROPERTIES - PRE-APPLICATION\r\nProject Number: 26-80000047\r\nProject Description: Proposed Land Use Amendment from COM to LDR and Rezone from C-1 to R-1 for one lot on 0.17 acres located on the east side of Broadway, north of E SR 46 \r\nProject Manager: David German (407) 665-7386 (dgerman@seminolecountyfl.gov)\r\nParcel ID: 33-19-31-507-0000-1670\r\nBCC District: 5-Herr\r\nApplicant: Luis Velez ", "summary": "", "plain": "Rezoning \u00b7 0.17 ac \u2014 parcel 33-19-31-507-0000-1670, Seminole County", "link": "https://seminolecountyfl.legistar.com/LegislationDetail.aspx?ID=8011935&GUID=F065B824-1D0D-4FCA-8751-413EB5509137&G=E2DF9C83-4A2C-4390-86EE-5C088F5B9D50&Options=&Search=", "project_type": "rezoning", "multifamily": false, "address": null, "parcel": "33-19-31-507-0000-1670", "status": "heard", "first_seen": "2026-07-06", "units": null, "acres": 0.17, "score": 1}}, {"type": "Feature", "geometry": {"type": "Point", "coordinates": [-81.322686752059, 28.812202035037]}, "properties": {"id": "24c3cf0c3c735545", "source": "seminole-county", "jurisdiction": "Seminole County", "county": "Seminole", "meeting_body": "Development Review Committee", "meeting_date": "2026-05-13", "title": "125 MONROE RD - PRE-APPLICATION\r\nProject Number: 26-80000048\r\nProject Description: Proposed Special Exception for grocery store and smoke shop on 0.26 acres in the C-1 zoning district located on the northeast corner of Monroe Rd and W 1st St \r\nProject Manager: Hilary Padin (407) 665-7331 (hpadin@seminolecountyfl.gov)\r\nParcel ID: 28-19-30-503-0000-0110\r\nBCC District: 5-Herr\r\nApplicant: Jyothy Venug", "summary": "", "plain": "Special exception \u00b7 0.26 ac \u2014 at 125 MONROE RD, Seminole County", "link": "https://seminolecountyfl.legistar.com/LegislationDetail.aspx?ID=8011914&GUID=A0756CE8-0F17-452D-A190-152BA4762B16&G=E2DF9C83-4A2C-4390-86EE-5C088F5B9D50&Options=&Search=", "project_type": "special-exception", "multifamily": false, "address": "125 MONROE RD", "parcel": "28-19-30-503-0000-0110", "status": "heard", "first_seen": "2026-07-06", "units": null, "acres": 0.26, "score": 0}}, {"type": "Feature", "geometry": {"type": "Point", "coordinates": [-81.28281659804533, 28.613716257767106]}, "properties": {"id": "695cbd7e3d041c79", "source": "seminole-county", "jurisdiction": "Seminole County", "county": "Seminole", "meeting_body": "Development Review Committee", "meeting_date": "2026-05-13", "title": "BUSINESS OFFICE - PRE-APPLICATION\r\nProject Number: 26-80000049\r\nProject Description: Proposed Special Exception for office use on 0.32 acres in the RP zoning district located on the west side of Old Howell Branch Rd, north of Aloma Ave \r\nProject Manager: Kaitlyn Apgar (407) 665-7377 (kapgar@seminolecountyfl.gov)\r\nParcel ID: 35-21-30-300-0330-0000\r\nBCC District: 1-Dallari\r\nApplicant: Robert Kyle (4", "summary": "", "plain": "Special exception \u00b7 0.32 ac \u2014 parcel 35-21-30-300-0330-0000, Seminole County", "link": "https://seminolecountyfl.legistar.com/LegislationDetail.aspx?ID=8011915&GUID=C2D734DF-02DA-47E7-81E6-C44F9EF82A78&G=E2DF9C83-4A2C-4390-86EE-5C088F5B9D50&Options=&Search=", "project_type": "special-exception", "multifamily": false, "address": null, "parcel": "35-21-30-300-0330-0000", "status": "heard", "first_seen": "2026-07-06", "units": null, "acres": 0.32, "score": 0}}, {"type": "Feature", "geometry": {"type": "Point", "coordinates": [-81.3613567369153, 28.812768531919673]}, "properties": {"id": "398704a96ee86c7a", "source": "seminole-county", "jurisdiction": "Seminole County", "county": "Seminole", "meeting_body": "Development Review Committee", "meeting_date": "2026-04-29", "title": "9:20 AM (TEAMS) SANFORD 55 PLUS RESIDENTIAL - PD FDP AS ENGINEERED SITE PLAN\r\nProject Number: 26-20500001\r\nProject Description: Proposed PD Final Development as an Engineered Site Plan for a 55 plus residential development on 7.47 acres located on the north side of W SR 46, east of Orange Blvd \r\nProject Manager: Kaitlyn Apgar (407) 665-7377 (kapgar@seminolecountyfl.gov)\r\nParcel ID: 30-19-30-300-02", "summary": "", "plain": "Site plan \u00b7 7.47 ac \u2014 parcel 30-19-30-300-0200-0000, Seminole County", "link": "https://seminolecountyfl.legistar.com/LegislationDetail.aspx?ID=7993311&GUID=C141BA17-5A53-4AFD-8FDE-4A03E8275483&G=E2DF9C83-4A2C-4390-86EE-5C088F5B9D50&Options=&Search=", "project_type": "site-plan", "multifamily": false, "address": null, "parcel": "30-19-30-300-0200-0000", "status": "heard", "first_seen": "2026-07-06", "units": null, "acres": 7.47, "score": 1}}, {"type": "Feature", "geometry": {"type": "Point", "coordinates": [-81.26056923590947, 28.617199231040313]}, "properties": {"id": "1c4e8b60d1e5b7b5", "source": "seminole-county", "jurisdiction": "Seminole County", "county": "Seminole", "meeting_body": "Development Review Committee", "meeting_date": "2026-04-29", "title": "9:00 AM (TEAMS) WALMART DRONE PROJECT - PRE-APPLICATION\r\nProject Number: 26-80000040\r\nProject Description: Proposed Site Plan for a drone delivery operation at an existing Walmart on 9.67 acres in the PD zoning district located on the south side of SR 426, east of Deep Lake Rd \r\nProject Manager: Hilary Padin (407) 665-7331 (hpadin@seminolecountyfl.gov)\r\nParcel ID: 31-21-31-517-0000-0030\r\nBCC Distr", "summary": "", "plain": "Site plan \u00b7 9.67 ac \u2014 parcel 31-21-31-517-0000-0030, Seminole County", "link": "https://seminolecountyfl.legistar.com/LegislationDetail.aspx?ID=7993312&GUID=3E358139-2C2E-4B8E-91EE-5AD60A5DED8C&G=E2DF9C83-4A2C-4390-86EE-5C088F5B9D50&Options=&Search=", "project_type": "site-plan", "multifamily": false, "address": null, "parcel": "31-21-31-517-0000-0030", "status": "heard", "first_seen": "2026-07-06", "units": null, "acres": 9.67, "score": 1}}, {"type": "Feature", "geometry": {"type": "Point", "coordinates": [-81.28297902084542, 28.64648544771364]}, "properties": {"id": "2031577ab54ce0af", "source": "seminole-county", "jurisdiction": "Seminole County", "county": "Seminole", "meeting_body": "Development Review Committee", "meeting_date": "2026-04-29", "title": "ST CLEMENT ORTHODOX CHRISTIAN ACADEMY - PRE-APPLICATION\r\nProject Number: 26-80000037\r\nProject Description: Proposed Special Exception for a K-12 academy on 2.2 acres in the A-1 zoning district located on the south side of Red Bug Lake Rd, west of Dodd Rd \r\nProject Manager: Annie Sillaway (407) 665-7936 (asillaway@seminolecountyfl.gov)\r\nParcel ID: 23-21-30-300-0190-0000\r\nBCC District: 1-Dallari\r\nAp", "summary": "", "plain": "Special exception \u00b7 2.2 ac \u2014 parcel 23-21-30-300-0190-0000, Seminole County", "link": "https://seminolecountyfl.legistar.com/LegislationDetail.aspx?ID=7993325&GUID=B891A837-B0F3-4FFD-895F-8D7FA8F6374D&G=E2DF9C83-4A2C-4390-86EE-5C088F5B9D50&Options=&Search=", "project_type": "special-exception", "multifamily": false, "address": null, "parcel": "23-21-30-300-0190-0000", "status": "heard", "first_seen": "2026-07-06", "units": null, "acres": 2.2, "score": 1}}, {"type": "Feature", "geometry": {"type": "Point", "coordinates": [-81.33255314490289, 28.81282025866481]}, "properties": {"id": "1a944ddf4cddfa5e", "source": "seminole-county", "jurisdiction": "Seminole County", "county": "Seminole", "meeting_body": "Development Review Committee", "meeting_date": "2026-04-29", "title": "SANFORD RAISING CANES - PRE-APPLICATION\r\nProject Number: 26-80000038\r\nProject Description: Proposed Site Plan for a quick service restaurant on 5.17 acres in the PD zoning district located on the north side of SR 46, east of Hickman Dr \r\nProject Manager: Annie Sillaway (407) 665-7936 (asillaway@seminolecountyfl.gov)\r\nParcel ID: 29-19-30-300-0020-0000\r\nBCC District: 5-Herr\r\nApplicant: Kobe Swope (7", "summary": "", "plain": "Site plan \u00b7 5.17 ac \u2014 parcel 29-19-30-300-0020-0000, Seminole County", "link": "https://seminolecountyfl.legistar.com/LegislationDetail.aspx?ID=7993326&GUID=6104F910-8ACA-4BDF-BD2A-00E1A3EC99A8&G=E2DF9C83-4A2C-4390-86EE-5C088F5B9D50&Options=&Search=", "project_type": "site-plan", "multifamily": false, "address": null, "parcel": "29-19-30-300-0020-0000", "status": "heard", "first_seen": "2026-07-06", "units": null, "acres": 5.17, "score": 1}}, {"type": "Feature", "geometry": {"type": "Point", "coordinates": [-81.302020519789, 28.652515744902]}, "properties": {"id": "36c9ccfbb107c2a3", "source": "seminole-county", "jurisdiction": "Seminole County", "county": "Seminole", "meeting_body": "Board of Adjustment", "meeting_date": "2026-04-27", "title": "1236 Bridlebrook Drive - Request for a rear yard setback variance from fifteen (15) feet to eleven (11) feet for a screen room in the PD (Planned Development) district; BV2026-017 (Marjorie Murray, Applicant) District 1 - Dallari (Jealyan Moreno, Project Manager)", "summary": "", "plain": "Planned development (PUD) \u2014 at 1236 Bridlebrook Drive, Seminole County", "link": "https://seminolecountyfl.legistar.com/LegislationDetail.aspx?ID=7972343&GUID=E2A65F52-C70E-46EB-9FAD-1DA6966B05B2&G=E2DF9C83-4A2C-4390-86EE-5C088F5B9D50&Options=&Search=", "project_type": "pud", "multifamily": false, "address": "1236 Bridlebrook Drive", "parcel": null, "status": "heard", "first_seen": "2026-07-06", "units": null, "acres": null, "score": 1}}, {"type": "Feature", "geometry": {"type": "Point", "coordinates": [-81.304612910783, 28.654761364273]}, "properties": {"id": "0919c7567bc19293", "source": "seminole-county", "jurisdiction": "Seminole County", "county": "Seminole", "meeting_body": "Board of Adjustment", "meeting_date": "2026-04-27", "title": "255 Fallen Palm Drive - Request for: (1) an east side yard setback variance from seven and one-half (7.5) feet to five (5) feet; and (2): a rear yard setback variance from ten (10) feet to seven and one-half (7.5) feet for a shed in the PD (Planned Development) district; BV2026-016 (Robert Loyer, Applicant) District 1 - Dallari (Jealyan Moreno, Project Manager)", "summary": "", "plain": "Planned development (PUD) \u2014 at 255 Fallen Palm Drive, Seminole County", "link": "https://seminolecountyfl.legistar.com/LegislationDetail.aspx?ID=7972362&GUID=6D46D5C7-8A5F-4E58-82F2-AC40E4CE7CBE&G=E2DF9C83-4A2C-4390-86EE-5C088F5B9D50&Options=&Search=", "project_type": "pud", "multifamily": false, "address": "255 Fallen Palm Drive", "parcel": null, "status": "heard", "first_seen": "2026-07-06", "units": null, "acres": null, "score": 1}}, {"type": "Feature", "geometry": {"type": "Point", "coordinates": [-81.214121317446, 28.63875463314]}, "properties": {"id": "4a70bd42a7c20372", "source": "seminole-county", "jurisdiction": "Seminole County", "county": "Seminole", "meeting_body": "Board of Adjustment", "meeting_date": "2026-04-27", "title": "2180 Chapman Woods Place - Request for an accessory structure size variance from 1092 square feet to 1920 square feet for a pole barn in the A-1 (Agricultural) district; BV2026-023 (Susan Holtrey, Applicant) District 1 - Dallari (Jealyan Moreno, Project Manager)", "summary": "", "plain": "Variance \u2014 at 2180 Chapman Woods Place, Seminole County", "link": "https://seminolecountyfl.legistar.com/LegislationDetail.aspx?ID=7972317&GUID=3D41FA38-DC2D-4567-8AFC-994B2FB4BBE8&G=E2DF9C83-4A2C-4390-86EE-5C088F5B9D50&Options=&Search=", "project_type": "variance", "multifamily": false, "address": "2180 Chapman Woods Place", "parcel": null, "status": "heard", "first_seen": "2026-07-06", "units": null, "acres": null, "score": 0}}, {"type": "Feature", "geometry": {"type": "Point", "coordinates": [-81.404441353378, 28.802116083535]}, "properties": {"id": "0cde1463116c4c28", "source": "seminole-county", "jurisdiction": "Seminole County", "county": "Seminole", "meeting_body": "Board of Adjustment", "meeting_date": "2026-04-27", "title": "8260 Via Bella Street - Request for an east side yard setback variance from seven and one-half (7\u00bd) feet to five and one-half (5\u00bd) feet for an addition in the R-1A (Single Family Dwelling) district; BV2026-022 (Joshua Fisk, Applicant) District 5 - Herr (Angi Gates, Project Manager)", "summary": "", "plain": "Variance \u2014 at 8260 Via Bella Street, Seminole County", "link": "https://seminolecountyfl.legistar.com/LegislationDetail.aspx?ID=7972296&GUID=20C173C1-E24D-48D8-99C8-25F3C4D2FC2F&G=E2DF9C83-4A2C-4390-86EE-5C088F5B9D50&Options=&Search=", "project_type": "variance", "multifamily": false, "address": "8260 Via Bella Street", "parcel": null, "status": "heard", "first_seen": "2026-07-06", "units": null, "acres": null, "score": 0}}, {"type": "Feature", "geometry": {"type": "Point", "coordinates": [-81.407204088194, 28.653161132135]}, "properties": {"id": "4f3fd7d2003a2d6a", "source": "seminole-county", "jurisdiction": "Seminole County", "county": "Seminole", "meeting_body": "Board of Adjustment", "meeting_date": "2026-04-27", "title": "509 Grove Court - Request for a rear yard setback variance from thirty (30) feet to twenty-three (23) feet for a covered patio addition in the R-1A (Single Family Dwelling) district; BV2026-015 (Eddie Albelo, Applicant) District 3 - Constantine (Angi Gates, Project Manager)", "summary": "", "plain": "Variance \u2014 at 509 Grove Court, Seminole County", "link": "https://seminolecountyfl.legistar.com/LegislationDetail.aspx?ID=7972295&GUID=A7E5C790-1B40-41A8-A5DC-C6F4336BF115&G=E2DF9C83-4A2C-4390-86EE-5C088F5B9D50&Options=&Search=", "project_type": "variance", "multifamily": false, "address": "509 Grove Court", "parcel": null, "status": "heard", "first_seen": "2026-07-06", "units": null, "acres": null, "score": 0}}, {"type": "Feature", "geometry": {"type": "Point", "coordinates": [-81.2572312, 28.6513415]}, "properties": {"id": "19ce49a7ee399a35", "source": "seminole-county", "jurisdiction": "Seminole County", "county": "Seminole", "meeting_body": "Board of Adjustment", "meeting_date": "2026-04-27", "title": "1312 Via Villanova Way - Request for a rear yard setback variance from twenty-five (25) feet to eight (8) feet for a shed in the PD (Planned Development) district; BV2026-018 (Leydi Juarez, Applicant) District 2 - Zembower (Hilary Padin, Project Manager)", "summary": "", "plain": "Planned development (PUD) \u2014 at 1312 Via Villanova Way, Seminole County", "link": "https://seminolecountyfl.legistar.com/LegislationDetail.aspx?ID=7974567&GUID=AD195F17-00D9-4630-BCAB-C2EB818AB0ED&G=E2DF9C83-4A2C-4390-86EE-5C088F5B9D50&Options=&Search=", "project_type": "pud", "multifamily": false, "address": "1312 Via Villanova Way", "parcel": null, "status": "heard", "first_seen": "2026-07-06", "units": null, "acres": null, "score": 1}}, {"type": "Feature", "geometry": {"type": "Point", "coordinates": [-81.214127302883, 28.639435586976]}, "properties": {"id": "f749deadbdebe6bf", "source": "seminole-county", "jurisdiction": "Seminole County", "county": "Seminole", "meeting_body": "Board of Adjustment", "meeting_date": "2026-04-27", "title": "2140 Chapman Woods Place - Request for an accessory structure maximum size variance from 1,795 square feet to 2,400 square feet in the A-1 (Agriculture) district; BV2026-021 (Matthew Veldhuis, Applicant) District 1 - Dallari (Hilary Padin, Project Manager)", "summary": "", "plain": "Variance \u2014 at 2140 Chapman Woods Place, Seminole County", "link": "https://seminolecountyfl.legistar.com/LegislationDetail.aspx?ID=7974540&GUID=A358A415-7745-4F84-A614-27E79A29EF7B&G=E2DF9C83-4A2C-4390-86EE-5C088F5B9D50&Options=&Search=", "project_type": "variance", "multifamily": false, "address": "2140 Chapman Woods Place", "parcel": null, "status": "heard", "first_seen": "2026-07-06", "units": null, "acres": null, "score": 0}}, {"type": "Feature", "geometry": {"type": "Point", "coordinates": [-81.24455554321896, 28.62765928017795]}, "properties": {"id": "39079b88661516bb", "source": "seminole-county", "jurisdiction": "Seminole County", "county": "Seminole", "meeting_body": "Development Review Committee", "meeting_date": "2026-04-15", "title": "10:00 AM (TEAMS) ADULT TOY STORAGE - SITE PLAN \r\nProject Number: 26-06000009\r\nProject Description: Proposed Site Plan to construct a warehouse facility on 2.98 acres in the C-3 zoning district located on the northwest side of W SR 426, northwest of Aloma Woods \r\nProject Manager: Kaitlyn Apgar (407) 665-7377 (kapgar@seminolecountyfl.gov)\r\nParcel ID: 29-21-31-300-0140-0000\r\nBCC District: 1-Dallari\r\n", "summary": "", "plain": "Site plan \u00b7 2.98 ac \u2014 parcel 29-21-31-300-0140-0000, Seminole County", "link": "https://seminolecountyfl.legistar.com/LegislationDetail.aspx?ID=7979660&GUID=E407234A-72B2-48A0-8BA5-DBE5BC408EF7&G=E2DF9C83-4A2C-4390-86EE-5C088F5B9D50&Options=&Search=", "project_type": "site-plan", "multifamily": false, "address": null, "parcel": "29-21-31-300-0140-0000", "status": "heard", "first_seen": "2026-07-06", "units": null, "acres": 2.98, "score": 1}}, {"type": "Feature", "geometry": {"type": "Point", "coordinates": [-81.27694664050185, 28.736406054987096]}, "properties": {"id": "9f2b1beebe452cbf", "source": "seminole-county", "jurisdiction": "Seminole County", "county": "Seminole", "meeting_body": "Development Review Committee", "meeting_date": "2026-04-15", "title": "9:00 AM (IN PERSON) JAFFER REACHOUT FOUNDATION - PRE-APPLICATION \r\nProject Number: 26-80000033\r\nProject Description: Proposed Site Plan for a K-12 school, recreation facilities, and a parking lot on 50.2 acres in the A-1 zoning district located on the north side of Myrtle St, east of Nolan Rd \r\nProject Manager: Hilary Padin (407) 665-7331 (hpadin@seminolecountyfl.gov)\r\nParcel ID: 24-20-30-300-0180", "summary": "", "plain": "Site plan \u00b7 50.2 ac \u2014 parcel 24-20-30-300-0180-0000, Seminole County", "link": "https://seminolecountyfl.legistar.com/LegislationDetail.aspx?ID=7979664&GUID=B9C7F28E-5408-40E5-B6AA-316DCD840230&G=E2DF9C83-4A2C-4390-86EE-5C088F5B9D50&Options=&Search=", "project_type": "site-plan", "multifamily": false, "address": null, "parcel": "24-20-30-300-0180-0000", "status": "heard", "first_seen": "2026-07-06", "units": null, "acres": 50.2, "score": 1}}, {"type": "Feature", "geometry": {"type": "Point", "coordinates": [-81.36910368091334, 28.75780007781704]}, "properties": {"id": "7eebca1686cf8d5c", "source": "seminole-county", "jurisdiction": "Seminole County", "county": "Seminole", "meeting_body": "Development Review Committee", "meeting_date": "2026-04-15", "title": "ALDI LAKE MARY - PRE-APPLICATION\r\nProject Number: 26-80000034\r\nProject Description: Proposed Site Plan for modifications at an existing grocery store on 1.15 acres in the PD zoning district located on the northwest corner of International Pkwy and Lake Mary Blvd \r\nProject Manager: Annie Sillaway (407) 665-7936 (asillaway@seminolecountyfl.gov)\r\nParcel ID: 12-20-29-300-0060-0000\r\nBCC District: 5-Her", "summary": "", "plain": "Site plan \u00b7 1.15 ac \u2014 parcel 12-20-29-300-0060-0000, Seminole County", "link": "https://seminolecountyfl.legistar.com/LegislationDetail.aspx?ID=7979663&GUID=937AD0DE-E7AF-45E5-95EF-3DE2EDFB5019&G=E2DF9C83-4A2C-4390-86EE-5C088F5B9D50&Options=&Search=", "project_type": "site-plan", "multifamily": false, "address": null, "parcel": "12-20-29-300-0060-0000", "status": "heard", "first_seen": "2026-07-06", "units": null, "acres": 1.15, "score": 0}}, {"type": "Feature", "geometry": {"type": "Point", "coordinates": [-81.324356346532, 28.624270535391062]}, "properties": {"id": "93e4aed91a691f47", "source": "seminole-county", "jurisdiction": "Seminole County", "county": "Seminole", "meeting_body": "Development Review Committee", "meeting_date": "2026-04-15", "title": "MMTC - PRE-APPLICATION\r\nProject Number: 26-80000028\r\nProject Description: Proposed Site Plan for a medical marijuana facility on 0.54 acres in the C-2 zoning district located on the west side of Lake Howell Rd, south of Howell Branch Rd \r\nProject Manager: David German (407) 665-7386 (dgerman@seminolecountyfl.gov)\r\nParcel ID: 33-21-30-300-0180-0000\r\nBCC District: 4-Lockhart\r\nApplicant: Dorothy Jaco", "summary": "", "plain": "Site plan \u00b7 0.54 ac \u2014 parcel 33-21-30-300-0180-0000, Seminole County", "link": "https://seminolecountyfl.legistar.com/LegislationDetail.aspx?ID=7979665&GUID=4F55CA73-6BC9-4148-BACB-FAB2AA350E65&G=E2DF9C83-4A2C-4390-86EE-5C088F5B9D50&Options=&Search=", "project_type": "site-plan", "multifamily": false, "address": null, "parcel": "33-21-30-300-0180-0000", "status": "heard", "first_seen": "2026-07-06", "units": null, "acres": 0.54, "score": 0}}, {"type": "Feature", "geometry": {"type": "Point", "coordinates": [-81.21888942440812, 28.786275089693994]}, "properties": {"id": "3898b4a3a2d9ab7e", "source": "seminole-county", "jurisdiction": "Seminole County", "county": "Seminole", "meeting_body": "Development Review Committee", "meeting_date": "2026-04-01", "title": "9:20AM (IN PERSON) FULCRUM SR 46 - PRE-APPLICATION\r\nProject Number: 26-80000027\r\nProject Description: Proposed Rezone from A-1 to C-3 for a legal non-conforming warehouse use on 1.11 acres located on the north side of E SR 46, west of E Lake Mary Blvd \r\nProject Manager: David German (407) 665-7386 (dgerman@seminolecountyfl.gov)\r\nParcel ID: 04-20-31-300-0060-0000\r\nBCC District: 5-Herr\r\nApplicant: E", "summary": "", "plain": "Rezoning \u00b7 1.11 ac \u2014 parcel 04-20-31-300-0060-0000, Seminole County", "link": "https://seminolecountyfl.legistar.com/LegislationDetail.aspx?ID=7963255&GUID=DAAAD3D5-C15F-45DC-93DE-8EB2AB9A059D&G=E2DF9C83-4A2C-4390-86EE-5C088F5B9D50&Options=&Search=", "project_type": "rezoning", "multifamily": false, "address": null, "parcel": "04-20-31-300-0060-0000", "status": "heard", "first_seen": "2026-07-06", "units": null, "acres": 1.11, "score": 1}}, {"type": "Feature", "geometry": {"type": "Point", "coordinates": [-81.37162321626975, 28.810418498918004]}, "properties": {"id": "c4e61ec0b7e8815a", "source": "seminole-county", "jurisdiction": "Seminole County", "county": "Seminole", "meeting_body": "Development Review Committee", "meeting_date": "2026-04-01", "title": "W SR 46 - PRE-APPLICATION\r\nProject Number: 26-80000026\r\nProject Description: Proposed Special Exception for a landscape company on 6.74 acres in the A-1 zoning district located on the south side of W SR 46, east of Glade View Dr \r\nProject Manager: Hilary Padin (407) 665-7331 (hpadin@seminolecountyfl.gov)\r\nParcel ID: 25-19-29-300-0270-0000+\r\nBCC District: 5-Herr\r\nApplicant: Mihaela Lafleur\r\nConsult", "summary": "", "plain": "Special exception \u00b7 6.74 ac \u2014 parcel 25-19-29-300-0270-0000, Seminole County", "link": "https://seminolecountyfl.legistar.com/LegislationDetail.aspx?ID=7958533&GUID=117AF7FC-FA9C-4037-982E-D86995E15E92&G=E2DF9C83-4A2C-4390-86EE-5C088F5B9D50&Options=&Search=", "project_type": "special-exception", "multifamily": false, "address": null, "parcel": "25-19-29-300-0270-0000", "status": "heard", "first_seen": "2026-07-06", "units": null, "acres": 6.74, "score": 1}}, {"type": "Feature", "geometry": {"type": "Point", "coordinates": [-81.22495033337847, 28.774920412299686]}, "properties": {"id": "c47f8f65ce5f52d1", "source": "seminole-county", "jurisdiction": "Seminole County", "county": "Seminole", "meeting_body": "Development Review Committee", "meeting_date": "2026-04-01", "title": "SANPIK OFFICE - PD FDP AS AN ENGINEERED SITE PLAN \r\nProject Number: 26-20500004\r\nProject Description: Proposed PD FDP as an Engineered Site Plan for a warehouse storage on 6.10 acres located on the west side of Beardall Ave, north of Moores Station Rd \r\nProject Manager: Annie Sillaway (407) 665-7936 (asillaway@seminolecountyfl.gov)\r\nParcel ID: 04-20-31-300-0340-0000\r\nBCC District: 5-Herr\r\nApplican", "summary": "", "plain": "Site plan \u00b7 6.1 ac \u2014 parcel 04-20-31-300-0340-0000, Seminole County", "link": "https://seminolecountyfl.legistar.com/LegislationDetail.aspx?ID=7963250&GUID=57E79EFA-BACE-44D5-9DB2-E5721D618F2A&G=E2DF9C83-4A2C-4390-86EE-5C088F5B9D50&Options=&Search=", "project_type": "site-plan", "multifamily": false, "address": null, "parcel": "04-20-31-300-0340-0000", "status": "heard", "first_seen": "2026-07-06", "units": null, "acres": 6.1, "score": 1}}, {"type": "Feature", "geometry": {"type": "Point", "coordinates": [-81.387867886989, 28.740348769924]}, "properties": {"id": "7172b4d72d111446", "source": "seminole-county", "jurisdiction": "Seminole County", "county": "Seminole", "meeting_body": "Board of County Commissioners", "meeting_date": "2026-03-24", "title": "Approve and authorize the Chairman to execute a Resolution vacating and abandoning two (2) platted utility easements located on Lot 38 and Lot 39 of the Wingfield North Partial Replat of Lots 38 & 39 as recorded in Plat Book 50, Page 72, of the Public Records of Seminole County, Florida, more particularly known as 2820 Jacana Ct, Longwood;  (Craig and Olena Ratick, Applicants) District5 - Herr (Mi", "summary": "", "plain": "Plat / subdivision \u2014 at 2820 Jacana Ct, Seminole County", "link": "https://seminolecountyfl.legistar.com/LegislationDetail.aspx?ID=7950019&GUID=97AE3F25-89F7-4A08-84DB-63A1BA067CA9&G=E2DF9C83-4A2C-4390-86EE-5C088F5B9D50&Options=&Search=", "project_type": "plat", "multifamily": false, "address": "2820 Jacana Ct", "parcel": null, "status": "heard", "first_seen": "2026-07-06", "units": null, "acres": null, "score": 0}}, {"type": "Feature", "geometry": {"type": "Point", "coordinates": [-81.241133799359, 28.638488301999]}, "properties": {"id": "b1ff9024a69a2c71", "source": "seminole-county", "jurisdiction": "Seminole County", "county": "Seminole", "meeting_body": "Board of County Commissioners", "meeting_date": "2026-03-24", "title": "Chapman Rd Right-of-Way Vacate - Adopt the Resolution vacating and abandoning a portion of right-of-way known as Chapman Rd, in the Slavia Colony Cos Subdivision, as recorded in Plat Book 2, Page 71, of the Public Records of Seminole County, Florida, located approximately \u00bc mile west of W SR 426, for property more particularly known as 1897 W Chapman Rd, Oviedo;  (Shayne Heskin/ Echelon Constructo", "summary": "", "plain": "Plat / subdivision \u2014 at 1897 W Chapman Rd, Seminole County", "link": "https://seminolecountyfl.legistar.com/LegislationDetail.aspx?ID=7950022&GUID=099116A6-C475-496F-B450-7C58C3110A91&G=E2DF9C83-4A2C-4390-86EE-5C088F5B9D50&Options=&Search=", "project_type": "plat", "multifamily": false, "address": "1897 W Chapman Rd", "parcel": null, "status": "heard", "first_seen": "2026-07-06", "units": null, "acres": null, "score": 0}}, {"type": "Feature", "geometry": {"type": "Point", "coordinates": [-81.278530390395, 28.624429892339]}, "properties": {"id": "7109fc4d330a7f10", "source": "seminole-county", "jurisdiction": "Seminole County", "county": "Seminole", "meeting_body": "Board of County Commissioners", "meeting_date": "2026-03-24", "title": "Approve and authorize the Chairman to execute a Resolution vacating and abandoning a portion of a platted Drainage, Water, and Conservation Easement on Lot 11 of the Bear Gully Bay Subdivision recorded in Plat Book 33, Pages 55-57 of the Public Records of Seminole County, for property located on the east side of Kinsley Place, approximately \u00bc mile south of Dodd Road, more particularly known as 380", "summary": "", "plain": "Plat / subdivision \u2014 at 3802 Kinsley Place, Seminole County", "link": "https://seminolecountyfl.legistar.com/LegislationDetail.aspx?ID=7950021&GUID=E7AD74BE-ADDD-4482-90EB-EF24E5D47089&G=E2DF9C83-4A2C-4390-86EE-5C088F5B9D50&Options=&Search=", "project_type": "plat", "multifamily": false, "address": "3802 Kinsley Place", "parcel": null, "status": "heard", "first_seen": "2026-07-06", "units": null, "acres": null, "score": 0}}, {"type": "Feature", "geometry": {"type": "Point", "coordinates": [-81.057616752738, 28.718789375968]}, "properties": {"id": "44849c8d284c708b", "source": "seminole-county", "jurisdiction": "Seminole County", "county": "Seminole", "meeting_body": "Board of County Commissioners", "meeting_date": "2026-03-24", "title": "Approve the Final Plat for the Guava Hole Farms Subdivision containing one (1) lot on approximately 27.47 acres zoned A-5 (Rural), located on the north side of SR 46, east of Rest Haven Rd, more particularly known as 595 Rest Haven Rd, Geneva, FL; (Adam Nelson, Applicant) District 2 - Zembower (Mike Rhodes, Interim Development Services Director)", "summary": "", "plain": "Plat / subdivision \u00b7 27.47 ac \u2014 at 595 Rest Haven Rd, Seminole County", "link": "https://seminolecountyfl.legistar.com/LegislationDetail.aspx?ID=7950018&GUID=02440D57-2772-478E-9BA5-582C0BFE697C&G=E2DF9C83-4A2C-4390-86EE-5C088F5B9D50&Options=&Search=", "project_type": "plat", "multifamily": false, "address": "595 Rest Haven Rd", "parcel": null, "status": "heard", "first_seen": "2026-07-06", "units": null, "acres": 27.47, "score": 1}}, {"type": "Feature", "geometry": {"type": "Point", "coordinates": [-81.3988688085, 28.754364748516]}, "properties": {"id": "b9d58953d385d4d8", "source": "seminole-county", "jurisdiction": "Seminole County", "county": "Seminole", "meeting_body": "Board of Adjustment", "meeting_date": "2026-03-23", "title": "3316 Regal Crest Drive - Request for a west side yard setback variance from ten (10) feet to 6 feet and 6 inches for a pool enclosure in the PD (Planned Development) district; BV2026-009 (Laurence Burns, Applicant) District 5 - Herr (Jealyan Moreno, Project Manager)", "summary": "", "plain": "Planned development (PUD) \u2014 at 3316 Regal Crest Drive, Seminole County", "link": "https://seminolecountyfl.legistar.com/LegislationDetail.aspx?ID=7950968&GUID=DFF5B0FC-1C6B-4114-9CC3-1E6CEEB6CDE9&G=E2DF9C83-4A2C-4390-86EE-5C088F5B9D50&Options=&Search=", "project_type": "pud", "multifamily": false, "address": "3316 Regal Crest Drive", "parcel": null, "status": "heard", "first_seen": "2026-07-29", "units": null, "acres": null, "score": 1}}, {"type": "Feature", "geometry": {"type": "Point", "coordinates": [-81.382326034046, 28.677978040295]}, "properties": {"id": "9e83faa36b92576c", "source": "seminole-county", "jurisdiction": "Seminole County", "county": "Seminole", "meeting_body": "Board of Adjustment", "meeting_date": "2026-03-23", "title": "247 Ridgewood Street - Request for: (1) an accessory structure maximum size variance from 676 square feet to 900 square feet; (2) an accessory structure maximum height variance from fifteen (15) feet to sixteen (16) feet; and (3) an east side yard setback variance from ten (10) feet to five (5) feet for a shed in the R-1AA (Single Family Dwelling) district; BV2026-011 (Robert McKay, Applicant) Dis", "summary": "", "plain": "Variance \u2014 at 247 Ridgewood Street, Seminole County", "link": "https://seminolecountyfl.legistar.com/LegislationDetail.aspx?ID=7950935&GUID=5ACDC9D8-8861-4BBA-8AB9-FE50C41B46DF&G=E2DF9C83-4A2C-4390-86EE-5C088F5B9D50&Options=&Search=", "project_type": "variance", "multifamily": false, "address": "247 Ridgewood Street", "parcel": null, "status": "heard", "first_seen": "2026-07-29", "units": null, "acres": null, "score": 0}}, {"type": "Feature", "geometry": {"type": "Point", "coordinates": [-81.451602638214, 28.645774716177]}, "properties": {"id": "5003ed08d6faa2f3", "source": "seminole-county", "jurisdiction": "Seminole County", "county": "Seminole", "meeting_body": "Board of Adjustment", "meeting_date": "2026-03-23", "title": "6048 Linneal Beach Drive - Request for: (1) an east side yard setback variance from ten (10) feet to six (6) feet for a pool enclosure and (2) a south side yard setback variance from (10) feet to five (5) feet for a pool enclosure in the R-1AA (Single Family Dwelling) district; BV2026-006 (Oliver Holland, Applicant) District 3 - Constantine (Jealyan Moreno, Project Manager)", "summary": "", "plain": "Variance \u2014 at 6048 Linneal Beach Drive, Seminole County", "link": "https://seminolecountyfl.legistar.com/LegislationDetail.aspx?ID=7950934&GUID=3F012C01-59CC-4EFB-857F-920CD9856EF2&G=E2DF9C83-4A2C-4390-86EE-5C088F5B9D50&Options=&Search=", "project_type": "variance", "multifamily": false, "address": "6048 Linneal Beach Drive", "parcel": null, "status": "heard", "first_seen": "2026-07-29", "units": null, "acres": null, "score": 0}}, {"type": "Feature", "geometry": {"type": "Point", "coordinates": [-81.12995493881, 28.72830696476]}, "properties": {"id": "5b3a7ab908705b2f", "source": "seminole-county", "jurisdiction": "Seminole County", "county": "Seminole", "meeting_body": "Board of Adjustment", "meeting_date": "2026-03-23", "title": "335  Woodridge Drive - Request for a front yard setback variance from (100) feet to seventy (70) feet for an accessory structure in the A-5 (Rural Zoning Classification) district; BV2026-010 (Matthew Fogle, Applicant) District 2 - Zembower (Angi Gates, Project Manager)", "summary": "", "plain": "Variance \u2014 at 335 Woodridge Drive, Seminole County", "link": "https://seminolecountyfl.legistar.com/LegislationDetail.aspx?ID=7951242&GUID=60FC4E84-C5FA-45FD-8065-C9E3C0637723&G=E2DF9C83-4A2C-4390-86EE-5C088F5B9D50&Options=&Search=", "project_type": "variance", "multifamily": false, "address": "335 Woodridge Drive", "parcel": null, "status": "heard", "first_seen": "2026-07-29", "units": null, "acres": null, "score": 0}}, {"type": "Feature", "geometry": {"type": "Point", "coordinates": [-81.1490286, 28.7814679]}, "properties": {"id": "49c7dffd04d1f370", "source": "seminole-county", "jurisdiction": "Seminole County", "county": "Seminole", "meeting_body": "Board of Adjustment", "meeting_date": "2026-03-23", "title": "1760 Mullet Lake Park Road - Request for a height variance from five (5) feet to six (6) feet in a front yard for a fence in the A-5 (Agriculture) district; BV2025-111 (Michael Chaudoin, Applicant) District2 - Zembower (Angi Gates, Project Manager)", "summary": "", "plain": "Variance \u2014 at 1760 Mullet Lake Park Road, Seminole County", "link": "https://seminolecountyfl.legistar.com/LegislationDetail.aspx?ID=7951340&GUID=C0D60504-0009-4773-B865-16706899FC85&G=E2DF9C83-4A2C-4390-86EE-5C088F5B9D50&Options=&Search=", "project_type": "variance", "multifamily": false, "address": "1760 Mullet Lake Park Road", "parcel": null, "status": "heard", "first_seen": "2026-07-29", "units": null, "acres": null, "score": 0}}, {"type": "Feature", "geometry": {"type": "Point", "coordinates": [-81.340811337563, 28.830223875717]}, "properties": {"id": "4ba94102d9e6ac57", "source": "seminole-county", "jurisdiction": "Seminole County", "county": "Seminole", "meeting_body": "Board of Adjustment", "meeting_date": "2026-03-23", "title": "5520 Mendenhall Place - Request for a rear yard setback variance from twenty (20) feet to fourteen and one-half (14.5) feet for a covered patio in the PD (Planned Development) district; BV2026-008 (Nithin Rajendran, Applicant) District 5 - Herr (Hilary Padin, Project Manager)", "summary": "", "plain": "Planned development (PUD) \u2014 at 5520 Mendenhall Place, Seminole County", "link": "https://seminolecountyfl.legistar.com/LegislationDetail.aspx?ID=7951175&GUID=D63786AB-0860-4A35-AB86-E96FA6FC3DC1&G=E2DF9C83-4A2C-4390-86EE-5C088F5B9D50&Options=&Search=", "project_type": "pud", "multifamily": false, "address": "5520 Mendenhall Place", "parcel": null, "status": "heard", "first_seen": "2026-07-29", "units": null, "acres": null, "score": 1}}, {"type": "Feature", "geometry": {"type": "Point", "coordinates": [-81.37939597649743, 28.814071569744844]}, "properties": {"id": "f4327337beb78dfb", "source": "seminole-county", "jurisdiction": "Seminole County", "county": "Seminole", "meeting_body": "Development Review Committee", "meeting_date": "2026-03-18", "title": "9:20 AM (IN PERSON) VAUGHN NURSERY - PRE-APPLICATION\nProject Number: 26-80000019\nProject Description: Proposed Rezone and Subdivision for 10 residential lots on 10.39 acres in the A-1 zoning district located on the north side of E SR 46 and SR 429 \nProject Manager: Kaitlyn Apgar (407) 665-7377 (kapgar@seminolecountyfl.gov)\nParcel ID: 26-19-29-300-0040-0000\nBCC District: 5-Herr\nApplicant: Winston S", "summary": "", "plain": "Rezoning \u00b7 10.39 ac \u2014 parcel 26-19-29-300-0040-0000, Seminole County", "link": "https://seminolecountyfl.legistar.com/LegislationDetail.aspx?ID=7934217&GUID=CEC7B106-CB86-4071-8867-9074ADE1B0A3&G=E2DF9C83-4A2C-4390-86EE-5C088F5B9D50&Options=&Search=", "project_type": "rezoning", "multifamily": false, "address": null, "parcel": "26-19-29-300-0040-0000", "status": "heard", "first_seen": "2026-07-06", "units": null, "acres": 10.39, "score": 2}}, {"type": "Feature", "geometry": {"type": "Point", "coordinates": [-81.35388628752892, 28.67032672409515]}, "properties": {"id": "b4ad644081eceeea", "source": "seminole-county", "jurisdiction": "Seminole County", "county": "Seminole", "meeting_body": "Development Review Committee", "meeting_date": "2026-03-18", "title": "ROSENWALD COMMUNITY CENTER - REZONE \r\nProject Number: 25-20000009\r\nProject Description: Proposed Rezone from R-1 to PLI on the north side of Merritt St, east of Marker St \r\nProject Manager: Annie Sillaway (407) 665-7936 (asillaway@seminolecountyfl.gov)\r\nParcel ID: 07-21-30-300-0500-0000\r\nBCC District: 4-Lockhart\r\nApplicant: Chris Ley (407) 362-1402\r\nConsultant: Chris Ley (407) 362-1402", "summary": "", "plain": "Rezoning \u2014 parcel 07-21-30-300-0500-0000, Seminole County", "link": "https://seminolecountyfl.legistar.com/LegislationDetail.aspx?ID=7950213&GUID=7F73C2C8-86F0-45CD-BDC5-2D41B97FE9D3&G=E2DF9C83-4A2C-4390-86EE-5C088F5B9D50&Options=&Search=", "project_type": "rezoning", "multifamily": false, "address": null, "parcel": "07-21-30-300-0500-0000", "status": "heard", "first_seen": "2026-07-06", "units": null, "acres": null, "score": 1}}, {"type": "Feature", "geometry": {"type": "Point", "coordinates": [-81.3462134409977, 28.804107855190704]}, "properties": {"id": "40b21266faec643c", "source": "seminole-county", "jurisdiction": "Seminole County", "county": "Seminole", "meeting_body": "Development Review Committee", "meeting_date": "2026-03-18", "title": "ALTON SEMINOLE - PRE-APPLICATION\r\nProject Number: 26-80000022\r\nProject Description: Proposed Site Plan for a multifamily residential development on 21.61 acres in the PD zoning district located on the east side of International Pkwy, north of Wilson Rd \r\nProject Manager: Hilary Padin (407) 665-7331 (hpadin@seminolecountyfl.gov)\r\nParcel ID: 29-19-30-300-0280-0000\r\nBCC District: 5-Herr\r\nApplicant: J", "summary": "", "plain": "Multifamily site plan \u00b7 21.61 ac \u2014 parcel 29-19-30-300-0280-0000, Seminole County", "link": "https://seminolecountyfl.legistar.com/LegislationDetail.aspx?ID=7950232&GUID=1B6F7802-6BCF-456C-84C2-3A8B31DD6003&G=E2DF9C83-4A2C-4390-86EE-5C088F5B9D50&Options=&Search=", "project_type": "site-plan", "multifamily": true, "address": null, "parcel": "29-19-30-300-0280-0000", "status": "heard", "first_seen": "2026-07-06", "units": null, "acres": 21.61, "score": 4}}, {"type": "Feature", "geometry": {"type": "Point", "coordinates": [-81.1354288161816, 28.663117966125387]}, "properties": {"id": "bc78cd5cdd4376a5", "source": "seminole-county", "jurisdiction": "Seminole County", "county": "Seminole", "meeting_body": "Development Review Committee", "meeting_date": "2026-03-18", "title": "CHULUOTA SPORTSMAN CLUB - PRE-APPLICATION\r\nProject Number: 26-80000024\r\nProject Description: Proposed Special Exception and Site Plan for a steel accessory structure for storage at an existing gun range on 5.07 acres in the A-5 zoning district located on the northeast corner of Willingham Rd \r\nProject Manager: David German (407) 665-7386 (dgerman@seminolecountyfl.gov)\r\nParcel ID: 17-21-32-300-0070", "summary": "", "plain": "Site plan \u00b7 5.07 ac \u2014 parcel 17-21-32-300-0070-0000, Seminole County", "link": "https://seminolecountyfl.legistar.com/LegislationDetail.aspx?ID=7951225&GUID=FB9CCCBC-7F00-4D22-8F6A-20E90467CE3A&G=E2DF9C83-4A2C-4390-86EE-5C088F5B9D50&Options=&Search=", "project_type": "site-plan", "multifamily": false, "address": null, "parcel": "17-21-32-300-0070-0000", "status": "heard", "first_seen": "2026-07-06", "units": null, "acres": 5.07, "score": 1}}, {"type": "Feature", "geometry": {"type": "Point", "coordinates": [-81.542737394386, 28.750014315294]}, "properties": {"id": "b5c1cb02c01928dd", "source": "apopka", "jurisdiction": "Apopka", "county": "Orange", "meeting_body": "City Commission", "meeting_date": "2026-09-02", "title": "Ordinance No. 3158 - First Reading - Legislative - Small-Scale Future Land Use Amendment \u2013 4410 Chandler Road and 4420 Chandler Road Owner(s): 5N Holdings, LLC Applicant: Camila Neira Parcel Identification Number(s): 18-20-28-0000-00-030, 18-20-28-0000-00-063 Location: 4410 Chandler Road, 4420 Chandler Road Existing Future Land Use: Residential Very Low Suburban Proposed Future Land Use: Office Ex", "summary": "", "plain": "Land-use change \u00b7 5.12 ac \u2014 at 4410 Chandler Road, Apopka", "link": "https://apopkafl.portal.civicclerk.com/event/1494/overview", "project_type": "land-use", "multifamily": false, "address": "4410 Chandler Road", "parcel": null, "status": "heard", "first_seen": "2026-08-31", "units": null, "acres": 5.12, "score": 2}}, {"type": "Feature", "geometry": {"type": "Point", "coordinates": [-81.542737394386, 28.750014315294]}, "properties": {"id": "c5d87ab2806f656d", "source": "apopka", "jurisdiction": "Apopka", "county": "Orange", "meeting_body": "City Commission", "meeting_date": "2026-09-02", "title": "Ordinance No. 3159 \u2013 First Reading - Quasi-Judicial \u2013 Change of Zoning \u2013 4410 Chandler Road and 4420 Chandler Road Owner(s): 5N Holdings, LLC Applicant: Camila Neira Parcel Identification Number(s): 18-20-28-0000-00-030, 18-20-28-0000-00-063 Location: 4410 Chandler Road, 4420 Chandler Road Existing Zoning: RSF-1A (Residential Single-Family-Estate) Proposed Zoning: O (Office) Existing Use(s): Resid", "summary": "", "plain": "Rezoning \u00b7 5.12 ac \u2014 at 4410 Chandler Road, Apopka", "link": "https://apopkafl.portal.civicclerk.com/event/1494/overview", "project_type": "rezoning", "multifamily": false, "address": "4410 Chandler Road", "parcel": null, "status": "heard", "first_seen": "2026-08-31", "units": null, "acres": 5.12, "score": 2}}, {"type": "Feature", "geometry": {"type": "Point", "coordinates": [-81.508971513394, 28.721895912543]}, "properties": {"id": "500f8bfdd2d890b7", "source": "apopka", "jurisdiction": "Apopka", "county": "Orange", "meeting_body": "City Commission", "meeting_date": "2026-09-02", "title": "Ordinance No. 3098 \u2013 First Reading - Small-Scale Future Land Use Amendment \u2013 2501 Rock Springs Road Owner(s): BSC-Rock Springs East LLC Applicant(s): Elisabeth Crane Location: 2501 Rock Springs Road Project: Small-Scale Future Land Use Amendment Density: 2 DU/A Housing Units: 18 single-family detached houses Project Manager: Jun Sohn, Ph.D. Presented by: Jun Sohn, Planner", "summary": "", "plain": "Land-use change \u00b7 2 units \u2014 at 2501 Rock Springs Road, Apopka", "link": "https://apopkafl.portal.civicclerk.com/event/1494/overview", "project_type": "land-use", "multifamily": false, "address": "2501 Rock Springs Road", "parcel": null, "status": "heard", "first_seen": "2026-08-31", "units": 2, "acres": null, "score": 1}}, {"type": "Feature", "geometry": {"type": "Point", "coordinates": [-81.508971513394, 28.721895912543]}, "properties": {"id": "49adfc0746526c4e", "source": "apopka", "jurisdiction": "Apopka", "county": "Orange", "meeting_body": "City Commission", "meeting_date": "2026-09-02", "title": "Ordinance No. 3099 \u2013 First Reading - Change of Zoning \u2013 2501 Rock Springs Road Owner(s): BSC-Rock Springs East LLC Applicant(s): Elisabeth Crane Location: 2501 Rock Springs Road Project: Change of Zoning Density: 2 DU/AC Acreage: +/- 9.63 acres Proposed housing units: 18 single-family detached houses Project Manager: Jun Sohn, Ph.D. Presented by: Jun Sohn, Planner", "summary": "", "plain": "Multifamily rezoning \u00b7 2 units \u00b7 9.63 ac \u2014 at 2501 Rock Springs Road, Apopka", "link": "https://apopkafl.portal.civicclerk.com/event/1494/overview", "project_type": "rezoning", "multifamily": true, "address": "2501 Rock Springs Road", "parcel": null, "status": "heard", "first_seen": "2026-08-31", "units": 2, "acres": 9.63, "score": 5}}, {"type": "Feature", "geometry": {"type": "Point", "coordinates": [-81.572368237291, 28.758123626118]}, "properties": {"id": "9040a57af5df61ed", "source": "apopka", "jurisdiction": "Apopka", "county": "Orange", "meeting_body": "Development Review Committee", "meeting_date": "2026-09-02", "title": "AN-26-5 - Interchange Commercial Cathy Property - Annexation (AN), (1st Submittal) Owner(s): Cathy Kohl Applicant(s): 1828 Engineering LLC - Luke Classon Location: 5103 Effie Drive Proposed Use: Add-on to previously reviewed KPR Commercial Project Project Manager: Jean Sanchez", "summary": "", "plain": "Annexation \u2014 at 5103 Effie Drive, Apopka", "link": "https://apopkafl.portal.civicclerk.com/event/1548/overview", "project_type": "annexation", "multifamily": false, "address": "5103 Effie Drive", "parcel": null, "status": "heard", "first_seen": "2026-08-28", "units": null, "acres": null, "score": 0}}, {"type": "Feature", "geometry": {"type": "Point", "coordinates": [-81.502923683221, 28.64229058439]}, "properties": {"id": "d319e982da132f00", "source": "apopka", "jurisdiction": "Apopka", "county": "Orange", "meeting_body": "Development Review Committee", "meeting_date": "2026-09-02", "title": "AN-26-2 - 2525 Clarcona Rd - Annexation (AN), (1st Submittal) Owner(s): Karuna Buildings LLC Applicant(s): Lowndes Law - Kathryn Isaac Location: 2525 Clarcona Road Proposed Use: Annexation/Warehouse Project Manager: Jun Sohn, Ph.D", "summary": "", "plain": "Annexation \u2014 at 2525 Clarcona Rd, Apopka", "link": "https://apopkafl.portal.civicclerk.com/event/1548/overview", "project_type": "annexation", "multifamily": false, "address": "2525 Clarcona Rd", "parcel": null, "status": "heard", "first_seen": "2026-08-28", "units": null, "acres": null, "score": 0}}, {"type": "Feature", "geometry": {"type": "Point", "coordinates": [-81.572368237291, 28.758123626118]}, "properties": {"id": "c3aeb3fea946edb0", "source": "apopka", "jurisdiction": "Apopka", "county": "Orange", "meeting_body": "Development Review Committee", "meeting_date": "2026-09-02", "title": "FLU-26-9 - Interchange Commercial Cathy Property - Future Land Use Amendment (FLU), (1st Submittal) Owner(s): Cathy Kohl, Tomas Kohl Applicant(s): 1828 Engineering LLC - Luke Classon Location: 5103 Effie Drive Project: FLU to Mixed-Use (MU) Project Manager: Jean Sanchez", "summary": "", "plain": "Multifamily land-use change \u2014 at 5103 Effie Drive, Apopka", "link": "https://apopkafl.portal.civicclerk.com/event/1548/overview", "project_type": "land-use", "multifamily": true, "address": "5103 Effie Drive", "parcel": null, "status": "heard", "first_seen": "2026-08-28", "units": null, "acres": null, "score": 4}}, {"type": "Feature", "geometry": {"type": "Point", "coordinates": [-81.500319390786, 28.690187874099]}, "properties": {"id": "4fa19e7d4f1a07cb", "source": "apopka", "jurisdiction": "Apopka", "county": "Orange", "meeting_body": "Development Review Committee", "meeting_date": "2026-09-02", "title": "RZ-26-3 - 543 Sir Arthur Court - Rezoning (RZ), (2nd Submittal) Owner(s): Michael Cooper Applicant(s): Michael Cooper Location: 543, 544 & 552 Sir Arthur Court Proposed Use: Change 3 lots to RSF-1A Project Manager: Amer Hamza", "summary": "", "plain": "Rezoning \u2014 at 543 Sir Arthur Court, Apopka", "link": "https://apopkafl.portal.civicclerk.com/event/1548/overview", "project_type": "rezoning", "multifamily": false, "address": "543 Sir Arthur Court", "parcel": null, "status": "heard", "first_seen": "2026-08-28", "units": null, "acres": null, "score": 1}}, {"type": "Feature", "geometry": {"type": "Point", "coordinates": [-81.576585325369, 28.735070181094]}, "properties": {"id": "8f116ec8af67afcc", "source": "apopka", "jurisdiction": "Apopka", "county": "Orange", "meeting_body": "Development Review Committee", "meeting_date": "2026-09-02", "title": "RZ-26-1 - Saddlebrook Meadows Rezoning - Rezoning (RZ), (1st Submittal) Owner(s): Albert McKimmie, Susan Incatasciato Applicant(s): G L Summit Engineering Inc - Geoff Summitt Location: 3585 and 3606 Golden Gem Road Proposed Use: Rezone for a Residential Subdivision Consisting of 55 Lots Project Manager: Bobby Howell, AICP", "summary": "", "plain": "Rezoning \u2014 at 3585 and 3606 Golden Gem Road, Apopka", "link": "https://apopkafl.portal.civicclerk.com/event/1548/overview", "project_type": "rezoning", "multifamily": false, "address": "3585 and 3606 Golden Gem Road", "parcel": null, "status": "heard", "first_seen": "2026-08-28", "units": null, "acres": null, "score": 1}}, {"type": "Feature", "geometry": {"type": "Point", "coordinates": [-81.557706536506, 28.720726067144]}, "properties": {"id": "01316bdea490f686", "source": "apopka", "jurisdiction": "Apopka", "county": "Orange", "meeting_body": "Development Review Committee", "meeting_date": "2026-09-02", "title": "PL-25-10 - Ridgebrook Plat - Plat Application (PL), (4th Submittal) Owner(s): TPG AG EHC III (LEN) Multi State 5 LLC Applicant(s): G L Summit Engineering Inc - Geoff Summitt Location: 2404 Plymouth Sorrento Road, 2244 Sorrento Avenue Proposed Use: 86 Single Family Homes Project Manager: Amer Hamza", "summary": "", "plain": "Plat / subdivision \u2014 at 2404 Plymouth Sorrento Road, Apopka", "link": "https://apopkafl.portal.civicclerk.com/event/1548/overview", "project_type": "plat", "multifamily": false, "address": "2404 Plymouth Sorrento Road", "parcel": null, "status": "heard", "first_seen": "2026-08-28", "units": null, "acres": null, "score": 0}}, {"type": "Feature", "geometry": {"type": "Point", "coordinates": [-81.551127219206, 28.691370776111]}, "properties": {"id": "70e5cccfdebe6c9a", "source": "apopka", "jurisdiction": "Apopka", "county": "Orange", "meeting_body": "Development Review Committee", "meeting_date": "2026-09-02", "title": "CSP-26-16 - Cold Link CSP - Construction Site Plan (CSP), (2nd Submittal) Owner(s): MG88 Central Florida Applicant(s): Kimley-Horn and Associates Inc - Joshua Enot Location: 2560 W. Orange Blossom Trail Proposed Use: Add Additional 150,000 SF Building Project Manager: Amer Hamza", "summary": "", "plain": "Site plan \u2014 at 2560 W. Orange Blossom Trail, Apopka", "link": "https://apopkafl.portal.civicclerk.com/event/1548/overview", "project_type": "site-plan", "multifamily": false, "address": "2560 W. Orange Blossom Trail", "parcel": null, "status": "heard", "first_seen": "2026-08-28", "units": null, "acres": null, "score": 0}}, {"type": "Feature", "geometry": {"type": "Point", "coordinates": [-81.5192499, 28.6665509]}, "properties": {"id": "c10e360bfe892afc", "source": "apopka", "jurisdiction": "Apopka", "county": "Orange", "meeting_body": "Development Review Committee", "meeting_date": "2026-09-02", "title": "CSP-26-8 - 7-11 Ocoee Apopka Road - Construction Site Plan (CSP), (3rd Submittal) Owner(s): Shoppes at East Shore LLC Applicant(s): Kimley-Horn and Associates Inc Location: 2501 Ocoee Apopka Road Proposed Use: Convenience Store with Fuel Sales Project Manager: Jean Sanchez", "summary": "", "plain": "Site plan \u2014 at 7-11 Ocoee Apopka Road, Apopka", "link": "https://apopkafl.portal.civicclerk.com/event/1548/overview", "project_type": "site-plan", "multifamily": false, "address": "7-11 Ocoee Apopka Road", "parcel": null, "status": "heard", "first_seen": "2026-08-28", "units": null, "acres": null, "score": 0}}, {"type": "Feature", "geometry": {"type": "Point", "coordinates": [-81.471716167656, 28.67308892328]}, "properties": {"id": "ec11a1ae9add8464", "source": "apopka", "jurisdiction": "Apopka", "county": "Orange", "meeting_body": "Development Review Committee", "meeting_date": "2026-09-02", "title": "CSP-26-32 - Revision of Wekiva Shopping Center - Construction Site Plan (CSP), (2nd Submittal) Owner(s): Woolbright Wekiva LLC Applicant(s): Sun-Tech Engineering Inc - Clifford Loutan Location: 2121 East Semoran Boulevard Proposed Use: Revision - Increases Building Footprint +/- 242 SF for a New Total of 8,288 SF Project Manager: Jun Sohn, Ph.D", "summary": "", "plain": "Site plan \u2014 at 2121 East Semoran Boulevard, Apopka", "link": "https://apopkafl.portal.civicclerk.com/event/1548/overview", "project_type": "site-plan", "multifamily": false, "address": "2121 East Semoran Boulevard", "parcel": null, "status": "heard", "first_seen": "2026-08-28", "units": null, "acres": null, "score": 0}}, {"type": "Feature", "geometry": {"type": "Point", "coordinates": [-81.5255933, 28.7005769]}, "properties": {"id": "65b5d7cae0e0963c", "source": "apopka", "jurisdiction": "Apopka", "county": "Orange", "meeting_body": "Development Review Committee", "meeting_date": "2026-09-02", "title": "CSP-26-34 - Paulucci Acres - Pod 1A/B&4 - Construction Site Plan (CSP), (1st Submittal) Owner(s): Paulucci Acres LLC Applicant(s): 1828 Engineering LLC - Luke Classon Location: 2213 Vick Road and Ponkan Road Proposed Use: 3 - Phase Residential Subdivision with 501 Single Family Lots Project Manager: Amer Hamza", "summary": "", "plain": "Site plan \u2014 at 2213 Vick Road, Apopka", "link": "https://apopkafl.portal.civicclerk.com/event/1548/overview", "project_type": "site-plan", "multifamily": false, "address": "2213 Vick Road", "parcel": null, "status": "heard", "first_seen": "2026-08-28", "units": null, "acres": null, "score": 0}}, {"type": "Feature", "geometry": {"type": "Point", "coordinates": [-81.492920143698, 28.649018571835]}, "properties": {"id": "a787c18ee270d5a8", "source": "apopka", "jurisdiction": "Apopka", "county": "Orange", "meeting_body": "Development Review Committee", "meeting_date": "2026-09-02", "title": "CSP-26-20 - Sheeler Park Construction - Construction Site Plan (CSP), (3rd Submittal) Owner(s): Marvin Reid and Susan Reid Applicant(s): Pape-Dawson Consulting Engineers - Marc Stehli, PE Location: 1920 Sheeler Avenue Proposed Use: Engineering Plans for a 109 Lot Subdivision Project Manager: Jun Sohn, Ph.D Presented by: Jun Sohn, Planner", "summary": "", "plain": "Site plan \u2014 at 1920 Sheeler Avenue, Apopka", "link": "https://apopkafl.portal.civicclerk.com/event/1548/overview", "project_type": "site-plan", "multifamily": false, "address": "1920 Sheeler Avenue", "parcel": null, "status": "heard", "first_seen": "2026-08-28", "units": null, "acres": null, "score": 0}}, {"type": "Feature", "geometry": {"type": "Point", "coordinates": [-81.542737394386, 28.750014315294]}, "properties": {"id": "e7a89690d5b0bcb6", "source": "apopka", "jurisdiction": "Apopka", "county": "Orange", "meeting_body": "City Commission", "meeting_date": "2026-08-19", "title": "Ordinance No. 3158 - First Reading - Legislative - Small-Scale Future Land Use Amendment \u2013 4410 Chandler Road and 4420 Chandler Road Owner(s): Richard Chandler Applicant: Camila Neira Parcel Identification Number(s): 18-20-28-0000-00-030, 18-20-28-0000-00-063 Location: 4410 Chandler Road, 4420 Chandler Road Existing Future Land Use: Residential Very Low Suburban Proposed Future Land Use: Office Ex", "summary": "", "plain": "Land-use change \u00b7 5.12 ac \u2014 at 4410 Chandler Road, Apopka", "link": "https://apopkafl.portal.civicclerk.com/event/1505/overview", "project_type": "land-use", "multifamily": false, "address": "4410 Chandler Road", "parcel": null, "status": "heard", "first_seen": "2026-08-13", "units": null, "acres": 5.12, "score": 2}}, {"type": "Feature", "geometry": {"type": "Point", "coordinates": [-81.542737394386, 28.750014315294]}, "properties": {"id": "06beb929e8a53705", "source": "apopka", "jurisdiction": "Apopka", "county": "Orange", "meeting_body": "City Commission", "meeting_date": "2026-08-19", "title": "Ordinance No. 3159 \u2013 First Reading - Quasi-Judicial \u2013 Change of Zoning \u2013 4410 Chandler Road and 4420 Chandler Road Owner(s): Richard Chandler Applicant: Camila Neira Parcel Identification Number(s): 18-20-28-0000-00-030, 18-20-28-0000-00-063 Location: 4410 Chandler Road, 4420 Chandler Road Existing Zoning: RSF-1A (Residential Single-Family-Estate) Proposed Zoning: O (Office) Existing Use(s): Resid", "summary": "", "plain": "Rezoning \u00b7 5.12 ac \u2014 at 4410 Chandler Road, Apopka", "link": "https://apopkafl.portal.civicclerk.com/event/1505/overview", "project_type": "rezoning", "multifamily": false, "address": "4410 Chandler Road", "parcel": null, "status": "heard", "first_seen": "2026-08-13", "units": null, "acres": 5.12, "score": 2}}, {"type": "Feature", "geometry": {"type": "Point", "coordinates": [-81.557634525335, 28.714057527196]}, "properties": {"id": "9c6d61fd20970599", "source": "apopka", "jurisdiction": "Apopka", "county": "Orange", "meeting_body": "Development Review Committee", "meeting_date": "2026-08-19", "title": "CSP-26-27 - Yothers Outparcel - Construction Site Plan (CSP), (2nd Submittal) Owner(s): Dafflyn Property 2 LLC Applicant(s): Kimley-Horn and Associates Inc - Joe Pellarin Location: 2050 Plymouth Sorrento Road Proposed Use: Developing a 7,400 SF Commercial Building Project Manager: Jun Sohn", "summary": "", "plain": "Site plan \u2014 at 2050 Plymouth Sorrento Road, Apopka", "link": "https://apopkafl.portal.civicclerk.com/event/1546/overview", "project_type": "site-plan", "multifamily": false, "address": "2050 Plymouth Sorrento Road", "parcel": null, "status": "heard", "first_seen": "2026-08-14", "units": null, "acres": null, "score": 0}}, {"type": "Feature", "geometry": {"type": "Point", "coordinates": [-81.557129461817, 28.707021793439]}, "properties": {"id": "f118d938937e5a8b", "source": "apopka", "jurisdiction": "Apopka", "county": "Orange", "meeting_body": "Development Review Committee", "meeting_date": "2026-08-19", "title": "CSP-26-10 - Northwest Church - Construction Site Plan (CSP), (2nd Submittal) Owner(s): Directions Fellowship Inc Applicant(s): Thomas and Hutton Engineering Co - Sam Sebaali Location: 1567 Plymouth Sorrento Road Proposed Use: Construct a Place of Worship 23,217 SF in Size Project Manager: Jean Sanchez", "summary": "", "plain": "Site plan \u2014 at 1567 Plymouth Sorrento Road, Apopka", "link": "https://apopkafl.portal.civicclerk.com/event/1546/overview", "project_type": "site-plan", "multifamily": false, "address": "1567 Plymouth Sorrento Road", "parcel": null, "status": "heard", "first_seen": "2026-08-14", "units": null, "acres": null, "score": 0}}, {"type": "Feature", "geometry": {"type": "Point", "coordinates": [-81.557129461817, 28.707021793439]}, "properties": {"id": "a2c7cdbf22082b64", "source": "apopka", "jurisdiction": "Apopka", "county": "Orange", "meeting_body": "Development Review Committee", "meeting_date": "2026-08-19", "title": "CSP-26-23 - Northwest Church Existing Building Retrofit - Construction Site Plan (CSP), (1st Submittal) Owner(s): Directions Fellowship Inc Applicant(s): Thomas and Hutton Engineering Co - Sam Sebaali Location: 1567 Plymouth Sorrento Road Proposed Use: Reuse and Retrofit of the Existing Building Footprint and Structure Project Manager: Jean Sanchez", "summary": "", "plain": "Site plan \u2014 at 1567 Plymouth Sorrento Road, Apopka", "link": "https://apopkafl.portal.civicclerk.com/event/1546/overview", "project_type": "site-plan", "multifamily": false, "address": "1567 Plymouth Sorrento Road", "parcel": null, "status": "heard", "first_seen": "2026-08-14", "units": null, "acres": null, "score": 0}}, {"type": "Feature", "geometry": {"type": "Point", "coordinates": [-81.521400673363, 28.713537323482]}, "properties": {"id": "4b92022f661d830a", "source": "apopka", "jurisdiction": "Apopka", "county": "Orange", "meeting_body": "Development Review Committee", "meeting_date": "2026-08-19", "title": "CSP-26-18 - Lester Oaks - Construction Site Plan (CSP), (2nd Submittal) Owner(s): Christopher Williams Applicant(s): Faber Engineering - Tom Faber Location: 550 W Lester Rd Project: 7 Lot Residential Subivision Project Manager: Amer Hamza", "summary": "", "plain": "Site plan \u2014 at 550 W Lester Rd, Apopka", "link": "https://apopkafl.portal.civicclerk.com/event/1546/overview", "project_type": "site-plan", "multifamily": false, "address": "550 W Lester Rd", "parcel": null, "status": "heard", "first_seen": "2026-08-14", "units": null, "acres": null, "score": 0}}, {"type": "Feature", "geometry": {"type": "Point", "coordinates": [-81.5218102, 28.6744117]}, "properties": {"id": "ee7b962f7ddc3294", "source": "apopka", "jurisdiction": "Apopka", "county": "Orange", "meeting_body": "Development Review Committee", "meeting_date": "2026-08-12", "title": "SPX-26-1 - Carolina Textiles Outdoor Storage Overnight Parking - Special Exception (SPX), (3rd Submittal) Owner(s): Carolina Textiles - Brad Grossman Applicant(s): Beaufort Design Build - Adam Biery Location: 300 S Bradshaw Road Proposed Use: Special Exception - Outdoor Storage/Overnight Parking Project Manager: Jun Sohn", "summary": "", "plain": "Special exception \u2014 at 300 S Bradshaw Road, Apopka", "link": "https://apopkafl.portal.civicclerk.com/event/1545/overview", "project_type": "special-exception", "multifamily": false, "address": "300 S Bradshaw Road", "parcel": null, "status": "heard", "first_seen": "2026-08-07", "units": null, "acres": null, "score": 0}}, {"type": "Feature", "geometry": {"type": "Point", "coordinates": [-81.5584749, 28.7174983]}, "properties": {"id": "79b8b3387875d7e6", "source": "apopka", "jurisdiction": "Apopka", "county": "Orange", "meeting_body": "Development Review Committee", "meeting_date": "2026-08-12", "title": "CSP-26-33 - Ridgebrooke Subdivision (aka Plymouth Harbor) Amendment - Construction Site Plan (CSP), (1st Submittal) Owner(s): TPG AG EHC III (LEN) MULTI STATE 5 LL Applicant(s): G L Summitt Engineering Inc - Geoffrey Summitt Location: 1056 Bailey Hill Road, Sorrento Avenue, 2244 Sorrento Avenue, 2260, 2304, 2404 Plymouth Sorrento Road Proposed Use: Revision to approved CSP to adjust lot depth and ", "summary": "", "plain": "Site plan \u2014 at 1056 Bailey Hill Road, Apopka", "link": "https://apopkafl.portal.civicclerk.com/event/1545/overview", "project_type": "site-plan", "multifamily": false, "address": "1056 Bailey Hill Road", "parcel": null, "status": "heard", "first_seen": "2026-08-07", "units": null, "acres": null, "score": 0}}, {"type": "Feature", "geometry": {"type": "Point", "coordinates": [-81.5113329, 28.679427]}, "properties": {"id": "03dd5d74421e4430", "source": "apopka", "jurisdiction": "Apopka", "county": "Orange", "meeting_body": "Planning Commission", "meeting_date": "2026-08-11", "title": "Quasi- Judicial - 107 N. Central Avenue SPX Owner(s): Johnny Navarro Applicant(s): Johnny Navarro Location: 107 N. Central Avenue Project: 107 N. Central Avenue Special Exception Density: N/A Project Manager: Amer Hamza", "summary": "", "plain": "Special exception \u2014 at 107 N. Central Avenue, Apopka", "link": "https://apopkafl.portal.civicclerk.com/event/1516/overview", "project_type": "special-exception", "multifamily": false, "address": "107 N. Central Avenue", "parcel": null, "status": "heard", "first_seen": "2026-08-07", "units": null, "acres": null, "score": 0}}, {"type": "Feature", "geometry": {"type": "Point", "coordinates": [-81.542737394386, 28.750014315294]}, "properties": {"id": "3d6c95e2d8f04a74", "source": "apopka", "jurisdiction": "Apopka", "county": "Orange", "meeting_body": "City Commission", "meeting_date": "2026-08-05", "title": "Ordinance No. 3158 - First Reading - Legislative - Small-Scale Future Land Use Amendment \u2013 4410 Chandler Road and 4420 Chandler Road Owner(s): Richard Chandler Applicant: Camila Neira Parcel Identification Number(s): 18-20-28-0000-00-030, 18-20-28-0000-00-063 Location: 4410 Chandler Road, 4420 Chandler Road Existing Future Land Use: Residential Very Low Suburban Proposed Future Land Use: Office Ex", "summary": "", "plain": "Land-use change \u00b7 5.12 ac \u2014 at 4410 Chandler Road, Apopka", "link": "https://apopkafl.portal.civicclerk.com/event/1493/overview", "project_type": "land-use", "multifamily": false, "address": "4410 Chandler Road", "parcel": null, "status": "heard", "first_seen": "2026-07-30", "units": null, "acres": 5.12, "score": 2}}, {"type": "Feature", "geometry": {"type": "Point", "coordinates": [-81.542737394386, 28.750014315294]}, "properties": {"id": "58097729e2c9ac95", "source": "apopka", "jurisdiction": "Apopka", "county": "Orange", "meeting_body": "City Commission", "meeting_date": "2026-08-05", "title": "Ordinance No. 3159 \u2013 First Reading - Quasi-Judicial \u2013 Change of Zoning \u2013 4410 Chandler Road and 4420 Chandler Road Owner(s): Richard Chandler Applicant: Camila Neira Parcel Identification Number(s): 18-20-28-0000-00-030, 18-20-28-0000-00-063 Location: 4410 Chandler Road, 4420 Chandler Road Existing Zoning: RSF-1A (Residential Single-Family-Estate) Proposed Zoning: O (Office) Existing Use(s): Resid", "summary": "", "plain": "Rezoning \u00b7 5.12 ac \u2014 at 4410 Chandler Road, Apopka", "link": "https://apopkafl.portal.civicclerk.com/event/1493/overview", "project_type": "rezoning", "multifamily": false, "address": "4410 Chandler Road", "parcel": null, "status": "heard", "first_seen": "2026-07-30", "units": null, "acres": 5.12, "score": 2}}, {"type": "Feature", "geometry": {"type": "Point", "coordinates": [-81.500319390786, 28.690187874099]}, "properties": {"id": "b06e8e76fe2cf468", "source": "apopka", "jurisdiction": "Apopka", "county": "Orange", "meeting_body": "Development Review Committee", "meeting_date": "2026-08-05", "title": "RZ-26-3 - 543 Sir Srthur Court Lots - Rezoning (RZ), (1st Submittal) Owner(s): Michael Cooper Applicant(s): Michael Cooper Location: 543, 544 and 552 Sir Arthur Court Proposed Use: Rezone lots to RSF-1A Project Manager: Amer Hamza", "summary": "", "plain": "Rezoning \u2014 at 543 Sir Srthur Court, Apopka", "link": "https://apopkafl.portal.civicclerk.com/event/1544/overview", "project_type": "rezoning", "multifamily": false, "address": "543 Sir Srthur Court", "parcel": null, "status": "heard", "first_seen": "2026-08-01", "units": null, "acres": null, "score": 1}}, {"type": "Feature", "geometry": {"type": "Point", "coordinates": [-81.546338053116, 28.670639330075]}, "properties": {"id": "8c4d99c8ed009265", "source": "apopka", "jurisdiction": "Apopka", "county": "Orange", "meeting_body": "Development Review Committee", "meeting_date": "2026-08-05", "title": "PL-25-8 - Eden Crest Phase 2 Plat - Plat Application (PL), (4th Submittal) Owner(s): Apopka Project I LLC Applicant(s): Appian Engineering LLC - Ovidio Sanchez Location: 2022, 2150, 2158, 2156,2182, 2166 Johns Road, Johns Road, 885, 701,875 S Binion Road, Binion Road Project: 115 Lot Subdivision Project Manager: Amer Hamza", "summary": "", "plain": "Plat / subdivision \u2014 at 2166 Johns Road, Apopka", "link": "https://apopkafl.portal.civicclerk.com/event/1544/overview", "project_type": "plat", "multifamily": false, "address": "2166 Johns Road", "parcel": null, "status": "heard", "first_seen": "2026-08-01", "units": null, "acres": null, "score": 0}}, {"type": "Feature", "geometry": {"type": "Point", "coordinates": [-81.576840774844, 28.749264491359]}, "properties": {"id": "f9e8c028c7cd1368", "source": "apopka", "jurisdiction": "Apopka", "county": "Orange", "meeting_body": "Development Review Committee", "meeting_date": "2026-08-05", "title": "CSP-26-22 - Wyld Oaks Cell Tower - Construction Site Plan (CSP), (2nd Submittal) Owner(s): Kelly Park VB Development LLC Applicant(s): Kimley-Horn and Associates - Tommy O'Shea Location: 4112 Sadler Rd Proposed Use: Installation of a 120' Stealth Wireless Telecommunications Facility Project Manager: Jean Sanchez SUBDIVISION PLAN", "summary": "", "plain": "Site plan \u2014 at 4112 Sadler Rd, Apopka", "link": "https://apopkafl.portal.civicclerk.com/event/1544/overview", "project_type": "site-plan", "multifamily": false, "address": "4112 Sadler Rd", "parcel": null, "status": "heard", "first_seen": "2026-08-05", "units": null, "acres": null, "score": 0}}, {"type": "Feature", "geometry": {"type": "Point", "coordinates": [-81.562029800476, 28.77129811329]}, "properties": {"id": "10224190e712e6b5", "source": "apopka", "jurisdiction": "Apopka", "county": "Orange", "meeting_body": "Development Review Committee", "meeting_date": "2026-08-05", "title": "CSP-26-5 - Everly - Ondich Road Subdivision - Construction Site Plan (CSP), (3rd Submittal) Owner(s): Larry M Everly Sr Family Trust 1/2 Int, Corrinne F Everly Family Trust 1/2 Int Applicant(s): 1828 Engineering LLC - Luke Classon Location: 3100 Ondich Road Proposed Use: 67 Single Family Lots Project Manager: Amer Hamza", "summary": "", "plain": "Site plan \u2014 at 3100 Ondich Road, Apopka", "link": "https://apopkafl.portal.civicclerk.com/event/1544/overview", "project_type": "site-plan", "multifamily": false, "address": "3100 Ondich Road", "parcel": null, "status": "heard", "first_seen": "2026-08-01", "units": null, "acres": null, "score": 0}}, {"type": "Feature", "geometry": {"type": "Point", "coordinates": [-81.509184820782, 28.710356215723]}, "properties": {"id": "3209aebff171086c", "source": "apopka", "jurisdiction": "Apopka", "county": "Orange", "meeting_body": "Development Review Committee", "meeting_date": "2026-07-29", "title": "CSP-26-12 - AutoZone Store No FL 10995 - Construction Site Plan (CSP), (3rd Submittal) Owner(s): Sabal Hospitality Group LLC Applicant(s): CPH - Matthew D' Angelo Location: 1788 Rock Springs Road Proposed Use: Construction of a 6,815 SF AotoZone Retail Building Project Manager: Jun Sohn", "summary": "", "plain": "Site plan \u2014 at 1788 Rock Springs Road, Apopka", "link": "https://apopkafl.portal.civicclerk.com/event/1543/overview", "project_type": "site-plan", "multifamily": false, "address": "1788 Rock Springs Road", "parcel": null, "status": "heard", "first_seen": "2026-07-24", "units": null, "acres": null, "score": 0}}, {"type": "Feature", "geometry": {"type": "Point", "coordinates": [-81.471716167656, 28.67308892328]}, "properties": {"id": "0b4dece3d81de76e", "source": "apopka", "jurisdiction": "Apopka", "county": "Orange", "meeting_body": "Development Review Committee", "meeting_date": "2026-07-29", "title": "CSP-26-32 - Wekiva Shopping Center Building H - Revision to Construction Site Plan (CSP), (1st Submittal) Owner(s): Woolbright Wekiva LLC Applicant(s): Sun-Tech Engineering Inc - Clifford Louta Location: 2121 East Semoran Boulevard Proposed Use: Revision for an 8,288 SF building Project Manager: Jun Sohn", "summary": "", "plain": "Site plan \u2014 at 2121 East Semoran Boulevard, Apopka", "link": "https://apopkafl.portal.civicclerk.com/event/1543/overview", "project_type": "site-plan", "multifamily": false, "address": "2121 East Semoran Boulevard", "parcel": null, "status": "heard", "first_seen": "2026-07-24", "units": null, "acres": null, "score": 0}}, {"type": "Feature", "geometry": {"type": "Point", "coordinates": [-81.556781837268, 28.756971845782]}, "properties": {"id": "2c5f736ae5b3ee28", "source": "apopka", "jurisdiction": "Apopka", "county": "Orange", "meeting_body": "Development Review Committee", "meeting_date": "2026-07-29", "title": "CSP-26-26 - Springhaven Amenity - Construction Site Plan (CSP), (1st Submittal) Owner(s): Jen Florida 61 LLC Applicant(s): Ovidio Sanchez - 1828 Engineering LLC Location: 2126, 2136, 2228, 2250, 2350, 2454 & 2809 W Kelly Park Road, 4481, 4501, 4506, 4509, 4514, 4613, 4625 & 4641 Chandler Road, & Jason Dwelley Parkway Proposed Use: Amenity Site Plan within Springhaven Subdivision Project Manager: B", "summary": "", "plain": "Site plan \u2014 at 2809 W Kelly Park Road, Apopka", "link": "https://apopkafl.portal.civicclerk.com/event/1543/overview", "project_type": "site-plan", "multifamily": false, "address": "2809 W Kelly Park Road", "parcel": null, "status": "heard", "first_seen": "2026-07-24", "units": null, "acres": null, "score": 0}}, {"type": "Feature", "geometry": {"type": "Point", "coordinates": [-81.467999162304, 28.668550089075]}, "properties": {"id": "72e108b201b4c9b4", "source": "apopka", "jurisdiction": "Apopka", "county": "Orange", "meeting_body": "Development Review Committee", "meeting_date": "2026-07-29", "title": "CSP-25-47 - The Villas at Wekiva CSP - Construction Site Plan (CSP), (1st Submittal) Owner(s): Tatiana Gonzalez Applicant(s): AIP Design - Ernesto Gonzalez Location: 734 Piedmont Wekiwa Road Proposed Use: 16 Unit Multifamily Residential Project Project Manager: Jun Sohn", "summary": "", "plain": "Multifamily site plan \u00b7 16 units \u2014 at 734 Piedmont Wekiwa Road, Apopka", "link": "https://apopkafl.portal.civicclerk.com/event/1543/overview", "project_type": "site-plan", "multifamily": true, "address": "734 Piedmont Wekiwa Road", "parcel": null, "status": "heard", "first_seen": "2026-07-24", "units": 16, "acres": null, "score": 3}}, {"type": "Feature", "geometry": {"type": "Point", "coordinates": [-81.502923683221, 28.64229058439]}, "properties": {"id": "2600d1548eef8608", "source": "apopka", "jurisdiction": "Apopka", "county": "Orange", "meeting_body": "Development Review Committee", "meeting_date": "2026-07-22", "title": "AN-26-2 - Karuna Annexation - Annexation Application (AN), (1st Submittal) Owner(s): Karuna Buildings LLC Applicant(s): Lowndes Law - Kathryn Johnston Location: 2525 Clarcona Road Proposed Use: Annexation for the proposed use of warehouse Project Manager: Jun Sohn, Ph.D", "summary": "", "plain": "Annexation \u2014 at 2525 Clarcona Road, Apopka", "link": "https://apopkafl.portal.civicclerk.com/event/1542/overview", "project_type": "annexation", "multifamily": false, "address": "2525 Clarcona Road", "parcel": null, "status": "heard", "first_seen": "2026-07-17", "units": null, "acres": null, "score": 0}}, {"type": "Feature", "geometry": {"type": "Point", "coordinates": [-81.559731476971, 28.754697610321]}, "properties": {"id": "7e324e6688667316", "source": "apopka", "jurisdiction": "Apopka", "county": "Orange", "meeting_body": "Development Review Committee", "meeting_date": "2026-07-22", "title": "FLU-26-8 - Twin Fountains Commercial - Future Land Use Amendment (FLU), (1st Submittal) Owner(s): Effie Road Holdings LLC Applicant(s): 1828 Engineering LLC - Luke Classon Location: 4849 Plymouth Sorrento Road Proposed Use: Amend the FLU designation of the subject parcel to Mixed Use (MU) Project Manager: Jean Sanchez", "summary": "", "plain": "Multifamily land-use change \u2014 at 4849 Plymouth Sorrento Road, Apopka", "link": "https://apopkafl.portal.civicclerk.com/event/1542/overview", "project_type": "land-use", "multifamily": true, "address": "4849 Plymouth Sorrento Road", "parcel": null, "status": "heard", "first_seen": "2026-07-17", "units": null, "acres": null, "score": 4}}, {"type": "Feature", "geometry": {"type": "Point", "coordinates": [-81.584508609504, 28.756442155455]}, "properties": {"id": "a997e1a685218fb7", "source": "apopka", "jurisdiction": "Apopka", "county": "Orange", "meeting_body": "Development Review Committee", "meeting_date": "2026-07-22", "title": "FLU-26-5 - Kelly Park South Future Land Use - Crossroads Cornell - Future Land Use (FLU), (1st Submittal) Owner(s): KP South Land Investments LLC and Haris KP South Land Investments LLC Applicant(s): Mike Galvin Location: 4481 West Kelly Park Road Proposed Use: FLU amendment from RS (Residential Suburban) to MU (Mixed Use) Project Manager: Bobby Howell, AICP", "summary": "", "plain": "Multifamily land-use change \u2014 at 4481 West Kelly Park Road, Apopka", "link": "https://apopkafl.portal.civicclerk.com/event/1542/overview", "project_type": "land-use", "multifamily": true, "address": "4481 West Kelly Park Road", "parcel": null, "status": "heard", "first_seen": "2026-07-17", "units": null, "acres": null, "score": 4}}, {"type": "Feature", "geometry": {"type": "Point", "coordinates": [-81.550493188057, 28.752714314852]}, "properties": {"id": "0e131e5a7c87a466", "source": "apopka", "jurisdiction": "Apopka", "county": "Orange", "meeting_body": "Development Review Committee", "meeting_date": "2026-07-22", "title": "PL-26-1 - Chandler Row Plat (fka INB Homes) - Plat Application (PL), (3rd Submittal) Owner(s): MRP HNHB LLC Applicant(s): Kimley-Horn and Associates - Brian Ashby Location: 4648 Chandler Road Proposed Use: Residential development for 240 lots Project Manager: Bobby Howell, AICP", "summary": "", "plain": "Plat / subdivision \u2014 at 4648 Chandler Road, Apopka", "link": "https://apopkafl.portal.civicclerk.com/event/1542/overview", "project_type": "plat", "multifamily": false, "address": "4648 Chandler Road", "parcel": null, "status": "heard", "first_seen": "2026-07-17", "units": null, "acres": null, "score": 0}}, {"type": "Feature", "geometry": {"type": "Point", "coordinates": [-81.577809369839, 28.694537466666]}, "properties": {"id": "8e479672a6b3617e", "source": "apopka", "jurisdiction": "Apopka", "county": "Orange", "meeting_body": "Development Review Committee", "meeting_date": "2026-07-22", "title": "SPX-26-7 - Hogshead Industrial SPX - Special Exception (SPX), (1st Submittal) Owner(s): Hogshead Investment Partnership LTD - Mary Moore Applicant(s): 1828 Engineering LLC - Luke Classon Location: 4212 Hogshead Road Project: Outdoor storage as a principal use Project Manager: Amer Hamza", "summary": "", "plain": "Special exception \u2014 at 4212 Hogshead Road, Apopka", "link": "https://apopkafl.portal.civicclerk.com/event/1542/overview", "project_type": "special-exception", "multifamily": false, "address": "4212 Hogshead Road", "parcel": null, "status": "heard", "first_seen": "2026-07-17", "units": null, "acres": null, "score": 0}}, {"type": "Feature", "geometry": {"type": "Point", "coordinates": [-81.492920143698, 28.649018571835]}, "properties": {"id": "536c0797320ebbcf", "source": "apopka", "jurisdiction": "Apopka", "county": "Orange", "meeting_body": "Development Review Committee", "meeting_date": "2026-07-22", "title": "CSP-26-20 - 1920 Sheeler Park CSP - Construction Site Plan (CSP), (2nd Submittal) Owner(s): Marvin Reid and Susan Reid Applicant(s): Pape-Dawson Consulting Engineers LLC - Marc Stehli P.E. Location: 1920 Sheeler Avenue Proposed Use: 109 Lot Subdivision Project Manager: Jun Sohn, Ph. D", "summary": "", "plain": "Site plan \u2014 at 1920 Sheeler Avenue, Apopka", "link": "https://apopkafl.portal.civicclerk.com/event/1542/overview", "project_type": "site-plan", "multifamily": false, "address": "1920 Sheeler Avenue", "parcel": null, "status": "heard", "first_seen": "2026-07-17", "units": null, "acres": null, "score": 0}}, {"type": "Feature", "geometry": {"type": "Point", "coordinates": [-81.542737394386, 28.750014315294]}, "properties": {"id": "d060ea0e78c1f435", "source": "apopka", "jurisdiction": "Apopka", "county": "Orange", "meeting_body": "City Commission", "meeting_date": "2026-07-15", "title": "Ordinance No. 3158 - First Reading - Legislative - Small-Scale Future Land Use Amendment \u2013 4410 Chandler Road and 4420 Chandler Road Owner(s): Richard Chandler Applicant: Camila Neira Parcel Identification Number(s): 18-20-28-0000-00-030, 18-20-28-0000-00-063 Location: 4410 Chandler Road, 4420 Chandler Road Existing Future Land Use: Residential Very Low Suburban Proposed Future Land Use: Office Ex", "summary": "", "plain": "Land-use change \u00b7 5.12 ac \u2014 at 4410 Chandler Road, Apopka", "link": "https://apopkafl.portal.civicclerk.com/event/1504/overview", "project_type": "land-use", "multifamily": false, "address": "4410 Chandler Road", "parcel": null, "status": "heard", "first_seen": "2026-07-09", "units": null, "acres": 5.12, "score": 2}}, {"type": "Feature", "geometry": {"type": "Point", "coordinates": [-81.542737394386, 28.750014315294]}, "properties": {"id": "0d1cbae6103f4c13", "source": "apopka", "jurisdiction": "Apopka", "county": "Orange", "meeting_body": "City Commission", "meeting_date": "2026-07-15", "title": "Ordinance Number 3159 \u2013 First Reading - Quasi-Judicial \u2013 Change of Zoning \u2013 4410 Chandler Road and 4420 Chandler Road Owner(s): Richard Chandler Applicant: Camila Neira Parcel Identification Number(s): 18-20-28-0000-00-030, 18-20-28-0000-00-063 Location: 4410 Chandler Road, 4420 Chandler Road Existing Zoning: RSF-1A (Residential Single-Family-Estate) Proposed Zoning: O (Office) Existing Use(s): Re", "summary": "", "plain": "Rezoning \u00b7 5.12 ac \u2014 at 4410 Chandler Road, Apopka", "link": "https://apopkafl.portal.civicclerk.com/event/1504/overview", "project_type": "rezoning", "multifamily": false, "address": "4410 Chandler Road", "parcel": null, "status": "heard", "first_seen": "2026-07-09", "units": null, "acres": 5.12, "score": 2}}, {"type": "Feature", "geometry": {"type": "Point", "coordinates": [-81.521785186883, 28.674316731606]}, "properties": {"id": "939b9c9b88a4c3e5", "source": "apopka", "jurisdiction": "Apopka", "county": "Orange", "meeting_body": "Development Review Committee", "meeting_date": "2026-07-15", "title": "SPX-26-1 - Carolina Textiles Outdoor Storage Overnight Parking - Special Exception (SPX), (2nd Submittal) Owner(s): Carolina Textiles / Brad Grossman Applicant(s): Beaufort Design Build - Adam Biery Location: 300 S South Bradshaw Road Proposed Use: Special Exception use for overnight parking for outdoor storage as a principle use Project Manager: Jun Sohn, Ph.D", "summary": "", "plain": "Special exception \u2014 at 300 S South Bradshaw Road, Apopka", "link": "https://apopkafl.portal.civicclerk.com/event/1541/overview", "project_type": "special-exception", "multifamily": false, "address": "300 S South Bradshaw Road", "parcel": null, "status": "heard", "first_seen": "2026-07-10", "units": null, "acres": null, "score": 0}}, {"type": "Feature", "geometry": {"type": "Point", "coordinates": [-81.491127701264, 28.694724927921]}, "properties": {"id": "3316ea0763e20ed9", "source": "apopka", "jurisdiction": "Apopka", "county": "Orange", "meeting_body": "Planning Commission", "meeting_date": "2026-07-14", "title": "Quasi- Judicial - 1030 E Sandpiper Street SPX Owner(s): Lincoln Douglas Haynes and Lauren Elizabeth Haynes Applicant(s): Lincoln Douglas Haynes Location: 1030 E. Sandpiper Street Project: 1030 E. Sandpiper Street Special Exception Density: N/A Project Manager: Amer Hamza", "summary": "", "plain": "Special exception \u2014 at 1030 E Sandpiper Street, Apopka", "link": "https://apopkafl.portal.civicclerk.com/event/1515/overview", "project_type": "special-exception", "multifamily": false, "address": "1030 E Sandpiper Street", "parcel": null, "status": "heard", "first_seen": "2026-07-10", "units": null, "acres": null, "score": 0}}, {"type": "Feature", "geometry": {"type": "Point", "coordinates": [-81.54634014801, 28.671950259057]}, "properties": {"id": "167008166acba834", "source": "apopka", "jurisdiction": "Apopka", "county": "Orange", "meeting_body": "Development Review Committee", "meeting_date": "2026-07-08", "title": "PL-25-8 - Eden Crest Phase 2 - Plat Application (PL), (4th Submittal) Owner(s): Apopka Project I LLC Applicant(s): Appian Engineering LLC - Ovidio Sanchez Location: 2022 Johns Road, 2150 Johns Road, Johns Road, 2158 Johns Road, 2156 Johns Road, 2166 Johns Road, 2182 Johns Road, 875 South Binion Road, 885 South Binion Road and 701 South Binion Road Proposed Use: 115 Lot Subdivison Project Manager: ", "summary": "", "plain": "Plat / subdivision \u2014 at 2022 Johns Road, Apopka", "link": "https://apopkafl.portal.civicclerk.com/event/1540/overview", "project_type": "plat", "multifamily": false, "address": "2022 Johns Road", "parcel": null, "status": "heard", "first_seen": "2026-07-06", "units": null, "acres": null, "score": 0}}, {"type": "Feature", "geometry": {"type": "Point", "coordinates": [-81.576993627305, 28.756559812161]}, "properties": {"id": "ae1167a2762a03d8", "source": "apopka", "jurisdiction": "Apopka", "county": "Orange", "meeting_body": "Development Review Committee", "meeting_date": "2026-07-08", "title": "PD-26-1 - Kelly Park South KPI Master Plan Amendment - Master Plan Development (PD), (1st Submittal) Owner(s): KP South Land Investments LLC Applicant(s): Galvin Harris Company - Mike Galvin Location: 4033 West Kelly Park Road Proposed Use: Rezoning parcels from Agriculture (A) to MU-KPI. Project Manager: Bobby Howell, AICP", "summary": "", "plain": "Rezoning \u2014 at 4033 West Kelly Park Road, Apopka", "link": "https://apopkafl.portal.civicclerk.com/event/1540/overview", "project_type": "rezoning", "multifamily": false, "address": "4033 West Kelly Park Road", "parcel": null, "status": "heard", "first_seen": "2026-07-06", "units": null, "acres": null, "score": 1}}, {"type": "Feature", "geometry": {"type": "Point", "coordinates": [-81.509184820782, 28.710356215723]}, "properties": {"id": "cf56aeef5a7f40ff", "source": "apopka", "jurisdiction": "Apopka", "county": "Orange", "meeting_body": "Development Review Committee", "meeting_date": "2026-07-08", "title": "CSP-26-12 - Autozone Store No FL10995 - Construction Site Plan (CSP), (2nd Submittal) Owner(s): Sabal Hospitality Group LLC Applicant(s): CPH - Matthew D'Angelo Location: 1788 Rock Springs Road Proposed Use: Construction of a new 6,815 SF AutoZone Project Manager: Jun Sohn, Ph.D", "summary": "", "plain": "Site plan \u2014 at 1788 Rock Springs Road, Apopka", "link": "https://apopkafl.portal.civicclerk.com/event/1540/overview", "project_type": "site-plan", "multifamily": false, "address": "1788 Rock Springs Road", "parcel": null, "status": "heard", "first_seen": "2026-07-06", "units": null, "acres": null, "score": 0}}, {"type": "Feature", "geometry": {"type": "Point", "coordinates": [-81.557634525335, 28.714057527196]}, "properties": {"id": "d26f42f0abb65538", "source": "apopka", "jurisdiction": "Apopka", "county": "Orange", "meeting_body": "Development Review Committee", "meeting_date": "2026-07-08", "title": "CSP-26-27 - Youthers Outparcel - Construction Site Plan (CSP), (1st Submittal) Owner(s): Dafflyn Property 2 LLC Applicant(s): Kimley-Horn and Associates Inc Location: 2050 Plymouth Sorrento Road Proposed Use: Developing a 7,400 SF Commercial Building Project Manager: Jun Sohn, Ph.D", "summary": "", "plain": "Site plan \u2014 at 2050 Plymouth Sorrento Road, Apopka", "link": "https://apopkafl.portal.civicclerk.com/event/1540/overview", "project_type": "site-plan", "multifamily": false, "address": "2050 Plymouth Sorrento Road", "parcel": null, "status": "heard", "first_seen": "2026-07-06", "units": null, "acres": null, "score": 0}}, {"type": "Feature", "geometry": {"type": "Point", "coordinates": [-81.571849656587, 28.771706623098]}, "properties": {"id": "79d8d9505eb5d797", "source": "apopka", "jurisdiction": "Apopka", "county": "Orange", "meeting_body": "Development Review Committee", "meeting_date": "2026-07-08", "title": "CSP-26-14 - Oakmoor(fka Ondich South) - Construction Site Plan (CSP), (3rd Submittal) Owner(s): HMF LLC, Pm S-1 REO LLC, Applicant(s): 1828 Engineering LLC - Luke Classon Location: Oak Lane, 3658 Ondich Road, 3845 Ondich Road, 4255 Ondich Road, 4267 Ondich Road Proposed use: Proposed Development with 196 Single Family Lots Project Manager: Jean Sanchez", "summary": "", "plain": "Site plan \u2014 at 3658 Ondich Road, Apopka", "link": "https://apopkafl.portal.civicclerk.com/event/1540/overview", "project_type": "site-plan", "multifamily": false, "address": "3658 Ondich Road", "parcel": null, "status": "heard", "first_seen": "2026-07-06", "units": null, "acres": null, "score": 0}}, {"type": "Feature", "geometry": {"type": "Point", "coordinates": [-81.550493188057, 28.752714314852]}, "properties": {"id": "14ec501973d9bb6d", "source": "apopka", "jurisdiction": "Apopka", "county": "Orange", "meeting_body": "Development Review Committee", "meeting_date": "2026-07-08", "title": "CSP-26-21 - Chandler Row CSP Amendment - Construction Site Plan (CSP), (2nd Submission) Owner(s): MRP HNHB LLC Applicant(s): Kimley-Horn and Associates Inc - Brian Ashby Location: 4648 Chandler Road Proposed Use: 240 Unit Attached Single Family (Townhomes) Project Manager: Bobby Howell, AICP", "summary": "", "plain": "Multifamily site plan \u00b7 240 units \u2014 at 4648 Chandler Road, Apopka", "link": "https://apopkafl.portal.civicclerk.com/event/1540/overview", "project_type": "site-plan", "multifamily": true, "address": "4648 Chandler Road", "parcel": null, "status": "heard", "first_seen": "2026-07-06", "units": 240, "acres": null, "score": 5}}, {"type": "Feature", "geometry": {"type": "Point", "coordinates": [-81.560934926555, 28.700107814875]}, "properties": {"id": "14b8038ae40c1131", "source": "apopka", "jurisdiction": "Apopka", "county": "Orange", "meeting_body": "Development Review Committee", "meeting_date": "2026-07-01", "title": "PL-26-2 - Floridian Town Center Plat - Plat Application (PL), (1st Submittal) Owner(s): Floridian Apopka Phase 1 Owner, Florence Hotel Company LLC & Apopka Acquisition Company LLC Applicant(s): Donald W. McIntosh Associates Inc - John Townsend Location: 3161 Southfork Drive Proposed Use: Mixed Use Project Located at the Intersection of Connector Road and State Road 429 Project Manager: Bobby Howel", "summary": "", "plain": "Multifamily plat / subdivision \u2014 at 3161 Southfork Drive, Apopka", "link": "https://apopkafl.portal.civicclerk.com/event/1406/overview", "project_type": "plat", "multifamily": true, "address": "3161 Southfork Drive", "parcel": null, "status": "heard", "first_seen": "2026-07-06", "units": null, "acres": null, "score": 3}}, {"type": "Feature", "geometry": {"type": "Point", "coordinates": [-81.572533366206, 28.76657261646]}, "properties": {"id": "ed3224762567b290", "source": "apopka", "jurisdiction": "Apopka", "county": "Orange", "meeting_body": "Development Review Committee", "meeting_date": "2026-07-01", "title": "CSP-26-24 - Crescent Ridge (FKA Ondich South) CSP Amendment - Construction Site Plan (CSP), (1st Submittal) Owner(s): Pulte Home Comapny LLC Applicant(s): 1828 Engineering - Luke Classon Location: 5600 Effie Drive Proposed Use: Amendment to CSP-25-15 - Updated Lift Station and force main removed Project Manager: Jean Sanchez", "summary": "", "plain": "Site plan \u2014 at 5600 Effie Drive, Apopka", "link": "https://apopkafl.portal.civicclerk.com/event/1406/overview", "project_type": "site-plan", "multifamily": false, "address": "5600 Effie Drive", "parcel": null, "status": "heard", "first_seen": "2026-07-06", "units": null, "acres": null, "score": 0}}, {"type": "Feature", "geometry": {"type": "Point", "coordinates": [-81.540927985455, 28.662027927768]}, "properties": {"id": "ba106382cae43c67", "source": "apopka", "jurisdiction": "Apopka", "county": "Orange", "meeting_body": "Development Review Committee", "meeting_date": "2026-07-01", "title": "CSP-26-25 - The Ridge PD Parcel 9 - Construction Site Plan (CSP), (1st Submittal) Owner(s): Toll Southeast Company LP Applicant(s): VHB - James E. Hoffman P.E. Location: 1885 Boy Scout Road Proposed Use: Proposed development includes 41 single family units Project Manager: Jean Sanchez", "summary": "", "plain": "Site plan \u2014 at 1885 Boy Scout Road, Apopka", "link": "https://apopkafl.portal.civicclerk.com/event/1406/overview", "project_type": "site-plan", "multifamily": false, "address": "1885 Boy Scout Road", "parcel": null, "status": "heard", "first_seen": "2026-07-06", "units": null, "acres": null, "score": 0}}, {"type": "Feature", "geometry": {"type": "Point", "coordinates": [-81.542737394386, 28.750014315294]}, "properties": {"id": "12ab590b77bc2fdc", "source": "apopka", "jurisdiction": "Apopka", "county": "Orange", "meeting_body": "City Commission", "meeting_date": "2026-07-01", "title": "Ordinance No. 3158 - First Reading - Legislative - Small-Scale Future Land Use Amendment \u2013 4410 Chandler Road and 4420 Chandler Road Owner(s): Richard Chandler Applicant: Camila Neira Parcel Identification Number(s): 18-20-28-0000-00-030, 18-20-28-0000-00-063 Location: 4410 Chandler Road, 4420 Chandler Road Existing Future Land Use: Residential Very Low Suburban Proposed Future Land Use: Office Ex", "summary": "", "plain": "Land-use change \u00b7 5.12 ac \u2014 at 4410 Chandler Road, Apopka", "link": "https://apopkafl.portal.civicclerk.com/event/1492/overview", "project_type": "land-use", "multifamily": false, "address": "4410 Chandler Road", "parcel": null, "status": "heard", "first_seen": "2026-07-06", "units": null, "acres": 5.12, "score": 2}}, {"type": "Feature", "geometry": {"type": "Point", "coordinates": [-81.542737394386, 28.750014315294]}, "properties": {"id": "a804dab8faa94400", "source": "apopka", "jurisdiction": "Apopka", "county": "Orange", "meeting_body": "City Commission", "meeting_date": "2026-07-01", "title": "Ordinance Number 3159 \u2013 First Reading - Quasi-Judicial \u2013 Change of Zoning \u2013 4410 Chandler Road and 4420 Chandler Road Owner(s): Richard Chandler Applicant: Camila Neira Parcel Identification Number(s): 18-20-28-0000-00-030, 18-20-28-0000-00-063 Location: 4410 Chandler Road, 4420 Chandler Road Existing Zoning: RSF-1A (Residential Single-Family-Estate) Proposed Zoning: O (Office) Existing Use(s): Re", "summary": "", "plain": "Rezoning \u00b7 5.12 ac \u2014 at 4410 Chandler Road, Apopka", "link": "https://apopkafl.portal.civicclerk.com/event/1492/overview", "project_type": "rezoning", "multifamily": false, "address": "4410 Chandler Road", "parcel": null, "status": "heard", "first_seen": "2026-07-06", "units": null, "acres": 5.12, "score": 2}}, {"type": "Feature", "geometry": {"type": "Point", "coordinates": [-81.559153073509, 28.762370206752]}, "properties": {"id": "ed3475841c67bd2f", "source": "apopka", "jurisdiction": "Apopka", "county": "Orange", "meeting_body": "City Commission", "meeting_date": "2026-07-01", "title": "Ordinance No. 3165 \u2013 First Reading \u2013 Annexation \u2013 Bateman Properties Owner(s): LMB Capital, LLC Applicant(s): Denny Shiver Parcel Identification Number(s): 07-20-28-0000-00-029, 07-20-28-0000-00-049, and 07-20-28-0000-00-063 Location: 2850 and 2864 Dowman Drive Future Land Use: County Rural Zoning: County A-1 (Citrus Rural) Existing Use: Vacant Tract Size: 4.85 +/- acre(s) Project Manager: Jean Sa", "summary": "", "plain": "Land-use change \u00b7 4.85 ac \u2014 at 2850 and 2864 Dowman Drive, Apopka", "link": "https://apopkafl.portal.civicclerk.com/event/1492/overview", "project_type": "land-use", "multifamily": false, "address": "2850 and 2864 Dowman Drive", "parcel": null, "status": "heard", "first_seen": "2026-07-06", "units": null, "acres": 4.85, "score": 2}}, {"type": "Feature", "geometry": {"type": "Point", "coordinates": [-81.559153073509, 28.762370206752]}, "properties": {"id": "a700cfcf9b8f8998", "source": "apopka", "jurisdiction": "Apopka", "county": "Orange", "meeting_body": "Development Review Committee", "meeting_date": "2026-06-17", "title": "FLU-26-4 - Bateman Properties - Future Land Use (FLU), (1st Submittal) Owner(s): LMB Capital LLC Applicant(s): Denny Shiver Location: 2864 Dowman Drive Proposed Use: FLU amendment of three parcels totaling approx. 4.85 acres Project Manager: Jean Sanchez", "summary": "", "plain": "Land-use change \u00b7 4.85 ac \u2014 at 2864 Dowman Drive, Apopka", "link": "https://apopkafl.portal.civicclerk.com/event/1404/overview", "project_type": "land-use", "multifamily": false, "address": "2864 Dowman Drive", "parcel": null, "status": "heard", "first_seen": "2026-07-06", "units": null, "acres": 4.85, "score": 2}}, {"type": "Feature", "geometry": {"type": "Point", "coordinates": [-81.557706536506, 28.720726067144]}, "properties": {"id": "f540ba986fdd34b1", "source": "apopka", "jurisdiction": "Apopka", "county": "Orange", "meeting_body": "Development Review Committee", "meeting_date": "2026-06-17", "title": "PL-25-10 - Ridgebrook Plat - Plat Application (PL), (3rd Submittal) Owner(s): TPG AG EHC III (LEN) Multi State 5 LLC Applicant(s): G L Summitt Engineering Inc - Geoff Summitt Location: 2404 Plymouth Sorrento Road, 2260 Plymouth Sorrento Road and 2244 Sorrento Avenue Proposed Use: 86 Single Family Homes Project Manager: Amer Hamza", "summary": "", "plain": "Plat / subdivision \u2014 at 2404 Plymouth Sorrento Road, Apopka", "link": "https://apopkafl.portal.civicclerk.com/event/1404/overview", "project_type": "plat", "multifamily": false, "address": "2404 Plymouth Sorrento Road", "parcel": null, "status": "heard", "first_seen": "2026-07-06", "units": null, "acres": null, "score": 0}}, {"type": "Feature", "geometry": {"type": "Point", "coordinates": [-81.576840774844, 28.749264491359]}, "properties": {"id": "51c49fab2746de93", "source": "apopka", "jurisdiction": "Apopka", "county": "Orange", "meeting_body": "Development Review Committee", "meeting_date": "2026-06-17", "title": "CSP-26-22 - Wyld Oaks Cell Tower - Construction Site Plan (CSP), (1st Submittal) Owner(s): Kelly Park VB Development LLC Applicant(s): Kimley-Horn & Associates - Tommy O'Shea Location: 4112 Sadler Road Proposed Use: 120' Stealth Wireless Telecommunications Facility Project Manager: Jean Sanchez", "summary": "", "plain": "Site plan \u2014 at 4112 Sadler Road, Apopka", "link": "https://apopkafl.portal.civicclerk.com/event/1404/overview", "project_type": "site-plan", "multifamily": false, "address": "4112 Sadler Road", "parcel": null, "status": "heard", "first_seen": "2026-07-06", "units": null, "acres": null, "score": 0}}, {"type": "Feature", "geometry": {"type": "Point", "coordinates": [-81.563988669165, 28.727520912653]}, "properties": {"id": "57f5cda0fe06aef6", "source": "apopka", "jurisdiction": "Apopka", "county": "Orange", "meeting_body": "Development Review Committee", "meeting_date": "2026-06-17", "title": "CSP-25-39 - Wolf Lake Ranch Phase 2 - Construction Site Plan (CSP), (2nd Submittal) Owner(s): Roseville Farms LLC Applicant(s): Kimley-Horn and Associates - Joshua Enot Location: 3251 North Ponkan Road Proposed Use: Develop 59 Single Family Lots with Associated Infrastructure Project Manager: Jean Sanchez", "summary": "", "plain": "Site plan \u2014 at 3251 North Ponkan Road, Apopka", "link": "https://apopkafl.portal.civicclerk.com/event/1404/overview", "project_type": "site-plan", "multifamily": false, "address": "3251 North Ponkan Road", "parcel": null, "status": "heard", "first_seen": "2026-07-06", "units": null, "acres": null, "score": 0}}, {"type": "Feature", "geometry": {"type": "Point", "coordinates": [-81.5192499, 28.6665509]}, "properties": {"id": "ab14212a2fc06299", "source": "apopka", "jurisdiction": "Apopka", "county": "Orange", "meeting_body": "Development Review Committee", "meeting_date": "2026-06-10", "title": "CSP-26-8 - 7-11 Ocoee Apopka Road - Construction Site Plan (CSP), (2nd Submittal) Owner(s): Shoppes at East Shore LLC Applicant(s): Kimley Horn and Associates Inc - Derek Ramsburg Location: 2501 Ocoee Apopka Road Proposed Use: Convenience Store/Fuel Station Project Manager: Jean Sanchez", "summary": "", "plain": "Site plan \u2014 at 7-11 Ocoee Apopka Road, Apopka", "link": "https://apopkafl.portal.civicclerk.com/event/1457/overview", "project_type": "site-plan", "multifamily": false, "address": "7-11 Ocoee Apopka Road", "parcel": null, "status": "heard", "first_seen": "2026-07-06", "units": null, "acres": null, "score": 0}}, {"type": "Feature", "geometry": {"type": "Point", "coordinates": [-81.570086307107, 28.694488971457]}, "properties": {"id": "64630c77c64c1b60", "source": "apopka", "jurisdiction": "Apopka", "county": "Orange", "meeting_body": "Development Review Committee", "meeting_date": "2026-06-10", "title": "MDP-26-5 - 3716 Hogshead Road Warehouse - Construction Site Plan (CSP), (1st Submittal) Owner(s): Laurel Bodega LLC Applicant(s): DSE Engineering - Dave Schmitt Location: 3716 Hogshead Road Proposed Use: 30,000 SF Warehouse Project Manager: Jean Sanchez", "summary": "", "plain": "Site plan \u2014 at 3716 Hogshead Road, Apopka", "link": "https://apopkafl.portal.civicclerk.com/event/1457/overview", "project_type": "site-plan", "multifamily": false, "address": "3716 Hogshead Road", "parcel": null, "status": "heard", "first_seen": "2026-07-06", "units": null, "acres": null, "score": 0}}, {"type": "Feature", "geometry": {"type": "Point", "coordinates": [-81.574653434469, 28.771182859042]}, "properties": {"id": "550d09a802273b6f", "source": "apopka", "jurisdiction": "Apopka", "county": "Orange", "meeting_body": "Development Review Committee", "meeting_date": "2026-06-10", "title": "CSP-26-14 - Oakmoor (fka Ondich North) - Construction Site Plan (CSP), (2nd Submittal) Owner(s): HMF-LLC and PM S-1 REO LLC Applicant(s): 1828 Engineering LLC - Luke Classon Location: Oak Lane, 3845 Ondich Road, 4255 Ondich Road, and 4267 Ondich Road Proposed Use: Residential Subdivision with 196 Individual Single Family Lots Project Manager: Jean Sanchez", "summary": "", "plain": "Site plan \u2014 at 3845 Ondich Road, Apopka", "link": "https://apopkafl.portal.civicclerk.com/event/1457/overview", "project_type": "site-plan", "multifamily": false, "address": "3845 Ondich Road", "parcel": null, "status": "heard", "first_seen": "2026-07-06", "units": null, "acres": null, "score": 0}}, {"type": "Feature", "geometry": {"type": "Point", "coordinates": [-81.542737394386, 28.750014315294]}, "properties": {"id": "771f3630a3d9fcfd", "source": "apopka", "jurisdiction": "Apopka", "county": "Orange", "meeting_body": "Planning Commission", "meeting_date": "2026-06-09", "title": "Legislative \u2013 Ordinance Number 3158 \u2013 Small-Scale Future Land Use Amendment \u2013 4410 Chandler Road and 4420 Chandler Road Owner(s): Richard Chandler Applicant: Camila Neira Parcel Identification Number(s): 18-20-28-0000-00-030, 18-20-28-0000-00-063 Location: 4410 Chandler Road, 4420 Chandler Road Existing Future Land Use: Residential Very Low Suburban Proposed Future Land Use: Office Existing Use(s)", "summary": "", "plain": "Land-use change \u00b7 5.12 ac \u2014 at 4410 Chandler Road, Apopka", "link": "https://apopkafl.portal.civicclerk.com/event/1514/overview", "project_type": "land-use", "multifamily": false, "address": "4410 Chandler Road", "parcel": null, "status": "heard", "first_seen": "2026-07-06", "units": null, "acres": 5.12, "score": 2}}, {"type": "Feature", "geometry": {"type": "Point", "coordinates": [-81.542737394386, 28.750014315294]}, "properties": {"id": "be02ee0ecdf91513", "source": "apopka", "jurisdiction": "Apopka", "county": "Orange", "meeting_body": "Planning Commission", "meeting_date": "2026-06-09", "title": "Quasi-Judicial \u2013 Ordinance Number 3159 \u2013 Change of Zoning \u2013 4410 Chandler Road and 4420 Chandler Road Owner(s): Richard Chandler Applicant: Camila Neira Parcel Identification Number(s): 18-20-28-0000-00-030, 18-20-28-0000-00-063 Location: 4410 Chandler Road, 4420 Chandler Road Existing Zoning: RSF-1A (Residential Single-Family-Estate) Proposed Zoning: O (Office) Existing Use(s): Residential Existi", "summary": "", "plain": "Rezoning \u00b7 5.12 ac \u2014 at 4410 Chandler Road, Apopka", "link": "https://apopkafl.portal.civicclerk.com/event/1514/overview", "project_type": "rezoning", "multifamily": false, "address": "4410 Chandler Road", "parcel": null, "status": "heard", "first_seen": "2026-07-06", "units": null, "acres": 5.12, "score": 2}}, {"type": "Feature", "geometry": {"type": "Point", "coordinates": [-81.550493188057, 28.752714314852]}, "properties": {"id": "b6a32150320d9deb", "source": "apopka", "jurisdiction": "Apopka", "county": "Orange", "meeting_body": "Development Review Committee", "meeting_date": "2026-06-03", "title": "PL-26-1 - Chandler Row Plat (fka INB Homes) Plat Application (PL), (2nd Submittal) Owner(s): MRP HNHB LLC Applicant(s): Kimley Horn and Associates - Brian Ashby Location: 4648 Chandler Road Proposed Use: Residential Development for 240 lots Project Manager: Bobby Howell, AICP", "summary": "", "plain": "Plat / subdivision \u2014 at 4648 Chandler Road, Apopka", "link": "https://apopkafl.portal.civicclerk.com/event/1402/overview", "project_type": "plat", "multifamily": false, "address": "4648 Chandler Road", "parcel": null, "status": "heard", "first_seen": "2026-07-06", "units": null, "acres": null, "score": 0}}, {"type": "Feature", "geometry": {"type": "Point", "coordinates": [-81.421403799121, 28.300822190515]}, "properties": {"id": "6566cb8782989629", "source": "kissimmee", "jurisdiction": "Kissimmee", "county": "Osceola", "meeting_body": "General", "meeting_date": "2026-09-01", "title": "SR-26-0007, 21-25-29-1670-0046-0180, 1720 W Oak St, Final Plat", "summary": "", "plain": "Plat / subdivision \u2014 at 1720 W Oak St, Kissimmee", "link": "https://kissimmeefl.portal.civicclerk.com/event/2473/overview", "project_type": "plat", "multifamily": false, "address": "1720 W Oak St", "parcel": "21-25-29-1670-0046-0180", "status": "heard", "first_seen": "2026-09-01", "units": null, "acres": null, "score": 0}}, {"type": "Feature", "geometry": {"type": "Point", "coordinates": [-81.4775514, 28.2641418]}, "properties": {"id": "a1bea80acf84493b", "source": "kissimmee", "jurisdiction": "Kissimmee", "county": "Osceola", "meeting_body": "General", "meeting_date": "2026-09-01", "title": "SR-26-0006, 35-25-28-1612-0001-2470, 5222 Worchester Dr, Final Plat", "summary": "", "plain": "Plat / subdivision \u2014 at 5222 Worchester Dr, Kissimmee", "link": "https://kissimmeefl.portal.civicclerk.com/event/2473/overview", "project_type": "plat", "multifamily": false, "address": "5222 Worchester Dr", "parcel": "35-25-28-1612-0001-2470", "status": "heard", "first_seen": "2026-09-01", "units": null, "acres": null, "score": 0}}, {"type": "Feature", "geometry": {"type": "Point", "coordinates": [-81.414386654869, 28.292862493751]}, "properties": {"id": "2b4c044d5f8c4ab7", "source": "kissimmee", "jurisdiction": "Kissimmee", "county": "Osceola", "meeting_body": "General", "meeting_date": "2026-09-01", "title": "SR-26-0005, 21-25-29-1920-000S-0010, 118 N Dillingham Ave, Final Plat", "summary": "", "plain": "Plat / subdivision \u2014 at 118 N Dillingham Ave, Kissimmee", "link": "https://kissimmeefl.portal.civicclerk.com/event/2473/overview", "project_type": "plat", "multifamily": false, "address": "118 N Dillingham Ave", "parcel": null, "status": "heard", "first_seen": "2026-09-01", "units": null, "acres": null, "score": 0}}, {"type": "Feature", "geometry": {"type": "Point", "coordinates": [-81.4007761, 28.3180724]}, "properties": {"id": "88fc07c1028c9236", "source": "kissimmee", "jurisdiction": "Kissimmee", "county": "Osceola", "meeting_body": "General", "meeting_date": "2026-09-01", "title": "CU-26-0019, 15-25-29-1007-0001-0160, 0 Greenup St, Conditional Use Site Plan", "summary": "", "plain": "Site plan \u2014 at 0 Greenup St, Kissimmee", "link": "https://kissimmeefl.portal.civicclerk.com/event/2473/overview", "project_type": "site-plan", "multifamily": false, "address": "0 Greenup St", "parcel": "15-25-29-1007-0001-0160", "status": "heard", "first_seen": "2026-09-01", "units": null, "acres": null, "score": 0}}, {"type": "Feature", "geometry": {"type": "Point", "coordinates": [-81.271241565836, 28.24604749424]}, "properties": {"id": "1356fb8fa52ea66e", "source": "st-cloud", "jurisdiction": "St. Cloud", "county": "Osceola", "meeting_body": "General", "meeting_date": "2026-08-20", "title": "PUBLIC HEARING FOR RESOLUTION NO. 2026-097R, a resolution of the City Council of the City of St. Cloud, Florida, granting a conditional use for a \"Clairvoyant\" use in the Highway Business \u201cHB\u201d Zoning District on +/- 1.69 acres known as Divine Guidance, Project #CNU26-00002, located at 200 13th Street Suite A, allowing the applicant to provide Palm and Card Reading Services, as described in the bod", "summary": "", "plain": "Special exception \u00b7 1.69 ac \u2014 at 200 13th Street, St. Cloud", "link": "https://stcloudfl.portal.civicclerk.com/event/207/overview", "project_type": "special-exception", "multifamily": false, "address": "200 13th Street", "parcel": null, "status": "heard", "first_seen": "2026-08-15", "units": null, "acres": 1.69, "score": 0}}, {"type": "Feature", "geometry": {"type": "Point", "coordinates": [-81.317128302593, 28.25358490075]}, "properties": {"id": "bcbb0624a0eef36f", "source": "st-cloud", "jurisdiction": "St. Cloud", "county": "Osceola", "meeting_body": "General", "meeting_date": "2026-07-16", "title": "PUBLIC HEARING FOR RESOLUTION NO. 2026-079R, a resolution of the City Council of the City of St. Cloud, Florida, granting a conditional use for an \"Alcoholic Beverage Establishment\" at 4415 13th Street in the Highway Business \u201cHB\u201d Zoning District on the +/- 13.53 acres of land known as Dylan Plaza; allowing the applicant to serve beer and wine as an accessory to their primary business for \"Barbers", "summary": "", "plain": "Special exception \u00b7 13.53 ac \u2014 at 4415 13th Street, St. Cloud", "link": "https://stcloudfl.portal.civicclerk.com/event/205/overview", "project_type": "special-exception", "multifamily": false, "address": "4415 13th Street", "parcel": null, "status": "heard", "first_seen": "2026-07-11", "units": null, "acres": 13.53, "score": 1}}, {"type": "Feature", "geometry": {"type": "Point", "coordinates": [-81.432382366769, 28.523225957804]}, "properties": {"id": "ebc0c488adf426cc", "source": "orlando", "jurisdiction": "City of Orlando", "county": "Orange", "meeting_body": "City Council Meeting", "meeting_date": "2026-07-13", "title": "Ordinance No. 2026-19 Amending the City\u2019s Growth Management Plan to Change the Future Land Use Map Designation for Certain Land Generally Located West of Aaron Avenue, East of S. Ivey Lane, North of Cassius Street and South of Cepeda Street and Comprised of 4.2 Acres of Land, More or Less, from Public Recreation and Institutional to Residential Low Intensity (GMP2025-10017, 1600 Aaron Ave) (Econom", "summary": "District: 6", "plain": "Land-use change \u00b7 4.2 ac \u2014 at 1600 Aaron Ave, Orlando", "link": "https://pub-orlando.escribemeetings.com/Meeting.aspx?Id=34e4ea13-359d-4e3c-a2fe-68b60649ec66&Agenda=Agenda&lang=English#AgendaItemAgendaItem9985TitleHeader", "project_type": "land-use", "multifamily": false, "address": "1600 Aaron Ave", "parcel": null, "status": "heard", "first_seen": "2026-07-08", "units": null, "acres": 4.2, "score": 2}}, {"type": "Feature", "geometry": {"type": "Point", "coordinates": [-81.432382366769, 28.523225957804]}, "properties": {"id": "422c98c46e3331ab", "source": "orlando", "jurisdiction": "City of Orlando", "county": "Orange", "meeting_body": "City Council Meeting", "meeting_date": "2026-06-22", "title": "Ordinance 2026-19 amending the City\u2019s Growth Management Plan to change the Future Land Use Map designation for certain land generally located west of Aaron Avenue, east of S. Ivey Lane, north of Cassius Street and south of Cepeda Street and comprised of 4.2 acres of land, more or less, from Public Recreation and Institutional to Residential Low Intensity (GMP2025-10017, 1600 Aaron Ave) (Economic D", "summary": "District: 6", "plain": "Land-use change \u00b7 4.2 ac \u2014 at 1600 Aaron Ave, Orlando", "link": "https://pub-orlando.escribemeetings.com/Meeting.aspx?Id=f375ccaa-1a46-48df-95fb-b0fb1218c722&Agenda=Agenda&lang=English#AgendaItemAgendaItem9864TitleHeader", "project_type": "land-use", "multifamily": false, "address": "1600 Aaron Ave", "parcel": null, "status": "heard", "first_seen": "2026-07-06", "units": null, "acres": 4.2, "score": 2}}, {"type": "Feature", "geometry": {"type": "Point", "coordinates": [-81.432382366769, 28.523225957804]}, "properties": {"id": "ddc001bb929823b8", "source": "orlando", "jurisdiction": "City of Orlando", "county": "Orange", "meeting_body": "City Council Meeting", "meeting_date": "2026-06-22", "title": "Ordinance No. 2026-21, An Ordinance of the City Council of the City of Orlando, Florida, Rezoning Certain Land Generally Located West of Aaron Avenue, East of S. Ivey Lane, North of Cassius Street and South of the Cepeda Street R-O-W and Comprised of 4.2 Acres of Land, More or Less, from Public Use (P) to Planned Development (PD) (1600 Aaron Avenue PD, Case #ZON2025-10010) (Economic Development)", "summary": "District: 6", "plain": "Rezoning \u00b7 4.2 ac \u2014 at 1600 Aaron Avenue, Orlando", "link": "https://pub-orlando.escribemeetings.com/Meeting.aspx?Id=f375ccaa-1a46-48df-95fb-b0fb1218c722&Agenda=Agenda&lang=English#AgendaItemAgendaItem9863TitleHeader", "project_type": "rezoning", "multifamily": false, "address": "1600 Aaron Avenue", "parcel": null, "status": "heard", "first_seen": "2026-07-06", "units": null, "acres": 4.2, "score": 2}}, {"type": "Feature", "geometry": {"type": "Point", "coordinates": [-81.432382366769, 28.523225957804]}, "properties": {"id": "47728c808ad92cdf", "source": "orlando", "jurisdiction": "City of Orlando", "county": "Orange", "meeting_body": "City Council Meeting", "meeting_date": "2026-06-22", "title": "Recommended Order for 1600 Aaron Avenue (Orlando Brazilian Seventh Day Adventist Church) Planned Development (QJ2026-002) (Economic Development)", "summary": "District: 6", "plain": "Planned development (PUD) \u2014 at 1600 Aaron Avenue, Orlando", "link": "https://pub-orlando.escribemeetings.com/Meeting.aspx?Id=f375ccaa-1a46-48df-95fb-b0fb1218c722&Agenda=Agenda&lang=English#AgendaItemAgendaItem9895TitleHeader", "project_type": "pud", "multifamily": false, "address": "1600 Aaron Avenue", "parcel": null, "status": "heard", "first_seen": "2026-07-06", "units": null, "acres": null, "score": 1}}, {"type": "Feature", "geometry": {"type": "Point", "coordinates": [-81.355666646231, 28.665088509055]}, "properties": {"id": "3e9722e1ae8754f3", "source": "altamonte-springs", "jurisdiction": "Altamonte Springs", "county": "Seminole", "meeting_body": "City Commission", "meeting_date": "2026-07-07", "title": "REQUEST FOR APPROVAL Petition to Annex \u2013 105 Station Street", "summary": "REQUEST FOR APPROVAL Petition to Annex \u2013 105 Station Street", "plain": "Annexation \u2014 at 105 Station Street, Altamonte Springs", "link": "https://www.altamonte.org/AgendaCenter/ViewFile/Agenda/_07072026-353", "project_type": "annexation", "multifamily": false, "address": "105 Station Street", "parcel": null, "status": "heard", "first_seen": "2026-07-06", "units": null, "acres": null, "score": 0}}, {"type": "Feature", "geometry": {"type": "Point", "coordinates": [-82.369556130354, 28.169936426027]}, "properties": {"id": "f4f8bc590482d79a", "source": "hillsborough-county", "jurisdiction": "Hillsborough County", "county": "Hillsborough", "meeting_body": "Zoning Hearing Master", "meeting_date": "2026-08-24", "title": "Application Number:\r\nMM 26-0215\r\nApplicant:\r\nFLORIDA CONFERENCE ASSOCIATION OF SEVENTH-DAY\r\n\r\nADVENTISTS\r\nLocation: \r\n5585 E County Line Rd.\r\nFolio Number: \r\n32903.0010\r\nAcreage (+/-):\r\n42.84 acres, more or less\r\nComprehensive Plan:\r\nNMU-4(3)\r\nService Area:\r\nUrban\r\nExisting Zoning:\r\nPD (18-0296)\r\nRequest:\r\nMajor Modification to Planned Development", "summary": "", "plain": "Planned development (PUD) \u00b7 42.84 ac \u2014 at 5585 E County Line Rd, Hillsborough County", "link": "https://hillsboroughcounty.legistar.com/LegislationDetail.aspx?ID=7921049&GUID=921C5828-1416-4552-92A3-640FB1AEAD06&G=3144BC14-0EA0-4A0F-BC83-C4F8B333D0E8&Options=&Search=", "project_type": "pud", "multifamily": false, "address": "5585 E County Line Rd", "parcel": null, "status": "heard", "first_seen": "2026-08-26", "units": null, "acres": 42.84, "score": 2}}, {"type": "Feature", "geometry": {"type": "Point", "coordinates": [-82.346209990941, 27.991644687342]}, "properties": {"id": "cd58c6d5d080f60f", "source": "hillsborough-county", "jurisdiction": "Hillsborough County", "county": "Hillsborough", "meeting_body": "Zoning Hearing Master", "meeting_date": "2026-08-24", "title": "Application Number:\tRZ-PD 26-0283\t\nApplicant:\tTODD PRESSMAN\t\nLocation: \t9304 Paradise Dr.\t\nFolio Number: \t65290.0000\t\nAcreage (+/-):\t96.54 acres, more or less\t\nComprehensive Plan:\tCMU-12\t\nService Area:\tUrban\t\nExisting Zoning:\tPD (92-0077), AS-1, RSC-6 (MH), & CN\t\nRequest:\tRezone to Planned Development", "summary": "", "plain": "Rezoning \u00b7 96.54 ac \u2014 at 9304 Paradise Dr, Hillsborough County", "link": "https://hillsboroughcounty.legistar.com/LegislationDetail.aspx?ID=7953530&GUID=BBCAE642-CC10-49E9-ABBF-FDC8D5D1042D&G=3144BC14-0EA0-4A0F-BC83-C4F8B333D0E8&Options=&Search=", "project_type": "rezoning", "multifamily": false, "address": "9304 Paradise Dr", "parcel": null, "status": "heard", "first_seen": "2026-09-03", "units": null, "acres": 96.54, "score": 2}}, {"type": "Feature", "geometry": {"type": "Point", "coordinates": [-82.412202818982, 28.171160582931]}, "properties": {"id": "64c7a09214b23cb6", "source": "hillsborough-county", "jurisdiction": "Hillsborough County", "county": "Hillsborough", "meeting_body": "Zoning Hearing Master", "meeting_date": "2026-08-24", "title": "Application Number:\tMM 26-0546\t\nApplicant:\tCROWN CASTLE USA\t\nLocation: \t3611 E County Line Rd.\t\nFolio Number: \t32934.0100\t\nAcreage (+/-):\t15.02 acres, more or less\t\nComprehensive Plan:\tR-1\t\nService Area:\tRural\t\nExisting Zoning:\tPD (98-0780)\t\nRequest:\tMajor Modification to Planned Development", "summary": "", "plain": "Planned development (PUD) \u00b7 15.02 ac \u2014 at 3611 E County Line Rd, Hillsborough County", "link": "https://hillsboroughcounty.legistar.com/LegislationDetail.aspx?ID=8035225&GUID=C79D9B49-7E21-4E3A-AFE0-A1E3C09757CA&G=3144BC14-0EA0-4A0F-BC83-C4F8B333D0E8&Options=&Search=", "project_type": "pud", "multifamily": false, "address": "3611 E County Line Rd", "parcel": null, "status": "heard", "first_seen": "2026-09-03", "units": null, "acres": 15.02, "score": 2}}, {"type": "Feature", "geometry": {"type": "Point", "coordinates": [-82.375165343884, 27.84978913102]}, "properties": {"id": "bf377226c4b78908", "source": "hillsborough-county", "jurisdiction": "Hillsborough County", "county": "Hillsborough", "meeting_body": "Zoning Hearing Master", "meeting_date": "2026-08-24", "title": "Application Number:\r\nRZ-PD 26-0706\r\nApplicant:\r\nSAMIE ASSET MANAGEMENT, LLC.\r\nLocation: \r\n7310 Gibsonton Dr.\r\nFolio Number: \r\n49345.0000\r\nAcreage (+/-):\r\n0.627 acres, more or less\r\nComprehensive Plan:\r\nR-4\r\nService Area:\r\nUrban\r\nExisting Zoning:\r\nRSC-6 (MH)\r\nRequest:\r\nRezone to Planned Development", "summary": "", "plain": "Rezoning \u00b7 0.627 ac \u2014 at 7310 Gibsonton Dr, Hillsborough County", "link": "https://hillsboroughcounty.legistar.com/LegislationDetail.aspx?ID=8136335&GUID=9539EB69-30E9-45D9-867E-84538AC3777F&G=3144BC14-0EA0-4A0F-BC83-C4F8B333D0E8&Options=&Search=", "project_type": "rezoning", "multifamily": false, "address": "7310 Gibsonton Dr", "parcel": null, "status": "heard", "first_seen": "2026-08-26", "units": null, "acres": 0.627, "score": 1}}, {"type": "Feature", "geometry": {"type": "Point", "coordinates": [-82.463880233571, 28.151018090759]}, "properties": {"id": "8399ae1a9cc1d131", "source": "hillsborough-county", "jurisdiction": "Hillsborough County", "county": "Hillsborough", "meeting_body": "Zoning Hearing Master", "meeting_date": "2026-08-24", "title": "Application Number:\r\nRZ-PD 26-0801\r\nApplicant:\r\nLEARNING GATE COMMUNITY SCHOOL, INC.\r\nLocation: \r\n207 W Lutz Lake Fern Rd.\r\nFolio Number: \r\n13660.0000\r\nAcreage (+/-):\r\n3.78 acres, more or less\r\nComprehensive Plan:\r\nR-6\r\nService Area:\r\nRural\r\nExisting Zoning:\r\nLDC\r\nRequest:\r\nRezone to a Planned Development", "summary": "", "plain": "Rezoning \u00b7 3.78 ac \u2014 at 207 W Lutz Lake Fern Rd, Hillsborough County", "link": "https://hillsboroughcounty.legistar.com/LegislationDetail.aspx?ID=8136339&GUID=83E5B12D-E8BE-4786-9ED5-6F4961959F1B&G=3144BC14-0EA0-4A0F-BC83-C4F8B333D0E8&Options=&Search=", "project_type": "rezoning", "multifamily": false, "address": "207 W Lutz Lake Fern Rd", "parcel": null, "status": "heard", "first_seen": "2026-08-26", "units": null, "acres": 3.78, "score": 2}}, {"type": "Feature", "geometry": {"type": "Point", "coordinates": [-82.0493113, 29.0572486]}, "properties": {"id": "732fa4e034285155", "source": "hillsborough-county", "jurisdiction": "Hillsborough County", "county": "Hillsborough", "meeting_body": "Zoning Hearing Master", "meeting_date": "2026-08-24", "title": "Application Number:\r\nRZ-STD 26-1158\r\nApplicant:\r\nMANISH R. PATEL\r\nLocation: \r\n11315 N 301 Hwy.\r\nFolio Number: \r\n61126.0000\r\nAcreage (+/-):\r\n5 acres, more or less\r\nComprehensive Plan:\r\nR-4\r\nService Area:\r\nUrban\r\nExisting Zoning:\r\nCN-R\r\nRequest:\r\nRezone to CI", "summary": "", "plain": "Rezoning \u00b7 5 ac \u2014 at 11315 N 301 Hwy, Hillsborough County", "link": "https://hillsboroughcounty.legistar.com/LegislationDetail.aspx?ID=8176094&GUID=69E77BAC-7910-46B7-95B3-FD8CB624BEE1&G=3144BC14-0EA0-4A0F-BC83-C4F8B333D0E8&Options=&Search=", "project_type": "rezoning", "multifamily": false, "address": "11315 N 301 Hwy", "parcel": null, "status": "heard", "first_seen": "2026-08-26", "units": null, "acres": 5.0, "score": 2}}, {"type": "Feature", "geometry": {"type": "Point", "coordinates": [-82.505221259795, 28.040078275805]}, "properties": {"id": "b87cf4e94c7d3cf3", "source": "hillsborough-county", "jurisdiction": "Hillsborough County", "county": "Hillsborough", "meeting_body": "Zoning Hearing Master", "meeting_date": "2026-08-24", "title": "Application Number:  \tRZ-STD 26-1168\t\nApplicant:\tLARRY POLINER, P.E. RCE CONSULTANTS, LLC\t\nLocation:   \t3810 W Linebaugh Ave.\t\nFolio Number: \t24030.0000\t\nAcreage:    \t0.45 acres, more or less\t\nCommissioner District:\tDistrict 2\t\nComprehensive Plan:   \tOC-20\t\nService Area:    \tUrban\t\nCommunity Plan:    \tGreater Carrollwood-Northdale\t\nExisting Zoning:    \tCG (16-0374)\t\nRequest:     \tRezone to CG(R)\t\n", "summary": "", "plain": "Rezoning \u00b7 0.45 ac \u2014 at 3810 W Linebaugh Ave, Hillsborough County", "link": "https://hillsboroughcounty.legistar.com/LegislationDetail.aspx?ID=8176095&GUID=E22D1959-D734-4947-8001-AFA7EB13BE82&G=3144BC14-0EA0-4A0F-BC83-C4F8B333D0E8&Options=&Search=", "project_type": "rezoning", "multifamily": false, "address": "3810 W Linebaugh Ave", "parcel": null, "status": "heard", "first_seen": "2026-08-26", "units": null, "acres": 0.45, "score": 1}}, {"type": "Feature", "geometry": {"type": "Point", "coordinates": [-82.510370986868, 28.025407453754]}, "properties": {"id": "2bcc8b00d1af8ca4", "source": "hillsborough-county", "jurisdiction": "Hillsborough County", "county": "Hillsborough", "meeting_body": "Zoning Hearing Master", "meeting_date": "2026-08-24", "title": "Application Number:  \tRZ-PD 26-0445\t\nApplicant:\tTODD PRESSMAN\t\nLocation:   \t4020 W Waters Ave.\t\nFolio Number: \t27124.0000\t\nAcreage:    \t0.55 acres, more or less\t\nCommissioner District:\tDistrict 1\t\nComprehensive Plan:   \tRES-12\t\nService Area:    \tUrban\t\nCommunity Plan:    \tNone\t\nExisting Zoning:    \tCG\t\nRequest:     \tRezone to PD\t\nRECOMMENDATION: \t\t\nZoning Hearing Master:   \t(Delete and Enter Text)", "summary": "", "plain": "Rezoning \u00b7 0.55 ac \u2014 at 4020 W Waters Ave, Hillsborough County", "link": "https://hillsboroughcounty.legistar.com/LegislationDetail.aspx?ID=8035223&GUID=58409D5A-790F-47FF-91F3-EF9660E633C5&G=3144BC14-0EA0-4A0F-BC83-C4F8B333D0E8&Options=&Search=", "project_type": "rezoning", "multifamily": false, "address": "4020 W Waters Ave", "parcel": null, "status": "heard", "first_seen": "2026-08-26", "units": null, "acres": 0.55, "score": 1}}, {"type": "Feature", "geometry": {"type": "Point", "coordinates": [-82.30563889117, 27.770190483359]}, "properties": {"id": "5cd978b1b53711ca", "source": "hillsborough-county", "jurisdiction": "Hillsborough County", "county": "Hillsborough", "meeting_body": "Zoning Hearing Master", "meeting_date": "2026-08-24", "title": "Application Number:  \tRZ-PD 26-0671\t\nApplicant:\tBALM RD LLC\t\nLocation:   \t11608 672 Hwy & 11646 579 Hwy.\t\nFolio Number: \t77791.0300 & 77793.0025\t\nAcreage:    \t79.9 acres, more or less\t\nCommissioner District:\tDistrict 3\t\nComprehensive Plan:   \tRES-4\t\nService Area:    \tUrban\t\nCommunity Plan:    \tBalm, Riverview & SouthShore Areawide Systems\t\nExisting Zoning:    \tAR & PD (93-0005)\t\nRequest:     \tRezo", "summary": "", "plain": "Rezoning \u00b7 79.9 ac \u2014 at 11608 672 Hwy, Hillsborough County", "link": "https://hillsboroughcounty.legistar.com/LegislationDetail.aspx?ID=8073174&GUID=C9A67C86-F9CD-42DA-BDDB-F856CBE7DA7E&G=3144BC14-0EA0-4A0F-BC83-C4F8B333D0E8&Options=&Search=", "project_type": "rezoning", "multifamily": false, "address": "11608 672 Hwy", "parcel": null, "status": "heard", "first_seen": "2026-08-26", "units": null, "acres": 79.9, "score": 2}}, {"type": "Feature", "geometry": {"type": "Point", "coordinates": [-81.2336924, 28.2687544]}, "properties": {"id": "73a38135e0643a26", "source": "hillsborough-county", "jurisdiction": "Hillsborough County", "county": "Hillsborough", "meeting_body": "Zoning Hearing Master", "meeting_date": "2026-08-24", "title": "Application Number:  \tRZ-PD 26-0673\t\nApplicant:\tCORPORATION TO DEVELOP COMMUNITIES OF TAMPA INC.\t\nLocation:   \tSE Corner of E 23rd Ave & N 65th St.\t\nFolio Number: \t42387.0000 & 42388.0000\t\nAcreage:    \t1.71 acres, more or less\t\nCommissioner District:\tDistrict 3\t\nComprehensive Plan:   \tRES-12\t\nService Area:    \tUrban\t\nCommunity Plan:    \tEast Lake-Orient Park\t\nExisting Zoning:    \tRSC-9\t\nRequest:  ", "summary": "File #: RZ-PD 26-0673 Type: Consent Agenda Status: Held In control: BOCC Land Use On agenda: 10/13/2026 Final action: Title: Application Number:\t \n\tRZ-PD 26-0673\n\t\n\tApplicant:\n\tCORPORATION TO DEVELOP COMMUNITIES OF TAMPA INC.\n\t\n\tLocation: \t \n\tSE Corner of E 23rd Ave & N 65th St.\n\t\n\tFolio Number: \n\t42387.0000 & 42388.0000\n\t\n\tAcreage:\t\t\t \n\t1.71 acres, more or less\n\t\n\tCommissioner District:\n\tDistrict", "plain": "Rezoning \u00b7 1.71 ac \u2014 at 23 rd, Hillsborough County", "link": "https://hillsboroughcounty.legistar.com/LegislationDetail.aspx?ID=8073176&GUID=FDE57011-3A66-4B9F-B17B-B7206B7B9C91&G=3144BC14-0EA0-4A0F-BC83-C4F8B333D0E8&Options=&Search=", "project_type": "rezoning", "multifamily": false, "address": "23 rd", "parcel": null, "status": "heard", "first_seen": "2026-08-26", "units": null, "acres": 1.71, "score": 1}}, {"type": "Feature", "geometry": {"type": "Point", "coordinates": [-85.5296391, 30.7778617]}, "properties": {"id": "aac7cb0b5f508fdf", "source": "hillsborough-county", "jurisdiction": "Hillsborough County", "county": "Hillsborough", "meeting_body": "Zoning Hearing Master", "meeting_date": "2026-08-24", "title": "Application Number:\tRZ-PD 26-0803\t\r\nApplicant:\t22ND AVENUE TAMPA, LLC\t\r\nLocation: \tNE Corner of N 22nd st & Blue Rock Dr.\t\r\nFolio Number: \t36274.0302, 36298.0000, 36087.0000 + Multiple\t\r\nAcreage (+/-):\t22.2 acres, more or less\t\r\nComprehensive Plan:\tR-20\t\r\nService Area:\tUrban\t\r\nExisting Zoning:\tPD 85-0286 & SPI-UC-2\t\r\nRequest:\tRezone to a Planned Development", "summary": "File #: RZ-PD 26-0803 Type: Rezoning-Planned Development District & Major Modification District Status: Held In control: Zoning Hearing Master On agenda: 8/24/2026 Final action: 8/24/2026 Title: Application Number:\nRZ-PD 26-0803\nApplicant:\n22ND AVENUE TAMPA, LLC\nLocation: \nNE Corner of N 22nd st & Blue Rock Dr.\nFolio Number: \n36274.0302, 36298.0000, 36087.0000 + Multiple\nAcreage (+/-):\n22.2 acres,", "plain": "Rezoning \u00b7 22.2 ac \u2014 at 22 ND AVENUE, Hillsborough County", "link": "https://hillsboroughcounty.legistar.com/LegislationDetail.aspx?ID=8136341&GUID=2652795B-16AF-4B07-881A-8159AA82F477&G=3144BC14-0EA0-4A0F-BC83-C4F8B333D0E8&Options=&Search=", "project_type": "rezoning", "multifamily": false, "address": "22 ND AVENUE", "parcel": null, "status": "heard", "first_seen": "2026-07-29", "units": null, "acres": 22.2, "score": 2}}, {"type": "Feature", "geometry": {"type": "Point", "coordinates": [-82.558237777719, 28.080809190901]}, "properties": {"id": "0912a6e49d180bdf", "source": "hillsborough-county", "jurisdiction": "Hillsborough County", "county": "Hillsborough", "meeting_body": "Zoning Hearing Master", "meeting_date": "2026-08-24", "title": "Application Number:  \tRZ-PD 26-0974\t\nApplicant:\tLEADERS COMPANIES, LLC\t\nLocation:   \t14702 Bellamy Rd & 5911 Ehrlich Rd.\t\nFolio Number: \t2990.0100 & 2990.0300\t\nAcreage:    \t3.4 acres, more or less\t\nCommissioner District:\tDistrict 2\t\nComprehensive Plan:   \tRES-4\t\nService Area:    \tUrban\t\nCommunity Plan:    \tGreater Carrollwood-Northdale\t\nExisting Zoning:    \tAS-1\t\nRequest:     \tRezone to PD\t\nRECOMM", "summary": "", "plain": "Rezoning \u00b7 3.4 ac \u2014 at 14702 Bellamy Rd, Hillsborough County", "link": "https://hillsboroughcounty.legistar.com/LegislationDetail.aspx?ID=8176093&GUID=02037754-5948-408E-AB41-EB2B0B7B9D3D&G=3144BC14-0EA0-4A0F-BC83-C4F8B333D0E8&Options=&Search=", "project_type": "rezoning", "multifamily": false, "address": "14702 Bellamy Rd", "parcel": null, "status": "heard", "first_seen": "2026-08-26", "units": null, "acres": 3.4, "score": 2}}, {"type": "Feature", "geometry": {"type": "Point", "coordinates": [-82.45004667295, 28.105313958194]}, "properties": {"id": "c7b2730a672a7ea6", "source": "hillsborough-county", "jurisdiction": "Hillsborough County", "county": "Hillsborough", "meeting_body": "Zoning Hearing Master", "meeting_date": "2026-08-24", "title": "Application Number:\r\nRZ-PD 26-0802\r\nApplicant:\r\nLEARNING GATE COMMUNITY SCHOOL, INC.\r\nLocation: \r\n16215 Hanna Rd.\r\nFolio Number: \r\n34125.0100\r\nAcreage (+/-):\r\n26.78 acres, more or less\r\nComprehensive Plan:\r\nR-1\r\nService Area:\r\nRural\r\nExisting Zoning:\r\nASC-1\r\nRequest:\r\nRezone to a Planned Development", "summary": "", "plain": "Rezoning \u00b7 26.78 ac \u2014 at 16215 Hanna Rd, Hillsborough County", "link": "https://hillsboroughcounty.legistar.com/LegislationDetail.aspx?ID=8136340&GUID=73B85C48-A9A7-401B-8CC4-28BFD0682E41&G=3144BC14-0EA0-4A0F-BC83-C4F8B333D0E8&Options=&Search=", "project_type": "rezoning", "multifamily": false, "address": "16215 Hanna Rd", "parcel": null, "status": "heard", "first_seen": "2026-08-26", "units": null, "acres": 26.78, "score": 2}}, {"type": "Feature", "geometry": {"type": "Point", "coordinates": [-82.474338095081, 28.081782010731]}, "properties": {"id": "0d28ec765ddca754", "source": "hillsborough-county", "jurisdiction": "Hillsborough County", "county": "Hillsborough", "meeting_body": "BOCC Land Use", "meeting_date": "2026-08-11", "title": "Application Number:  \tRZ-STD 26-0786\t\r\nApplicant:\tJAN DE LUZ\t\r\nLocation:   \t1217 Leisure Ave.\t\r\nFolio Number: \t18376.5000\t\r\nAcreage:    \t1.88 acres, more or less\t\r\nCommissioner District:\tDistrict 2\t\r\nComprehensive Plan:   \tRES-4\t\r\nService Area:    \tUrban\t\r\nCommunity Plan:    \tGreater Carrollwood-Northdale\t\r\nExisting Zoning:    \tRSC-4\t\r\nRequest:     \tRezone to RSC-6 (R)\t\r\nRECOMMENDATION: \t\t\r\nZoning", "summary": "", "plain": "Rezoning \u00b7 1.88 ac \u2014 at 1217 Leisure Ave, Hillsborough County", "link": "https://hillsboroughcounty.legistar.com/LegislationDetail.aspx?ID=8073178&GUID=EBC55991-400C-468D-B39F-C7AD10080AB0&G=3144BC14-0EA0-4A0F-BC83-C4F8B333D0E8&Options=&Search=", "project_type": "rezoning", "multifamily": false, "address": "1217 Leisure Ave", "parcel": null, "status": "heard", "first_seen": "2026-07-31", "units": null, "acres": 1.88, "score": 1}}, {"type": "Feature", "geometry": {"type": "Point", "coordinates": [-82.536951511598, 28.084729620018]}, "properties": {"id": "b1fcf0a4d103e15b", "source": "hillsborough-county", "jurisdiction": "Hillsborough County", "county": "Hillsborough", "meeting_body": "BOCC Land Use", "meeting_date": "2026-08-11", "title": "Application Number:  \tPRS 26-1181\t\r\nApplicant:\tRON SPOOR WITH HABITAT FOR HUMANITY OF\t\r\n\tHILLSBOROUGH COUNTY FL, INC\t\r\nLocation:   \t5203 Ehrlich Rd.\t\r\nFolio Number: \t16232.0100\t\r\nAcreage:    \t3.18 acres, more or less\t\r\nCommissioner District:\tDistrict 2\t\r\nComprehensive Plan:   \tRES-4\t\r\nService Area:    \tUrban\t\r\nCommunity Plan:    \tGreater Carrollwood Northdale\t\r\nExisting Zoning:    \tPD (85-0486)\t\r\n", "summary": "", "plain": "Multifamily development item \u00b7 3.18 ac \u2014 at 5203 Ehrlich Rd, Hillsborough County", "link": "https://hillsboroughcounty.legistar.com/LegislationDetail.aspx?ID=8161332&GUID=5B6EAAD5-1098-4018-B174-D9F4ED302CBC&G=3144BC14-0EA0-4A0F-BC83-C4F8B333D0E8&Options=&Search=", "project_type": "other-development", "multifamily": true, "address": "5203 Ehrlich Rd", "parcel": null, "status": "heard", "first_seen": "2026-08-05", "units": null, "acres": 3.18, "score": 4}}, {"type": "Feature", "geometry": {"type": "Point", "coordinates": [-82.380938723847, 27.907170096638]}, "properties": {"id": "b39584d7b6f55fff", "source": "hillsborough-county", "jurisdiction": "Hillsborough County", "county": "Hillsborough", "meeting_body": "BOCC Land Use", "meeting_date": "2026-08-11", "title": "Application Number:  \tRZ-STD 25-1026 REMAND\t\r\nApplicant:\tROBERT MARTIN\t\r\nLocation:   \t4512 S 66th St.\t\r\nFolio Number: \t48858.9000\t\r\nAcreage:    \t1.54 acres, more or less\t\r\nComprehensive Plan:   \tR-6\t\r\nService Area:    \tUrban\t\r\nCommunity Plan:    \tPalm River-Progress Village\t\r\nExisting Zoning:    \tRSC-6 (MH)\t\r\nRequest:     \tRezone to CG-R\t\r\nRECOMMENDATION: \t\t\r\nZoning Hearing Master:   \tDenial\t\r\nDev", "summary": "", "plain": "Rezoning \u00b7 1.54 ac \u2014 at 4512 S 66th St, Hillsborough County", "link": "https://hillsboroughcounty.legistar.com/LegislationDetail.aspx?ID=7652974&GUID=703AE419-3964-4072-8F75-5E8237B4CBA4&G=3144BC14-0EA0-4A0F-BC83-C4F8B333D0E8&Options=&Search=", "project_type": "rezoning", "multifamily": false, "address": "4512 S 66th St", "parcel": null, "status": "heard", "first_seen": "2026-08-05", "units": null, "acres": 1.54, "score": 1}}, {"type": "Feature", "geometry": {"type": "Point", "coordinates": [-82.539812937696, 28.092221713425]}, "properties": {"id": "4003c2408a0f89aa", "source": "hillsborough-county", "jurisdiction": "Hillsborough County", "county": "Hillsborough", "meeting_body": "BOCC Land Use", "meeting_date": "2026-08-11", "title": "Application Number:  \tRZ-STD 26-0892\t\r\nApplicant:\tPRINCESS G HOLDINGS LLC\t\r\nLocation:   \t15603 Hutchinson Rd.\t\r\nFolio Number: \t16129.0000\t\r\nAcreage:    \t0.87 acres, more or less\t\r\nCommissioner District:\tDistrict 2\t\r\nComprehensive Plan:   \tRES-4\t\r\nService Area:    \tUrban\t\r\nCommunity Plan:    \tGreater Carrollwood-Northdale\t\r\nExisting Zoning:    \tRSC-4\t\r\nRequest:     \tRezone to BPO\t\r\nRECOMMENDATION: ", "summary": "", "plain": "Rezoning \u00b7 0.87 ac \u2014 at 15603 Hutchinson Rd, Hillsborough County", "link": "https://hillsboroughcounty.legistar.com/LegislationDetail.aspx?ID=8073180&GUID=40BBFBFC-07AD-41B7-9F15-CB4E37285B2D&G=3144BC14-0EA0-4A0F-BC83-C4F8B333D0E8&Options=&Search=", "project_type": "rezoning", "multifamily": false, "address": "15603 Hutchinson Rd", "parcel": null, "status": "heard", "first_seen": "2026-08-05", "units": null, "acres": 0.87, "score": 1}}, {"type": "Feature", "geometry": {"type": "Point", "coordinates": [-82.404966952616, 27.928522475454]}, "properties": {"id": "df02ffa9fa9ef0f8", "source": "hillsborough-county", "jurisdiction": "Hillsborough County", "county": "Hillsborough", "meeting_body": "Land Use Hearing Officer", "meeting_date": "2026-08-10", "title": "Application Number:\tVAR 26-1092\t\nApplicant:\tSteve Kocher\t\nLocation: \t2204 S. 48th St\t\nFolio Number: \t046744.0000\t\nAcreage (+/-):\t0.1 acres, more or less\t\nComprehensive Plan:\tR-9\t\nService Area:\tUrban\t\nExisting Zoning:\tRSC-6\t\nRequest:\tRequesting a Variance to Lot Development Standards.", "summary": "", "plain": "Variance \u00b7 0.1 ac \u2014 at 2204 S. 48th St, Hillsborough County", "link": "https://hillsboroughcounty.legistar.com/LegislationDetail.aspx?ID=8159781&GUID=0BC45C64-4C0D-4E75-95DF-0D934FAC26E5&G=3144BC14-0EA0-4A0F-BC83-C4F8B333D0E8&Options=&Search=", "project_type": "variance", "multifamily": false, "address": "2204 S. 48th St", "parcel": null, "status": "heard", "first_seen": "2026-08-27", "units": null, "acres": 0.1, "score": 0}}, {"type": "Feature", "geometry": {"type": "Point", "coordinates": [-82.327872326303, 28.143244575099]}, "properties": {"id": "cb462714e0e53957", "source": "hillsborough-county", "jurisdiction": "Hillsborough County", "county": "Hillsborough", "meeting_body": "Land Use Hearing Officer", "meeting_date": "2026-08-10", "title": "Application Number:\tVAR 26-1093\t\nApplicant:\tCarmen Rosario Veras\t\nLocation: \t18015 Palm Breeze Dr\t\nFolio Number: \t059248.5056\t\nAcreage (+/-):\t0.17 acres, more or less\t\nComprehensive Plan:\tR-4\t\nService Area:\tUrban\t\nExisting Zoning:\tPD 89-0045\t\nRequest:\tRequesting a Variance to Lot Development Standards.", "summary": "", "plain": "Variance \u00b7 0.17 ac \u2014 at 18015 Palm Breeze Dr, Hillsborough County", "link": "https://hillsboroughcounty.legistar.com/LegislationDetail.aspx?ID=8159782&GUID=978C93C4-B93F-44F3-960C-CCFEC711B895&G=3144BC14-0EA0-4A0F-BC83-C4F8B333D0E8&Options=&Search=", "project_type": "variance", "multifamily": false, "address": "18015 Palm Breeze Dr", "parcel": null, "status": "heard", "first_seen": "2026-08-27", "units": null, "acres": 0.17, "score": 0}}, {"type": "Feature", "geometry": {"type": "Point", "coordinates": [-82.265288672688, 27.990193826225]}, "properties": {"id": "fcbdfcdbec2ee52b", "source": "hillsborough-county", "jurisdiction": "Hillsborough County", "county": "Hillsborough", "meeting_body": "Land Use Hearing Officer", "meeting_date": "2026-08-10", "title": "Application Number:\tVAR-WS 26-0967\t\nApplicant:\tSean Jones\t\nLocation: \t601 Chastain Rd\t\nFolio Number: \t063736.5000\t\nAcreage (+/-):\t1.3 acres, more or less\t\nComprehensive Plan:\tR-2\t\nService Area:\tRural\t\nExisting Zoning:\tRSC-4\t\nRequest:\tVariance to Encroach into the Wetland Setback.", "summary": "", "plain": "Variance \u00b7 1.3 ac \u2014 at 601 Chastain Rd, Hillsborough County", "link": "https://hillsboroughcounty.legistar.com/LegislationDetail.aspx?ID=8128497&GUID=9EBC7DE5-F8A6-4C9F-BD28-4B4227359C48&G=3144BC14-0EA0-4A0F-BC83-C4F8B333D0E8&Options=&Search=", "project_type": "variance", "multifamily": false, "address": "601 Chastain Rd", "parcel": null, "status": "heard", "first_seen": "2026-07-23", "units": null, "acres": 1.3, "score": 0}}, {"type": "Feature", "geometry": {"type": "Point", "coordinates": [-82.5028337, 28.0738286]}, "properties": {"id": "e4f251033dcfc7fd", "source": "hillsborough-county", "jurisdiction": "Hillsborough County", "county": "Hillsborough", "meeting_body": "Land Use Hearing Officer", "meeting_date": "2026-08-10", "title": "Application Number:\tVAR -WS 26-1057\t\nApplicant:\tDarrell Curts\t\nLocation: \t13914 Levinson Rd\t\nFolio Number: \t018954.9108\t\nAcreage (+/-):\t1.76 acres, more or less\t\nComprehensive Plan:\tR-4\t\nService Area:\tUrban\t\nExisting Zoning:\tRSC-4\t\nRequest:\tVariance to Encroach into the Wetland Setback.", "summary": "", "plain": "Variance \u00b7 1.76 ac \u2014 at 13914 Levinson Rd, Hillsborough County", "link": "https://hillsboroughcounty.legistar.com/LegislationDetail.aspx?ID=8159777&GUID=4239C196-6074-4E91-A538-5E3CEBDCBFE1&G=3144BC14-0EA0-4A0F-BC83-C4F8B333D0E8&Options=&Search=", "project_type": "variance", "multifamily": false, "address": "13914 Levinson Rd", "parcel": null, "status": "heard", "first_seen": "2026-08-04", "units": null, "acres": 1.76, "score": 0}}, {"type": "Feature", "geometry": {"type": "Point", "coordinates": [-82.484535862784, 27.709034293452]}, "properties": {"id": "0eaef6fab44a6f3c", "source": "hillsborough-county", "jurisdiction": "Hillsborough County", "county": "Hillsborough", "meeting_body": "Land Use Hearing Officer", "meeting_date": "2026-08-10", "title": "Application Number:\tVAR-WS 26-1102\t\nApplicant:\tShane Garvey\t\nLocation: \t1005 Willis Rd\t\nFolio Number: \t032033.0000\t\nAcreage (+/-):\t0.44 acres, more or less\t\nComprehensive Plan:\tR-6\t\nService Area:\tRural\t\nExisting Zoning:\tRSC-6\t\nRequest:\tVariance to Encroach into the Wetland Setback.", "summary": "", "plain": "Variance \u00b7 0.44 ac \u2014 at 1005 Willis Rd, Hillsborough County", "link": "https://hillsboroughcounty.legistar.com/LegislationDetail.aspx?ID=8159784&GUID=49D8731F-D2D7-48C1-973E-150819407A7D&G=3144BC14-0EA0-4A0F-BC83-C4F8B333D0E8&Options=&Search=", "project_type": "variance", "multifamily": false, "address": "1005 Willis Rd", "parcel": null, "status": "heard", "first_seen": "2026-08-04", "units": null, "acres": 0.44, "score": 0}}, {"type": "Feature", "geometry": {"type": "Point", "coordinates": [-82.057226675505, 27.974748618826]}, "properties": {"id": "ae8ed38785e29165", "source": "hillsborough-county", "jurisdiction": "Hillsborough County", "county": "Hillsborough", "meeting_body": "Land Use Hearing Officer", "meeting_date": "2026-08-10", "title": "Application Number:\tVAR 26-1090\t\r\nApplicant:\tJay & Angela Loyd\t\r\nLocation: \t3822 Ralston Rd\t\r\nFolio Number: \t092044.0078\t\r\nAcreage (+/-):\t1.0 acres, more or less\t\r\nComprehensive Plan:\tR-1\t\r\nService Area:\tRural\t\r\nExisting Zoning:\tAS-1\t\r\nRequest:\tVariance to Accessory Structure Requirements.", "summary": "", "plain": "Variance \u00b7 1 ac \u2014 at 3822 Ralston Rd, Hillsborough County", "link": "https://hillsboroughcounty.legistar.com/LegislationDetail.aspx?ID=8159779&GUID=70824333-A680-49AD-B761-15610F28CD70&G=3144BC14-0EA0-4A0F-BC83-C4F8B333D0E8&Options=&Search=", "project_type": "variance", "multifamily": false, "address": "3822 Ralston Rd", "parcel": null, "status": "heard", "first_seen": "2026-08-04", "units": null, "acres": 1.0, "score": 0}}, {"type": "Feature", "geometry": {"type": "Point", "coordinates": [-82.237596985289, 27.910770442747]}, "properties": {"id": "ef7951b3f55b0c55", "source": "hillsborough-county", "jurisdiction": "Hillsborough County", "county": "Hillsborough", "meeting_body": "Land Use Hearing Officer", "meeting_date": "2026-08-10", "title": "Application Number:\tVAR 26-1096\t\nApplicant:\tJoshua Trent Bush\t\nLocation: \t2804 Kimmi Tree Ln\t\nFolio Number: \t086666.0350\t\nAcreage (+/-):\t0.57 acres, more or less\t\nComprehensive Plan:\tR-4\t\nService Area:\tUrban\t\nExisting Zoning:\tRSC-3\t\nRequest:\tVariance to Fence Requirements.", "summary": "", "plain": "Variance \u00b7 0.57 ac \u2014 at 2804 Kimmi Tree Ln, Hillsborough County", "link": "https://hillsboroughcounty.legistar.com/LegislationDetail.aspx?ID=8159783&GUID=C2A79FC9-3520-4E40-BFE5-027568C6D03C&G=3144BC14-0EA0-4A0F-BC83-C4F8B333D0E8&Options=&Search=", "project_type": "variance", "multifamily": false, "address": "2804 Kimmi Tree Ln", "parcel": null, "status": "heard", "first_seen": "2026-08-04", "units": null, "acres": 0.57, "score": 0}}, {"type": "Feature", "geometry": {"type": "Point", "coordinates": [-82.552691685729, 28.026925704438]}, "properties": {"id": "99d397eb71bf4d93", "source": "hillsborough-county", "jurisdiction": "Hillsborough County", "county": "Hillsborough", "meeting_body": "Land Use Hearing Officer", "meeting_date": "2026-08-10", "title": "Application Number:\tVAR 26-1103\t\nApplicant:\tLuisa I Alonso\t\nLocation: \t8403 Seven Coves Ct\t\nFolio Number: \t004529.4320\t\nAcreage (+/-):\t0.08 acres, more or less\t\nComprehensive Plan:\tR-6\t\nService Area:\tUrban\t\nExisting Zoning:\tPD 78-0236C\t\nRequest:\tVariance to Lot Development Standards.", "summary": "", "plain": "Variance \u00b7 0.08 ac \u2014 at 8403 Seven Coves Ct, Hillsborough County", "link": "https://hillsboroughcounty.legistar.com/LegislationDetail.aspx?ID=8159785&GUID=B6A4A19E-EA7D-49DB-B82F-474B02178809&G=3144BC14-0EA0-4A0F-BC83-C4F8B333D0E8&Options=&Search=", "project_type": "variance", "multifamily": false, "address": "8403 Seven Coves Ct", "parcel": null, "status": "heard", "first_seen": "2026-08-04", "units": null, "acres": 0.08, "score": 0}}, {"type": "Feature", "geometry": {"type": "Point", "coordinates": [-82.584432240294, 27.990530851234]}, "properties": {"id": "8be236f8ca651cbc", "source": "hillsborough-county", "jurisdiction": "Hillsborough County", "county": "Hillsborough", "meeting_body": "Land Use Hearing Officer", "meeting_date": "2026-08-10", "title": "Application Number:\tVAR 26-1125\t\nApplicant:\tJeffrey Zock\t\nLocation: \t4907 Troydale Rd\t\nFolio Number: \t011954.1000\t\nAcreage (+/-):\t0.6 acres, more or less\t\nComprehensive Plan:\tR-6\t\nService Area:\tUrban\t\nExisting Zoning:\tRSC-4\t\nRequest:\tVariance to Fence and Wall Requirements.", "summary": "", "plain": "Variance \u00b7 0.6 ac \u2014 at 4907 Troydale Rd, Hillsborough County", "link": "https://hillsboroughcounty.legistar.com/LegislationDetail.aspx?ID=8159786&GUID=00E8A895-6FD6-4DB5-AF9D-2325F3592A98&G=3144BC14-0EA0-4A0F-BC83-C4F8B333D0E8&Options=&Search=", "project_type": "variance", "multifamily": false, "address": "4907 Troydale Rd", "parcel": null, "status": "heard", "first_seen": "2026-08-04", "units": null, "acres": 0.6, "score": 0}}, {"type": "Feature", "geometry": {"type": "Point", "coordinates": [-82.180308312809, 27.842663270716]}, "properties": {"id": "101945dca2c51e8b", "source": "hillsborough-county", "jurisdiction": "Hillsborough County", "county": "Hillsborough", "meeting_body": "Land Use Hearing Officer", "meeting_date": "2026-08-10", "title": "Application Number:\tVAR 26-1133\t\nApplicant:\tCasey J & Abigail M Kotchman\t\nLocation: \t18623 Dorman Rd\t\nFolio Number: \t088224.0564\t\nAcreage (+/-):\t10.21 acres, more or less\t\nComprehensive Plan:\tA/R\t\nService Area:\tRural\t\nExisting Zoning:\tAR\t\nRequest:\tVariance to Fence and Wall Requirements.", "summary": "", "plain": "Variance \u00b7 10.21 ac \u2014 at 18623 Dorman Rd, Hillsborough County", "link": "https://hillsboroughcounty.legistar.com/LegislationDetail.aspx?ID=8159787&GUID=DB8ADA46-2B25-4408-BFF8-565A24D38380&G=3144BC14-0EA0-4A0F-BC83-C4F8B333D0E8&Options=&Search=", "project_type": "variance", "multifamily": false, "address": "18623 Dorman Rd", "parcel": null, "status": "heard", "first_seen": "2026-08-04", "units": null, "acres": 10.21, "score": 1}}, {"type": "Feature", "geometry": {"type": "Point", "coordinates": [-82.373079671191, 28.009968843995]}, "properties": {"id": "6daba4dabd145179", "source": "hillsborough-county", "jurisdiction": "Hillsborough County", "county": "Hillsborough", "meeting_body": "Land Use Hearing Officer", "meeting_date": "2026-08-10", "title": "Application Number:\tSU-SCH 26-0795\t\nApplicant:\tTodd Pressman, Pressman & Assoc., Inc\t\nLocation: \t6801 N Orient Rd\t\nFolio Number: \t040119.0000\t\nAcreage (+/-):\t10.67 acres, more or less\t\nComprehensive Plan:\tCMU-12\t\nService Area:\tUrban\t\nExisting Zoning:\tASC-1\t\nRequest:\tSpecial Use for a School and Variance to Lot\t\n\tDevelopment Standards.", "summary": "", "plain": "Variance \u00b7 10.67 ac \u2014 at 6801 N Orient Rd, Hillsborough County", "link": "https://hillsboroughcounty.legistar.com/LegislationDetail.aspx?ID=8128486&GUID=C3B39D46-EE8C-4981-A76B-A54D75E98000&G=3144BC14-0EA0-4A0F-BC83-C4F8B333D0E8&Options=&Search=", "project_type": "variance", "multifamily": false, "address": "6801 N Orient Rd", "parcel": null, "status": "heard", "first_seen": "2026-07-23", "units": null, "acres": 10.67, "score": 1}}, {"type": "Feature", "geometry": {"type": "Point", "coordinates": [-82.312382840901, 28.056397468471]}, "properties": {"id": "358c9d97fd317eec", "source": "hillsborough-county", "jurisdiction": "Hillsborough County", "county": "Hillsborough", "meeting_body": "BOCC Land Use", "meeting_date": "2026-07-21", "title": "Application Number:  \tRZ-PD 26-0303\t\r\nApplicant:\tTODD PRESSMAN\t\r\nLocation:   \t10423 Harney Rd.\t\r\nFolio Number: \t60343.0010\t\r\nAcreage:    \t0.46 acres, more or less\t\r\nCommissioner District:\tDistrict 2\t\r\nComprehensive Plan:   \tSMU-6\t\r\nService Area:    \tRural\t\r\nCommunity Plan:    \tThonotosassa\t\r\nExisting Zoning:    \tCG\t\r\nRequest:     \tRezone to PD\t\r\nRECOMMENDATION: \t\t\r\nZoning Hearing Master:   \tApprov", "summary": "", "plain": "Rezoning \u00b7 0.46 ac \u2014 at 10423 Harney Rd, Hillsborough County", "link": "https://hillsboroughcounty.legistar.com/LegislationDetail.aspx?ID=7953523&GUID=F687F8D1-4156-4DD1-9E22-347ED5BDFBA9&G=3144BC14-0EA0-4A0F-BC83-C4F8B333D0E8&Options=&Search=", "project_type": "rezoning", "multifamily": false, "address": "10423 Harney Rd", "parcel": null, "status": "heard", "first_seen": "2026-07-14", "units": null, "acres": 0.46, "score": 1}}, {"type": "Feature", "geometry": {"type": "Point", "coordinates": [-82.322574262619, 28.000003419503]}, "properties": {"id": "2e01f339a7421412", "source": "hillsborough-county", "jurisdiction": "Hillsborough County", "county": "Hillsborough", "meeting_body": "BOCC Land Use", "meeting_date": "2026-07-21", "title": "Application Number:  \tRZ-PD 26-0329\t\r\nApplicant:\tTODD PRESSMAN\t\r\nLocation:   \t5624 Anna Dr.\t\r\nFolio Number: \t62784.0000\t\r\nAcreage:    \t0.99 acres, more or less\t\r\nCommissioner District:\tDistrict 2\t\r\nComprehensive Plan:   \tCMU-12\t\r\nService Area:    \tUrban\t\r\nCommunity Plan:    \tSeffner-Mango\t\r\nExisting Zoning:    \tCG\t\r\nRequest:     \tRezone to PD\t\r\nRECOMMENDATION: \t\t\r\nZoning Hearing Master:   \tApprova", "summary": "", "plain": "Rezoning \u00b7 0.99 ac \u2014 at 5624 Anna Dr, Hillsborough County", "link": "https://hillsboroughcounty.legistar.com/LegislationDetail.aspx?ID=7953524&GUID=6E3C754D-D6E1-4EBC-8DA5-D4FDA506B67D&G=3144BC14-0EA0-4A0F-BC83-C4F8B333D0E8&Options=&Search=", "project_type": "rezoning", "multifamily": false, "address": "5624 Anna Dr", "parcel": null, "status": "heard", "first_seen": "2026-07-14", "units": null, "acres": 0.99, "score": 1}}, {"type": "Feature", "geometry": {"type": "Point", "coordinates": [-82.294379631945, 27.935868796499]}, "properties": {"id": "dee76df7adc0f09e", "source": "hillsborough-county", "jurisdiction": "Hillsborough County", "county": "Hillsborough", "meeting_body": "BOCC Land Use", "meeting_date": "2026-07-21", "title": "Application Number:  \tRZ-PD 26-0339\t\r\nApplicant:\tMARK BENTLEY, ESQ., B.C.S., AICP\t\r\nLocation:   \t717 W Robertson St.\t\r\nFolio Number: \t71530.0500\t\r\nAcreage:    \t0.71 acres, more or less\t\r\nCommissioner District:\tDistrict 3\t\r\nComprehensive Plan:   \tOC-20\t\r\nService Area:    \tUrban\t\r\nCommunity Plan:    \tBrandon\t\r\nExisting Zoning:    \tCG\t\r\nRequest:     \tRezone to PD\t\r\nRECOMMENDATION: \t\t\r\nZoning Hearing ", "summary": "", "plain": "Rezoning \u00b7 0.71 ac \u2014 at 717 W Robertson St, Hillsborough County", "link": "https://hillsboroughcounty.legistar.com/LegislationDetail.aspx?ID=7989564&GUID=5E012391-AC41-4F96-9441-2386F8DE19B8&G=3144BC14-0EA0-4A0F-BC83-C4F8B333D0E8&Options=&Search=", "project_type": "rezoning", "multifamily": false, "address": "717 W Robertson St", "parcel": null, "status": "heard", "first_seen": "2026-07-14", "units": null, "acres": 0.71, "score": 1}}, {"type": "Feature", "geometry": {"type": "Point", "coordinates": [-82.29812556773, 27.718891462766]}, "properties": {"id": "328187c5d16d316c", "source": "hillsborough-county", "jurisdiction": "Hillsborough County", "county": "Hillsborough", "meeting_body": "BOCC Land Use", "meeting_date": "2026-07-21", "title": "Application Number:  \tRZ-PD 26-0528\t\r\nApplicant:\tFLORIDA HOME PARTNERSHIP INC\t\r\nLocation:   \t5902 Bassa St.\t\r\nFolio Number: \t79329.0000\t\r\nAcreage:    \t1.98 acres, more or less\t\r\nCommissioner District:\tDistrict 4\t\r\nComprehensive Plan:   \tRES-6\t\r\nService Area:    \tUrban\t\r\nCommunity Plan:    \tSouthShore Areawide Systems, Wimauma Village\t\r\nExisting Zoning:    \tRMC-6\t\r\nRequest:     \tRezone to PD\t\r\nRECO", "summary": "", "plain": "Rezoning \u00b7 1.98 ac \u2014 at 5902 Bassa St, Hillsborough County", "link": "https://hillsboroughcounty.legistar.com/LegislationDetail.aspx?ID=8035224&GUID=861EDF59-CF9A-4521-A6AC-6C7FC51E7D6C&G=3144BC14-0EA0-4A0F-BC83-C4F8B333D0E8&Options=&Search=", "project_type": "rezoning", "multifamily": false, "address": "5902 Bassa St", "parcel": null, "status": "heard", "first_seen": "2026-07-14", "units": null, "acres": 1.98, "score": 1}}, {"type": "Feature", "geometry": {"type": "Point", "coordinates": [-82.28003397151, 27.964796803081]}, "properties": {"id": "9229e1f3990046e4", "source": "hillsborough-county", "jurisdiction": "Hillsborough County", "county": "Hillsborough", "meeting_body": "BOCC Land Use", "meeting_date": "2026-07-21", "title": "Application Number:  \tRZ-STD 26-0740\t\r\nApplicant:\tJUSTIN T. WILKERSON\t\r\nLocation:   \t3118 Buttercup St.\t\r\nFolio Number: \t66784.0050\t\r\nAcreage:    \t1.21 acres, more or less\t\r\nCommissioner District:\tDistrict 4\t\r\nComprehensive Plan:   \tRES-6\t\r\nService Area:    \tUrban\t\r\nCommunity Plan:    \tBrandon\t\r\nExisting Zoning:    \tASC-1\t\r\nRequest:     \tRezone to RSC-6\t\r\nRECOMMENDATION: \t\t\r\nZoning Hearing Master:", "summary": "", "plain": "Rezoning \u00b7 1.21 ac \u2014 at 3118 Buttercup St, Hillsborough County", "link": "https://hillsboroughcounty.legistar.com/LegislationDetail.aspx?ID=8035230&GUID=EDA12BFB-5673-4EC7-88BE-2AED0C28AE73&G=3144BC14-0EA0-4A0F-BC83-C4F8B333D0E8&Options=&Search=", "project_type": "rezoning", "multifamily": false, "address": "3118 Buttercup St", "parcel": null, "status": "heard", "first_seen": "2026-07-14", "units": null, "acres": 1.21, "score": 1}}, {"type": "Feature", "geometry": {"type": "Point", "coordinates": [-82.563670123373, 28.065894171128]}, "properties": {"id": "d6ba06546eefd125", "source": "hillsborough-county", "jurisdiction": "Hillsborough County", "county": "Hillsborough", "meeting_body": "BOCC Land Use", "meeting_date": "2026-07-21", "title": "Application Number:  \tRZ-PD 26-0426\t\r\nApplicant:\tFLOURNOY DEVELOPMENT GROUP, LLC\t\r\nLocation:   \t13009 Community Campus Dr.\t\r\nFolio Number: \t3656.0000 & Portion of 3018.0150\t\r\nAcreage:    \t22.08 acres, more or less\t\r\nCommissioner District:\tDistrict 2\t\r\nComprehensive Plan:   \tRES-4\t\r\nService Area:    \tUrban\t\r\nCommunity Plan:    \tGreater Carrollwood-Northdale\t\r\nExisting Zoning:    \tAS-1 & PD (92-0425", "summary": "", "plain": "Rezoning \u00b7 22.08 ac \u2014 at 13009 Community Campus Dr, Hillsborough County", "link": "https://hillsboroughcounty.legistar.com/LegislationDetail.aspx?ID=7989567&GUID=F7F7552B-0FB7-4210-822F-6F26BEBF89B5&G=3144BC14-0EA0-4A0F-BC83-C4F8B333D0E8&Options=&Search=", "project_type": "rezoning", "multifamily": false, "address": "13009 Community Campus Dr", "parcel": null, "status": "heard", "first_seen": "2026-07-15", "units": null, "acres": 22.08, "score": 2}}, {"type": "Feature", "geometry": {"type": "Point", "coordinates": [-82.505174, 27.9960229]}, "properties": {"id": "9d70685157553220", "source": "hillsborough-county", "jurisdiction": "Hillsborough County", "county": "Hillsborough", "meeting_body": "Zoning Hearing Master", "meeting_date": "2026-07-20", "title": "Application Number:  \tRZ-STD 26-0811\t\nApplicant:\tROBERT & TAMARA CRIBBEN\t\nLocation:   \t19135 N Dale Mabry Hwy\t\nFolio Number: \tPortion of 13244.0300\t\nAcreage:    \t6.489 acres, more or less\t\nCommissioner District:\tDistrict 2\t\nComprehensive Plan:   \tRES-1\t\nService Area:    \tRural\t\nCommunity Plan:    \tLutz\t\nExisting Zoning:    \tAsc-1\t\nRequest:     \tRezone to CN(R)\t\nRECOMMENDATION: \t\t\nZoning Hearing Ma", "summary": "", "plain": "Rezoning \u00b7 6.489 ac \u2014 at 19135 N Dale Mabry Hwy, Hillsborough County", "link": "https://hillsboroughcounty.legistar.com/LegislationDetail.aspx?ID=8073179&GUID=23ED2610-4282-4DBC-9FFD-DAF04FE55865&G=3144BC14-0EA0-4A0F-BC83-C4F8B333D0E8&Options=&Search=", "project_type": "rezoning", "multifamily": false, "address": "19135 N Dale Mabry Hwy", "parcel": null, "status": "heard", "first_seen": "2026-08-06", "units": null, "acres": 6.489, "score": 2}}, {"type": "Feature", "geometry": {"type": "Point", "coordinates": [-82.420267305421, 27.720522222831]}, "properties": {"id": "f26b196ea16dabf9", "source": "hillsborough-county", "jurisdiction": "Hillsborough County", "county": "Hillsborough", "meeting_body": "Zoning Hearing Master", "meeting_date": "2026-07-20", "title": "Application Number:  \tRZ-STD 26-0901\t\nApplicant:\tOFELIA RAMIREZ ROJAS & CATALINO MENDIOLA VENCES\t\nLocation:   \t1115 E Shell Point Rd.\t\nFolio Number: \t55233.0000\t\nAcreage:    \t0.98 acres, more or less\t\nCommissioner District:\tDistrict 4\t\nComprehensive Plan:   \tRES-6\t\nService Area:    \tUrban\t\nCommunity Plan:    \tRuskin & SouthShore Areawide Systems\t\nExisting Zoning:    \tCN & RSC-3\t\nRequest:     \tRezo", "summary": "", "plain": "Rezoning \u00b7 0.98 ac \u2014 at 1115 E Shell Point Rd, Hillsborough County", "link": "https://hillsboroughcounty.legistar.com/LegislationDetail.aspx?ID=8136343&GUID=7BD52F61-78E9-440A-ABCA-F72F086A04A4&G=3144BC14-0EA0-4A0F-BC83-C4F8B333D0E8&Options=&Search=", "project_type": "rezoning", "multifamily": false, "address": "1115 E Shell Point Rd", "parcel": null, "status": "heard", "first_seen": "2026-08-06", "units": null, "acres": 0.98, "score": 1}}, {"type": "Feature", "geometry": {"type": "Point", "coordinates": [-82.390024477744, 27.890072148882]}, "properties": {"id": "8cb9559ae1f4d8f9", "source": "hillsborough-county", "jurisdiction": "Hillsborough County", "county": "Hillsborough", "meeting_body": "Zoning Hearing Master", "meeting_date": "2026-07-20", "title": "Application Number:  \tRZ-STD 26-0918\t\nApplicant:\tPETER PIACENTI\t\nLocation:   \t5960 Jensen Rd.\t\nFolio Number: \t49005.0005\t\nAcreage:    \t3.35 acres, more or less\t\nCommissioner District:\tDistrict 3\t\nComprehensive Plan:   \tLI\t\nService Area:    \tUrban\t\nCommunity Plan:    \tRiverview & SouthShore Areawide Systems\t\nExisting Zoning:    \tAI\t\nRequest:     \tRezone to M\t\nRECOMMENDATION: \t\t\nZoning Hearing Maste", "summary": "", "plain": "Rezoning \u00b7 3.35 ac \u2014 at 5960 Jensen Rd, Hillsborough County", "link": "https://hillsboroughcounty.legistar.com/LegislationDetail.aspx?ID=8136344&GUID=EEC90F13-16E9-4102-8D4E-8CF70B56552B&G=3144BC14-0EA0-4A0F-BC83-C4F8B333D0E8&Options=&Search=", "project_type": "rezoning", "multifamily": false, "address": "5960 Jensen Rd", "parcel": null, "status": "heard", "first_seen": "2026-08-07", "units": null, "acres": 3.35, "score": 2}}, {"type": "Feature", "geometry": {"type": "Point", "coordinates": [-83.016245196283, 30.282527145463]}, "properties": {"id": "4a279c09b5eda541", "source": "hillsborough-county", "jurisdiction": "Hillsborough County", "county": "Hillsborough", "meeting_body": "Zoning Hearing Master", "meeting_date": "2026-07-20", "title": "Application Number:  \tRZ-PD 26-0437\t\nApplicant:\tRAVI PATEL\t\nLocation:   \t13030 E 92 Hwy.\t\nFolio Number: \t82879.0000\t\nAcreage:    \t13.79 acres, more or less\t\nCommissioner District:\tDistrict 4\t\nComprehensive Plan:   \tSMU-6\t\nService Area:    \tRural\t\nCommunity Plan:    \tNone\t\nExisting Zoning:    \tAI & AR:RS\t\nRequest:     \tRezone to PD\t\nRECOMMENDATION: \t\t\nZoning Hearing Master:   \tApproval\t\nDevelopment", "summary": "", "plain": "Rezoning \u00b7 13.79 ac \u2014 at 13030 E 92 Hwy, Hillsborough County", "link": "https://hillsboroughcounty.legistar.com/LegislationDetail.aspx?ID=7989572&GUID=F4EC2019-8F67-4CA7-9E71-1A75D21C1D80&G=3144BC14-0EA0-4A0F-BC83-C4F8B333D0E8&Options=&Search=", "project_type": "rezoning", "multifamily": false, "address": "13030 E 92 Hwy", "parcel": null, "status": "heard", "first_seen": "2026-08-14", "units": null, "acres": 13.79, "score": 2}}, {"type": "Feature", "geometry": {"type": "Point", "coordinates": [-82.049425, 29.0575034]}, "properties": {"id": "7d822029164bf8ae", "source": "hillsborough-county", "jurisdiction": "Hillsborough County", "county": "Hillsborough", "meeting_body": "Zoning Hearing Master", "meeting_date": "2026-07-20", "title": "Application Number:  \tRZ-PD 26-0558\t\r\nApplicant:\tTC FLORIDA DEVELOPMENT, INC\t\r\nLocation:   \t11102 N 301 Hwy & 11404 Walker Rd.\t\r\nFolio Number: \t61102.0000 & 61103.0100\t\r\nAcreage:    \t9.777 acres, more or less\t\r\nCommissioner District:\tDistrict 2\t\r\nComprehensive Plan:   \tSMU-6\t\r\nService Area:    \tUrban\t\r\nCommunity Plan:    \tThonotosassa\t\r\nExisting Zoning:    \tAR & PD (12-0032)\t\r\nRequest:     \tRezone", "summary": "", "plain": "Rezoning \u00b7 9.777 ac \u2014 at 11102 N 301 Hwy, Hillsborough County", "link": "https://hillsboroughcounty.legistar.com/LegislationDetail.aspx?ID=8035228&GUID=05B92F80-EF7F-43AE-AFED-2D9D445A301D&G=3144BC14-0EA0-4A0F-BC83-C4F8B333D0E8&Options=&Search=", "project_type": "rezoning", "multifamily": false, "address": "11102 N 301 Hwy", "parcel": null, "status": "heard", "first_seen": "2026-08-14", "units": null, "acres": 9.777, "score": 2}}, {"type": "Feature", "geometry": {"type": "Point", "coordinates": [-82.357794972585, 27.922735363066]}, "properties": {"id": "b9d9b79677f3a0b1", "source": "hillsborough-county", "jurisdiction": "Hillsborough County", "county": "Hillsborough", "meeting_body": "Land Use Hearing Officer", "meeting_date": "2026-07-13", "title": "Application Number:\tVAR 26-1004\t\r\nApplicant:\tDavid M Smith\t\r\nLocation: \t9010 Causeway Blvd\t\r\nFolio Number: \t044650.0000\t\r\nAcreage (+/-):\t158 acres, more or less\t\r\nComprehensive Plan:\tCMU-12, UMU-20, R-9\t\r\nService Area:\tUrban\t\r\nExisting Zoning:\tPD 19-1445\t\r\nRequest:\tVariance to Sign Requirements.", "summary": "", "plain": "Variance \u00b7 158 ac \u2014 at 9010 Causeway Blvd, Hillsborough County", "link": "https://hillsboroughcounty.legistar.com/LegislationDetail.aspx?ID=8128492&GUID=D34EE373-4CCA-4AF2-B525-3E5D9CFC28A1&G=3144BC14-0EA0-4A0F-BC83-C4F8B333D0E8&Options=&Search=", "project_type": "variance", "multifamily": false, "address": "9010 Causeway Blvd", "parcel": null, "status": "heard", "first_seen": "2026-07-07", "units": null, "acres": 158.0, "score": 1}}, {"type": "Feature", "geometry": {"type": "Point", "coordinates": [-82.487606790663, 28.016831089091]}, "properties": {"id": "ffac7aa9c6a886e5", "source": "hillsborough-county", "jurisdiction": "Hillsborough County", "county": "Hillsborough", "meeting_body": "Land Use Hearing Officer", "meeting_date": "2026-07-13", "title": "Application Number:\tVAR 26-0884\t\nApplicant:\tMaria Concepcion\t\nLocation: \t7509 N. Arrawana Ave\t\nFolio Number: \t025856.0000\t\nAcreage (+/-):\t0.26 acres, more or less\t\nComprehensive Plan:\tR-6\t\nService Area:\tUrban\t\nExisting Zoning:\tRSC-6\t\nRequest:\tVariance to Accessory Structure Requirements.", "summary": "", "plain": "Variance \u00b7 0.26 ac \u2014 at 7509 N. Arrawana Ave, Hillsborough County", "link": "https://hillsboroughcounty.legistar.com/LegislationDetail.aspx?ID=8128487&GUID=252F1E10-7453-4F4B-AB6C-400EE85B0560&G=3144BC14-0EA0-4A0F-BC83-C4F8B333D0E8&Options=&Search=", "project_type": "variance", "multifamily": false, "address": "7509 N. Arrawana Ave", "parcel": null, "status": "heard", "first_seen": "2026-07-07", "units": null, "acres": 0.26, "score": 0}}, {"type": "Feature", "geometry": {"type": "Point", "coordinates": [-82.438448598143, 28.127536079811]}, "properties": {"id": "3e435370fc10d86a", "source": "hillsborough-county", "jurisdiction": "Hillsborough County", "county": "Hillsborough", "meeting_body": "Land Use Hearing Officer", "meeting_date": "2026-07-13", "title": "Application Number:\tVAR 26-0885\t\nApplicant:\tWilliam & Rose Espinal\t\nLocation: \t17632 Meadowbridge Dr\t\nFolio Number: \t033939.0680\t\nAcreage (+/-):\t0.18 acres, more or less\t\nComprehensive Plan:\tR-4\t\nService Area:\tRural\t\nExisting Zoning:\tRSC-6\t\nRequest:\tVariance to Accessory Dwelling Requirements.", "summary": "", "plain": "Variance \u00b7 0.18 ac \u2014 at 17632 Meadowbridge Dr, Hillsborough County", "link": "https://hillsboroughcounty.legistar.com/LegislationDetail.aspx?ID=8128488&GUID=8D0B393A-CA82-4031-82D4-AD364D99317C&G=3144BC14-0EA0-4A0F-BC83-C4F8B333D0E8&Options=&Search=", "project_type": "variance", "multifamily": false, "address": "17632 Meadowbridge Dr", "parcel": null, "status": "heard", "first_seen": "2026-07-07", "units": null, "acres": 0.18, "score": 0}}, {"type": "Feature", "geometry": {"type": "Point", "coordinates": [-82.563828926553, 28.154260563461]}, "properties": {"id": "414ebd3fd1f46d77", "source": "hillsborough-county", "jurisdiction": "Hillsborough County", "county": "Hillsborough", "meeting_body": "Land Use Hearing Officer", "meeting_date": "2026-07-13", "title": "Application Number:\tVAR 26-0927\t\nApplicant:\tSam Rex/Luminous Electric\t\nLocation: \t7517 Dunbridge Dr\t\nFolio Number: \t000901.5238\t\nAcreage (+/-):\t0.33 acres, more or less\t\nComprehensive Plan:\tR-1\t\nService Area:\tRural\t\nExisting Zoning:\tPD 93-0357\t\nRequest:\tVariance to Lot Development Standards.", "summary": "", "plain": "Variance \u00b7 0.33 ac \u2014 at 7517 Dunbridge Dr, Hillsborough County", "link": "https://hillsboroughcounty.legistar.com/LegislationDetail.aspx?ID=8128489&GUID=451ED138-74C7-40F7-B62C-4BA123194E3F&G=3144BC14-0EA0-4A0F-BC83-C4F8B333D0E8&Options=&Search=", "project_type": "variance", "multifamily": false, "address": "7517 Dunbridge Dr", "parcel": null, "status": "heard", "first_seen": "2026-07-07", "units": null, "acres": 0.33, "score": 0}}, {"type": "Feature", "geometry": {"type": "Point", "coordinates": [-82.270548564617, 28.005240842281]}, "properties": {"id": "fee1c27f86771dbc", "source": "hillsborough-county", "jurisdiction": "Hillsborough County", "county": "Hillsborough", "meeting_body": "Land Use Hearing Officer", "meeting_date": "2026-07-13", "title": "Application Number:\tVAR 26-0992\t\nApplicant:\tAlvon Devette Baldwin\t\nLocation: \t505 Rooks Rd\t\nFolio Number: \t063678.4336\t\nAcreage (+/-):\t0.32 acres, more or less\t\nComprehensive Plan:\tR-4\t\nService Area:\tUrban\t\nExisting Zoning:\tRSC-6\t\nRequest:\tVariance to Distance Separation Requirements for a Community \t\n\tResidential Home.", "summary": "", "plain": "Variance \u00b7 0.32 ac \u2014 at 505 Rooks Rd, Hillsborough County", "link": "https://hillsboroughcounty.legistar.com/LegislationDetail.aspx?ID=8128490&GUID=A523D738-90CD-4496-8F88-7A740BF341DE&G=3144BC14-0EA0-4A0F-BC83-C4F8B333D0E8&Options=&Search=", "project_type": "variance", "multifamily": false, "address": "505 Rooks Rd", "parcel": null, "status": "heard", "first_seen": "2026-07-07", "units": null, "acres": 0.32, "score": 0}}, {"type": "Feature", "geometry": {"type": "Point", "coordinates": [-82.290789242279, 27.924869266379]}, "properties": {"id": "ae7c5cf91ce91308", "source": "hillsborough-county", "jurisdiction": "Hillsborough County", "county": "Hillsborough", "meeting_body": "Land Use Hearing Officer", "meeting_date": "2026-07-13", "title": "Application Number:\tVAR 26-0994\t\nApplicant:\tMichelle Tolini\t\nLocation: \t905 Stanberry Rd\t\nFolio Number: \t071637.0000\t\nAcreage (+/-):\t0.33 acres, more or less\t\nComprehensive Plan:\tR-6\t\nService Area:\tUrban\t\nExisting Zoning:\tRSC-3\t\nRequest:\tVariance to Distance Separation Requirements for a \t\n\tCommunity Residential Home.", "summary": "", "plain": "Variance \u00b7 0.33 ac \u2014 at 905 Stanberry Rd, Hillsborough County", "link": "https://hillsboroughcounty.legistar.com/LegislationDetail.aspx?ID=8128491&GUID=78399D15-DF85-428E-ACD9-3C44D3C831F5&G=3144BC14-0EA0-4A0F-BC83-C4F8B333D0E8&Options=&Search=", "project_type": "variance", "multifamily": false, "address": "905 Stanberry Rd", "parcel": null, "status": "heard", "first_seen": "2026-07-07", "units": null, "acres": 0.33, "score": 0}}, {"type": "Feature", "geometry": {"type": "Point", "coordinates": [-82.321531167082, 27.712432722178]}, "properties": {"id": "75aec3de7712167d", "source": "hillsborough-county", "jurisdiction": "Hillsborough County", "county": "Hillsborough", "meeting_body": "Land Use Hearing Officer", "meeting_date": "2026-07-13", "title": "Application Number:\tVAR 26-0905\t\nApplicant:\tTalet E Musa/Trustee\t\nLocation: \t5129 Hwy 674\t\nFolio Number: \t078911.0100\t\nAcreage (+/-):\t2.5 acres, more or less\t\nComprehensive Plan:\tOC-20\t\nService Area:\tUrban\t\nExisting Zoning:\tCN\t\nRequest:\tVariance to Wimauma Downtown Overlay Standards and \t\n\tVariance to Lot Development Standards.", "summary": "", "plain": "Variance \u00b7 2.5 ac \u2014 at 5129 Hwy 674, Hillsborough County", "link": "https://hillsboroughcounty.legistar.com/LegislationDetail.aspx?ID=8128495&GUID=227F60AC-42B6-45C4-A1DB-1D5CE57CA321&G=3144BC14-0EA0-4A0F-BC83-C4F8B333D0E8&Options=&Search=", "project_type": "variance", "multifamily": false, "address": "5129 Hwy 674", "parcel": null, "status": "heard", "first_seen": "2026-07-07", "units": null, "acres": 2.5, "score": 1}}, {"type": "Feature", "geometry": {"type": "Point", "coordinates": [-82.5027977, 28.090624]}, "properties": {"id": "1273c43cbaabd13d", "source": "hillsborough-county", "jurisdiction": "Hillsborough County", "county": "Hillsborough", "meeting_body": "Land Use Hearing Officer", "meeting_date": "2026-06-15", "title": "Application Number:\tVAR 26-0856\t\r\nApplicant:\tAddie Mentry\t\r\nLocation: \t15403 N Dale Mabry Hwy\t\r\nFolio Number: \t016391.0000\t\r\nAcreage (+/-):\t8.77 acres, more or less\t\r\nComprehensive Plan:\tOC-20\t\r\nService Area:\tUrban\t\r\nExisting Zoning:\tASC-1, PD 90-0119\t\r\nRequest:\tVariance to Sign Requirements.", "summary": "", "plain": "Variance \u00b7 8.77 ac \u2014 at 15403 N Dale Mabry Hwy, Hillsborough County", "link": "https://hillsboroughcounty.legistar.com/LegislationDetail.aspx?ID=8062696&GUID=6EA1D14F-2D93-481A-84BA-DC9E03D7D169&G=3144BC14-0EA0-4A0F-BC83-C4F8B333D0E8&Options=&Search=", "project_type": "variance", "multifamily": false, "address": "15403 N Dale Mabry Hwy", "parcel": null, "status": "heard", "first_seen": "2026-07-06", "units": null, "acres": 8.77, "score": 1}}, {"type": "Feature", "geometry": {"type": "Point", "coordinates": [-82.215670304071, 28.025037507416]}, "properties": {"id": "08d2382ee8d96cad", "source": "hillsborough-county", "jurisdiction": "Hillsborough County", "county": "Hillsborough", "meeting_body": "Land Use Hearing Officer", "meeting_date": "2026-06-15", "title": "Application Number:\tVAR 26-0584\t\nApplicant:\tEric Langston\t\nLocation: \t13315 Glen Harwell Rd\t\nFolio Number: \t082649.0000\t\nAcreage (+/-):\t0.87 acres, more or less\t\nComprehensive Plan:\tR-2\t\nService Area:\tRural\t\nExisting Zoning:\tRSC-2\t\nRequest:\tVariance to Fence and Wall Requirements.", "summary": "", "plain": "Variance \u00b7 0.87 ac \u2014 at 13315 Glen Harwell Rd, Hillsborough County", "link": "https://hillsboroughcounty.legistar.com/LegislationDetail.aspx?ID=8001988&GUID=6E55CDB4-79F5-4EA2-BC30-BDC1B89973EA&G=3144BC14-0EA0-4A0F-BC83-C4F8B333D0E8&Options=&Search=", "project_type": "variance", "multifamily": false, "address": "13315 Glen Harwell Rd", "parcel": null, "status": "heard", "first_seen": "2026-07-06", "units": null, "acres": 0.87, "score": 0}}, {"type": "Feature", "geometry": {"type": "Point", "coordinates": [-82.267779331539, 27.909081709344]}, "properties": {"id": "5ebdcfaed8a18aca", "source": "hillsborough-county", "jurisdiction": "Hillsborough County", "county": "Hillsborough", "meeting_body": "Land Use Hearing Officer", "meeting_date": "2026-06-15", "title": "Application Number:\tVAR 26-0710\t\nApplicant:\tJon S. and Susana M. Mueller\t\nLocation: \t2506 Oak Landing Dr\t\nFolio Number: \t072978.6112\t\nAcreage (+/-):\t0.34 acres, more or less\t\nComprehensive Plan:\tR-4\t\nService Area:\tUrban\t\nExisting Zoning:\tRSC-4\t\nRequest:\tVariance to Fence Requirements.", "summary": "", "plain": "Variance \u00b7 0.34 ac \u2014 at 2506 Oak Landing Dr, Hillsborough County", "link": "https://hillsboroughcounty.legistar.com/LegislationDetail.aspx?ID=8062683&GUID=8564452C-707A-4AF4-BBB2-CBAE6A034B61&G=3144BC14-0EA0-4A0F-BC83-C4F8B333D0E8&Options=&Search=", "project_type": "variance", "multifamily": false, "address": "2506 Oak Landing Dr", "parcel": null, "status": "heard", "first_seen": "2026-07-06", "units": null, "acres": 0.34, "score": 0}}, {"type": "Feature", "geometry": {"type": "Point", "coordinates": [-82.529377003442, 28.058851536788]}, "properties": {"id": "4eb05853bc5ba171", "source": "hillsborough-county", "jurisdiction": "Hillsborough County", "county": "Hillsborough", "meeting_body": "Land Use Hearing Officer", "meeting_date": "2026-06-15", "title": "Application Number:\tVAR 26-0763\t\nApplicant:\tOscar Romero Amat\t\nLocation: \t12321 Pittsfield Ave\t\nFolio Number: \t019104.5050\t\nAcreage (+/-):\t0.51 acres, more or less\t\nComprehensive Plan:\tR-9\t\nService Area:\tUrban\t\nExisting Zoning:\tRSC-9\t\nRequest:\tVariance to Minimum Lot Size by Available Utilities.", "summary": "", "plain": "Variance \u00b7 0.51 ac \u2014 at 12321 Pittsfield Ave, Hillsborough County", "link": "https://hillsboroughcounty.legistar.com/LegislationDetail.aspx?ID=8062684&GUID=E47A5B3A-04B0-40F7-865C-362124AA9CD5&G=3144BC14-0EA0-4A0F-BC83-C4F8B333D0E8&Options=&Search=", "project_type": "variance", "multifamily": false, "address": "12321 Pittsfield Ave", "parcel": null, "status": "heard", "first_seen": "2026-07-06", "units": null, "acres": 0.51, "score": 0}}, {"type": "Feature", "geometry": {"type": "Point", "coordinates": [-82.236681332885, 27.97621911115]}, "properties": {"id": "cbb080e0f450ebe9", "source": "hillsborough-county", "jurisdiction": "Hillsborough County", "county": "Hillsborough", "meeting_body": "Land Use Hearing Officer", "meeting_date": "2026-06-15", "title": "Application Number:\tVAR 26-0774\t\nApplicant:\tGlen Ottley\t\nLocation: \t13318 Jaudon Ranch Rd\t\nFolio Number: \t084867.3014\t\nAcreage (+/-):\t1.2 acres, more or less\t\nComprehensive Plan:\tR-1\t\nService Area:\tRural\t\nExisting Zoning:\tAS-1\t\nRequest:\tVariance to Lot Development Standards.", "summary": "", "plain": "Variance \u00b7 1.2 ac \u2014 at 13318 Jaudon Ranch Rd, Hillsborough County", "link": "https://hillsboroughcounty.legistar.com/LegislationDetail.aspx?ID=8062685&GUID=870D05EC-7EB6-48ED-BC63-04FFD36CA6B8&G=3144BC14-0EA0-4A0F-BC83-C4F8B333D0E8&Options=&Search=", "project_type": "variance", "multifamily": false, "address": "13318 Jaudon Ranch Rd", "parcel": null, "status": "heard", "first_seen": "2026-07-06", "units": null, "acres": 1.2, "score": 0}}, {"type": "Feature", "geometry": {"type": "Point", "coordinates": [-82.277888649355, 27.805712522476]}, "properties": {"id": "7a39d3d94869cfdb", "source": "hillsborough-county", "jurisdiction": "Hillsborough County", "county": "Hillsborough", "meeting_body": "Land Use Hearing Officer", "meeting_date": "2026-06-15", "title": "Application Number:\tVAR 26-0809\t\nApplicant:\tMayra Lira\t\nLocation: \t12222 Begin Dr\t\nFolio Number: \t077690.5158\t\nAcreage (+/-):\t0.99 acres, more or less\t\nComprehensive Plan:\tR-4\t\nService Area:\tUrban\t\nExisting Zoning:\tAS-1\t\nRequest:\tVariance to Accessory Dwelling Requirements.", "summary": "", "plain": "Variance \u00b7 0.99 ac \u2014 at 12222 Begin Dr, Hillsborough County", "link": "https://hillsboroughcounty.legistar.com/LegislationDetail.aspx?ID=8062686&GUID=70850E4E-A79D-4BBC-8480-9411713A7993&G=3144BC14-0EA0-4A0F-BC83-C4F8B333D0E8&Options=&Search=", "project_type": "variance", "multifamily": false, "address": "12222 Begin Dr", "parcel": null, "status": "heard", "first_seen": "2026-07-06", "units": null, "acres": 0.99, "score": 0}}, {"type": "Feature", "geometry": {"type": "Point", "coordinates": [-82.474795919678, 28.058387516201]}, "properties": {"id": "6752715daa1c1735", "source": "hillsborough-county", "jurisdiction": "Hillsborough County", "county": "Hillsborough", "meeting_body": "Land Use Hearing Officer", "meeting_date": "2026-06-15", "title": "Application Number:\tVAR 26-0770\t\nApplicant:\tDavid Wright/TSP Companies, Inc\t\nLocation: \t12015 N. Oregon Ave\t\nFolio Number: \t020286.0000\t\nAcreage (+/-):\t0.33 acres, more or less\t\nComprehensive Plan:\tR-4\t\nService Area:\tUrban\t\nExisting Zoning:\tRSC-6\t\nRequest:\tVariance to Accessory Structure Requirements and\t\n\tVariance to Lot Development Standards.", "summary": "", "plain": "Variance \u00b7 0.33 ac \u2014 at 12015 N. Oregon Ave, Hillsborough County", "link": "https://hillsboroughcounty.legistar.com/LegislationDetail.aspx?ID=8062692&GUID=9E96B9F9-4621-4586-9F9E-13A407C0C002&G=3144BC14-0EA0-4A0F-BC83-C4F8B333D0E8&Options=&Search=", "project_type": "variance", "multifamily": false, "address": "12015 N. Oregon Ave", "parcel": null, "status": "heard", "first_seen": "2026-07-06", "units": null, "acres": 0.33, "score": 0}}, {"type": "Feature", "geometry": {"type": "Point", "coordinates": [-82.465746076115, 28.095353351386]}, "properties": {"id": "a151f72f300c87af", "source": "hillsborough-county", "jurisdiction": "Hillsborough County", "county": "Hillsborough", "meeting_body": "Land Use Hearing Officer", "meeting_date": "2026-06-15", "title": "Application Number:\tVAR 26-0793\t\nApplicant:\tSusan Chandra\t\nLocation: \t16116 Lake Magdalene Blvd\t\nFolio Number: \t017008.0000\t\nAcreage (+/-):\t1.58 acres, more or less\t\nComprehensive Plan:\tR-4\t\nService Area:\tUrban\t\nExisting Zoning:\tAS-1\t\nRequest:\tVariance to Fence and Wall Requirements.", "summary": "", "plain": "Variance \u00b7 1.58 ac \u2014 at 16116 Lake Magdalene Blvd, Hillsborough County", "link": "https://hillsboroughcounty.legistar.com/LegislationDetail.aspx?ID=8062693&GUID=B4B0A956-CE2F-4E96-B7D1-EE91C6AAE594&G=3144BC14-0EA0-4A0F-BC83-C4F8B333D0E8&Options=&Search=", "project_type": "variance", "multifamily": false, "address": "16116 Lake Magdalene Blvd", "parcel": null, "status": "heard", "first_seen": "2026-07-06", "units": null, "acres": 1.58, "score": 0}}, {"type": "Feature", "geometry": {"type": "Point", "coordinates": [-82.501548573201, 28.014941731427]}, "properties": {"id": "5c1e118f111bdf29", "source": "hillsborough-county", "jurisdiction": "Hillsborough County", "county": "Hillsborough", "meeting_body": "Land Use Hearing Officer", "meeting_date": "2026-06-15", "title": "Application Number:\tVAR 26-0845\t\nApplicant:\tMiladys Guevara Lorente\t\nLocation: \t7227 Donald Ave\t\nFolio Number: \t027098.0000\t\nAcreage (+/-):\t0.2 acres, more or less\t\nComprehensive Plan:\tR-20\t\nService Area:\tUrban\t\nExisting Zoning:\tRSC-9\t\nRequest:\tVariance to Lot Development Standards.", "summary": "", "plain": "Variance \u00b7 0.2 ac \u2014 at 7227 Donald Ave, Hillsborough County", "link": "https://hillsboroughcounty.legistar.com/LegislationDetail.aspx?ID=8062695&GUID=A3685DD9-6577-4FE0-B5DE-B89132C30324&G=3144BC14-0EA0-4A0F-BC83-C4F8B333D0E8&Options=&Search=", "project_type": "variance", "multifamily": false, "address": "7227 Donald Ave", "parcel": null, "status": "heard", "first_seen": "2026-07-06", "units": null, "acres": 0.2, "score": 0}}, {"type": "Feature", "geometry": {"type": "Point", "coordinates": [-81.5251339, 28.6827377]}, "properties": {"id": "d40ad7656680a00d", "source": "hillsborough-county", "jurisdiction": "Hillsborough County", "county": "Hillsborough", "meeting_body": "Land Use Hearing Officer", "meeting_date": "2026-06-15", "title": "Application Number:\nSU-SCH 26-0538\nApplicant:\nTemplo Filadelfia, Inc\nLocation: \nSR 674 Hwy.,in between 5th St. and 4th St. N. side of SR 674 Hwy.\nFolio Number: \n79211.0000, 79213.0000, 79213.1000\nAcreage (+/-):\n2.25 acres, more or less\nComprehensive Plan:\nOC-20\nService Area:\nUrban\nExisting Zoning:\nRSC-6\nRequest:\nSpecial Use for Church, Variance to Wimauma Downtown\n\nOverlay District Requirements.", "summary": "", "plain": "Variance \u00b7 2.25 ac \u2014 at 674 Hwy, Hillsborough County", "link": "https://hillsboroughcounty.legistar.com/LegislationDetail.aspx?ID=8001973&GUID=4E715857-B083-4981-9D85-F610CB4B310C&G=3144BC14-0EA0-4A0F-BC83-C4F8B333D0E8&Options=&Search=", "project_type": "variance", "multifamily": false, "address": "674 Hwy", "parcel": null, "status": "heard", "first_seen": "2026-07-06", "units": null, "acres": 2.25, "score": 1}}, {"type": "Feature", "geometry": {"type": "Point", "coordinates": [-82.302344199944, 27.979386506561]}, "properties": {"id": "594bea65a469683e", "source": "hillsborough-county", "jurisdiction": "Hillsborough County", "county": "Hillsborough", "meeting_body": "BOCC Land Use", "meeting_date": "2026-06-09", "title": "Application Number:  \tRZ-PD 26-0431\t\r\nApplicant:\tPSS, LLC\t\r\nLocation:   \t3814 Lemon Ave.\t\r\nFolio Number: \t65729.0000\t\r\nAcreage:    \t2.25 acres, more or less\t\r\nComprehensive Plan:   \tRES-9\t\r\nService Area:    \tUrban\t\r\nCommunity Plan:    \tSeffner-Mango\t\r\nExisting Zoning:    \tPD 20-0102 & RDC-12\t\r\nRequest:     \tRezone to PD\t\r\nRECOMMENDATION: \t\t\r\nZoning Hearing Master:   \tApproval\t\r\nDevelopment Service", "summary": "", "plain": "Rezoning \u00b7 2.25 ac \u2014 at 3814 Lemon Ave, Hillsborough County", "link": "https://hillsboroughcounty.legistar.com/LegislationDetail.aspx?ID=7989568&GUID=D3794F84-98CA-4404-8357-84A7B7A52D5E&G=3144BC14-0EA0-4A0F-BC83-C4F8B333D0E8&Options=&Search=", "project_type": "rezoning", "multifamily": false, "address": "3814 Lemon Ave", "parcel": null, "status": "heard", "first_seen": "2026-07-06", "units": null, "acres": 2.25, "score": 2}}, {"type": "Feature", "geometry": {"type": "Point", "coordinates": [-82.515940317915, 28.025379515026]}, "properties": {"id": "73e0309fdcc495db", "source": "hillsborough-county", "jurisdiction": "Hillsborough County", "county": "Hillsborough", "meeting_body": "BOCC Land Use", "meeting_date": "2026-06-09", "title": "Application Number:  \tRZ-STD 26-0609\t\r\nApplicant:\tEL RANCHO FOOD TRUCK, LLC\t\r\nLocation:   \t4332 W Waters Ave.\t\r\nFolio Number: \t27150.0000\t\r\nAcreage:    \t1.06 acres, more or less\t\r\nComprehensive Plan:   \tRES-12 & RES-9\t\r\nService Area:    \tUrban\t\r\nCommunity Plan:    \tNone\t\r\nExisting Zoning:    \tBPO\t\r\nRequest:     \tRezone to CG\t\r\nRECOMMENDATION: \t\t\r\nZoning Hearing Master:   \tApproval\t\r\nDevelopment Se", "summary": "", "plain": "Rezoning \u00b7 1.06 ac \u2014 at 4332 W Waters Ave, Hillsborough County", "link": "https://hillsboroughcounty.legistar.com/LegislationDetail.aspx?ID=7989577&GUID=96343466-E94E-4677-8FFB-8595BFFAA613&G=3144BC14-0EA0-4A0F-BC83-C4F8B333D0E8&Options=&Search=", "project_type": "rezoning", "multifamily": false, "address": "4332 W Waters Ave", "parcel": null, "status": "heard", "first_seen": "2026-07-06", "units": null, "acres": 1.06, "score": 1}}, {"type": "Feature", "geometry": {"type": "Point", "coordinates": [-80.2729711, 25.814726]}, "properties": {"id": "dac1e0550967a1bb", "source": "hillsborough-county", "jurisdiction": "Hillsborough County", "county": "Hillsborough", "meeting_body": "BOCC Land Use", "meeting_date": "2026-06-09", "title": "Application Number:  \tPRS 26-0472\t\r\nApplicant:\tPSS, LLC\t\r\nLocation:   \t11611 & 11015 E Dr Martin Luther King Jr Blvd.\t\r\nFolio Number: \t65688.0000 & Portion of 65729.0000\t\r\nAcreage:    \t3.445 acres, more or less\t\r\nComprehensive Plan:   \tRES-9\t\r\nService Area:    \tUrban\t\r\nCommunity Plan:    \tSeffner Mango\t\r\nExisting Zoning:    \tPD (20-0102)\t\r\nRequest:     \tMinor Modification to PD\t\r\n\t\u00b7 Modify site pl", "summary": "", "plain": "Site plan \u00b7 3.445 ac \u2014 at 11015 E Dr, Hillsborough County", "link": "https://hillsboroughcounty.legistar.com/LegislationDetail.aspx?ID=7965898&GUID=7F8B46EC-AD87-4923-92B1-A2F46407D4A9&G=3144BC14-0EA0-4A0F-BC83-C4F8B333D0E8&Options=&Search=", "project_type": "site-plan", "multifamily": false, "address": "11015 E Dr", "parcel": null, "status": "heard", "first_seen": "2026-07-06", "units": null, "acres": 3.445, "score": 1}}, {"type": "Feature", "geometry": {"type": "Point", "coordinates": [-80.1969501, 25.9369542]}, "properties": {"id": "61da800195398dba", "source": "hillsborough-county", "jurisdiction": "Hillsborough County", "county": "Hillsborough", "meeting_body": "BOCC Land Use", "meeting_date": "2026-06-09", "title": "Application Number:  \tRZ-PD 26-0328\t\r\nApplicant:\tOKOYE MORGAN / ROCK SOLID CONSTRUCTION\t\r\nLocation:   \t5600 & 5602 E Dr. Martin Luther King Jr. Blvd.\t\r\nFolio Number: \t41920.0000 & 41932.0000\t\r\nAcreage:    \t0.51 acres, more or less\t\r\nComprehensive Plan:   \tRES-12\t\r\nService Area:    \tUrban\t\r\nCommunity Plan:    \tEast Lake-Orient Park\t\r\nExisting Zoning:    \tCN\t\r\nRequest:     \tRezone to PD\t\r\nRECOMMENDA", "summary": "", "plain": "Rezoning \u00b7 0.51 ac \u2014 at 5602 E Dr, Hillsborough County", "link": "https://hillsboroughcounty.legistar.com/LegislationDetail.aspx?ID=7953519&GUID=C7CCCEA5-FA58-4DAB-BB2A-DD64A938ADC8&G=3144BC14-0EA0-4A0F-BC83-C4F8B333D0E8&Options=&Search=", "project_type": "rezoning", "multifamily": false, "address": "5602 E Dr", "parcel": null, "status": "heard", "first_seen": "2026-07-06", "units": null, "acres": 0.51, "score": 1}}, {"type": "Feature", "geometry": {"type": "Point", "coordinates": [-82.386528869388, 27.911941646488]}, "properties": {"id": "9e5c49240c8ab96e", "source": "hillsborough-county", "jurisdiction": "Hillsborough County", "county": "Hillsborough", "meeting_body": "BOCC Land Use", "meeting_date": "2026-06-09", "title": "Application Number:  \tRZ-STD 26-0541\t\r\nApplicant:\tMARK BENTLEY\t\r\nLocation:   \t6106 Hartford St.\t\r\nFolio Number: \t47174.0100\t\r\nAcreage:    \t2.3 acres, more or less\t\r\nComprehensive Plan:   \tLI\t\r\nService Area:    \tUrban\t\r\nCommunity Plan:    \tPalm River-Progress Village\t\r\nExisting Zoning:    \tASC-1\t\r\nRequest:     \tRezone to M(R)\t\r\nRECOMMENDATION: \t\t\r\nZoning Hearing Master:   \tApproval\t\r\nDevelopment Se", "summary": "", "plain": "Rezoning \u00b7 2.3 ac \u2014 at 6106 Hartford St, Hillsborough County", "link": "https://hillsboroughcounty.legistar.com/LegislationDetail.aspx?ID=7989575&GUID=DB2C09DA-0794-4CEB-937A-0518161B1EDA&G=3144BC14-0EA0-4A0F-BC83-C4F8B333D0E8&Options=&Search=", "project_type": "rezoning", "multifamily": false, "address": "6106 Hartford St", "parcel": null, "status": "heard", "first_seen": "2026-07-06", "units": null, "acres": 2.3, "score": 2}}, {"type": "Feature", "geometry": {"type": "Point", "coordinates": [-82.302551337429, 28.012061355726]}, "properties": {"id": "187be013420c721e", "source": "hillsborough-county", "jurisdiction": "Hillsborough County", "county": "Hillsborough", "meeting_body": "Zoning Hearing Master", "meeting_date": "2026-05-26", "title": "Application Number:\r\nMM 26-0340\r\nApplicant:\r\nJACOB T. CREMER / BARBAS CREMER, PLLC\r\nLocation: \r\n6210 579 Hwy.\r\nFolio Number: \r\nPortion of 624720.0000\r\nAcreage (+/-):\r\n37.87\r\nComprehensive Plan:\r\nR-4\r\nService Area:\r\nRural\r\nExisting Zoning:\r\nPD (98-0667)\r\nRequest:\r\nMajor Modification to Planned Development", "summary": "", "plain": "Planned development (PUD) \u2014 at 6210 579 Hwy, Hillsborough County", "link": "https://hillsboroughcounty.legistar.com/LegislationDetail.aspx?ID=7953527&GUID=58167939-4466-46CE-A933-994781E0457E&G=3144BC14-0EA0-4A0F-BC83-C4F8B333D0E8&Options=&Search=", "project_type": "pud", "multifamily": false, "address": "6210 579 Hwy", "parcel": null, "status": "heard", "first_seen": "2026-07-06", "units": null, "acres": null, "score": 1}}, {"type": "Feature", "geometry": {"type": "Point", "coordinates": [-82.368807195621, 28.009510106481]}, "properties": {"id": "9fd601098a36d1d3", "source": "hillsborough-county", "jurisdiction": "Hillsborough County", "county": "Hillsborough", "meeting_body": "BOCC Land Use", "meeting_date": "2026-05-12", "title": "Application Number:  \tRZ-PD 25-1338 REMAND\t\r\nApplicant:\tSYED L ALI\t\r\nLocation:   \t7814 E Elm St.\t\r\nFolio Number: \t40362.0000\t\r\nAcreage:    \t0.91 acres, more or less\t\r\nComprehensive Plan:   \tCMU-12\t\r\nService Area:    \tUrban\t\r\nCommunity Plan:    \tEast Lake-Orient Park\t\r\nExisting Zoning:    \tRSC-6(MH)\t\r\nRequest:     \tRezone to PD\t\r\nRECOMMENDATION: \t\t\r\nZoning Hearing Master:   \tApproval\t\r\nDevelopment ", "summary": "", "plain": "Rezoning \u00b7 0.91 ac \u2014 at 7814 E Elm St, Hillsborough County", "link": "https://hillsboroughcounty.legistar.com/LegislationDetail.aspx?ID=7777571&GUID=F7AA5190-8F8A-4EE3-A33B-8187DC3AF8A8&G=3144BC14-0EA0-4A0F-BC83-C4F8B333D0E8&Options=&Search=", "project_type": "rezoning", "multifamily": false, "address": "7814 E Elm St", "parcel": null, "status": "heard", "first_seen": "2026-07-06", "units": null, "acres": 0.91, "score": 1}}, {"type": "Feature", "geometry": {"type": "Point", "coordinates": [-82.384992830934, 28.010797106584]}, "properties": {"id": "b55ec1ac2e9673ad", "source": "hillsborough-county", "jurisdiction": "Hillsborough County", "county": "Hillsborough", "meeting_body": "BOCC Land Use", "meeting_date": "2026-05-12", "title": "Application Number:  \tRZ-PD 25-1387\t\r\nApplicant:\tE SLIGH LLC\t\r\nLocation:   \t6214 E Sligh Ave.\t\r\nFolio Number: \t38295.0000\t\r\nAcreage:    \t4.98 acres, more or less\t\r\nComprehensive Plan:   \tR-20\t\r\nService Area:    \tUrban\t\r\nCommunity Plan:    \tEast Lake-Orient Park\t\r\nExisting Zoning:    \tASC-1 & RSC-3\t\r\nRequest:     \tRezone to PD\t\r\nRECOMMENDATION: \t\t\r\nZoning Hearing Master:   \tApproval\t\r\nDevelopment S", "summary": "", "plain": "Rezoning \u00b7 4.98 ac \u2014 at 6214 E Sligh Ave, Hillsborough County", "link": "https://hillsboroughcounty.legistar.com/LegislationDetail.aspx?ID=7777579&GUID=1176207C-F6E2-4128-BF15-107FBF701DBF&G=3144BC14-0EA0-4A0F-BC83-C4F8B333D0E8&Options=&Search=", "project_type": "rezoning", "multifamily": false, "address": "6214 E Sligh Ave", "parcel": null, "status": "heard", "first_seen": "2026-07-06", "units": null, "acres": 4.98, "score": 2}}, {"type": "Feature", "geometry": {"type": "Point", "coordinates": [-82.37045896671, 27.85106507851]}, "properties": {"id": "2513d5f59517b570", "source": "hillsborough-county", "jurisdiction": "Hillsborough County", "county": "Hillsborough", "meeting_body": "BOCC Land Use", "meeting_date": "2026-05-12", "title": "Application Number:  \tRZ-STD 26-0468\t\r\nApplicant:\tARTHUR GILLETTE\t\r\nLocation:   \t10002 Alafia St.\t\r\nFolio Number: \t49846.0000\t\r\nAcreage:    \t0.86 acres, more or less\t\r\nComprehensive Plan:   \tR-4\t\r\nService Area:    \tUrban\t\r\nCommunity Plan:    \tAS-1\t\r\nExisting Zoning:    \tGibsonton\t\r\nRequest:     \tRezone to AS-1 SB\t\r\nRECOMMENDATION: \t\t\r\nZoning Hearing Master:   \t(Delete and Enter Text)\t\r\nDevelopment", "summary": "", "plain": "Rezoning \u00b7 0.86 ac \u2014 at 10002 Alafia St, Hillsborough County", "link": "https://hillsboroughcounty.legistar.com/LegislationDetail.aspx?ID=7953532&GUID=A9096DF5-A871-41AD-9798-1EBABCA64131&G=3144BC14-0EA0-4A0F-BC83-C4F8B333D0E8&Options=&Search=", "project_type": "rezoning", "multifamily": false, "address": "10002 Alafia St", "parcel": null, "status": "heard", "first_seen": "2026-07-06", "units": null, "acres": 0.86, "score": 1}}, {"type": "Feature", "geometry": {"type": "Point", "coordinates": [-82.354437580162, 27.693957384511]}, "properties": {"id": "d7f5b7cf2a5b85a4", "source": "hillsborough-county", "jurisdiction": "Hillsborough County", "county": "Hillsborough", "meeting_body": "BOCC Land Use", "meeting_date": "2026-05-12", "title": "V26-0010 Public Hearing - Vacating Petition by Joseph Bernhardt and Michelle Andersen-Bernhardt \t\r\nto vacate a portion of a platted public drainage easement located at 2327 Platinum Drive in Sun City \t\r\nCenter, within Folio 057472-2822.\t\r\nAdopt a Resolution vacating a portion of a platted public drainage easement, consisting of approximately 40.4\t\r\nsquare feet, within Lot 6, Block 2 of the plat of", "summary": "", "plain": "Plat / subdivision \u2014 at 2327 Platinum Drive, Hillsborough County", "link": "https://hillsboroughcounty.legistar.com/LegislationDetail.aspx?ID=8004495&GUID=9681B3E7-02A6-406A-B86E-320A88B514FB&G=3144BC14-0EA0-4A0F-BC83-C4F8B333D0E8&Options=&Search=", "project_type": "plat", "multifamily": false, "address": "2327 Platinum Drive", "parcel": null, "status": "heard", "first_seen": "2026-07-06", "units": null, "acres": null, "score": 0}}, {"type": "Feature", "geometry": {"type": "Point", "coordinates": [-82.463524013353, 28.066939247798]}, "properties": {"id": "bb9c2eab142f0817", "source": "hillsborough-county", "jurisdiction": "Hillsborough County", "county": "Hillsborough", "meeting_body": "BOCC Land Use", "meeting_date": "2026-05-12", "title": "Application Number:\t \r\nRZ-PD 25-0383\r\nApplicant:\r\nBASSAM DAMMAK\r\nLocation: \t \r\n13120 N Ola Ave.\r\nFolio Number: \r\n18021.0000\r\nAcreage:\t\t\t \r\n4.92 acres, more or less\r\nComprehensive Plan: \t \r\nR-4\r\nService Area: \t\t \r\nUrban\r\nCommunity Plan: \t\t \r\nGreater Carrollwood Northdale\r\nExisting Zoning: \t\t \r\nRSC-6\r\nRequest: \t\t\t \r\nRezone to PD\r\nRECOMMENDATION: \r\n\r\nZoning Hearing Master: \t \r\nApproval\r\nDevelopment S", "summary": "", "plain": "Rezoning \u00b7 4.92 ac \u2014 at 13120 N Ola Ave, Hillsborough County", "link": "https://hillsboroughcounty.legistar.com/LegislationDetail.aspx?ID=7398231&GUID=B5349C4A-3A8D-4724-90FE-2CDF1D6352E3&G=3144BC14-0EA0-4A0F-BC83-C4F8B333D0E8&Options=&Search=", "project_type": "rezoning", "multifamily": false, "address": "13120 N Ola Ave", "parcel": null, "status": "heard", "first_seen": "2026-07-06", "units": null, "acres": 4.92, "score": 2}}, {"type": "Feature", "geometry": {"type": "Point", "coordinates": [-81.945953502552, 26.590941851778]}, "properties": {"id": "ffd3d2636fcfca37", "source": "hillsborough-county", "jurisdiction": "Hillsborough County", "county": "Hillsborough", "meeting_body": "BOCC Land Use", "meeting_date": "2026-05-12", "title": "Application Number:  \tRZ-PD 25-0882\t\r\nApplicant:\tDAVID WRIGHT / TSP COMPANIES, INC.\t\r\nLocation:   \t1410 & 1414 SE 33rd St.\t\r\nFolio Number: \t55074.0300 & 55074.0400\t\r\nAcreage:    \t9.66 acres, more or less\t\r\nComprehensive Plan:   \tCMU-12\t\r\nService Area:    \tUrban\t\r\nCommunity Plan:    \tSun City Center & SouthShore Areawide Systems\t\r\nExisting Zoning:    \tAS-1\t\r\nRequest:     \tRezone to PD\t\r\nRECOMMENDAT", "summary": "", "plain": "Rezoning \u00b7 9.66 ac \u2014 at 1414 SE 33rd St, Hillsborough County", "link": "https://hillsboroughcounty.legistar.com/LegislationDetail.aspx?ID=7652978&GUID=8DCEBB38-C3C6-41F6-B460-FC1C7D6EE144&G=3144BC14-0EA0-4A0F-BC83-C4F8B333D0E8&Options=&Search=", "project_type": "rezoning", "multifamily": false, "address": "1414 SE 33rd St", "parcel": null, "status": "heard", "first_seen": "2026-07-06", "units": null, "acres": 9.66, "score": 2}}, {"type": "Feature", "geometry": {"type": "Point", "coordinates": [-82.200030993454, 27.84524083967]}, "properties": {"id": "0e84f445b7319221", "source": "hillsborough-county", "jurisdiction": "Hillsborough County", "county": "Hillsborough", "meeting_body": "BOCC Land Use", "meeting_date": "2026-05-12", "title": "Application Number:  \tRZ-PD 26-0213\t\r\nApplicant:\tALMOSTA FARM ATHLETICS LLC\t\r\nLocation:   \t18834 Boyette Rd.\t\r\nFolio Number: \t88255.0300\t\r\nAcreage:    \t9.98 acres, more or less\t\r\nComprehensive Plan:   \tR-2\t\r\nService Area:    \tUrban\t\r\nCommunity Plan:    \tSouthShore Areawide Systems\t\r\nExisting Zoning:    \tAR\t\r\nRequest:     \tRezone to PD\t\r\nRECOMMENDATION: \t\t\r\nZoning Hearing Master:   \tDenial\t\r\nDevelo", "summary": "", "plain": "Rezoning \u00b7 9.98 ac \u2014 at 18834 Boyette Rd, Hillsborough County", "link": "https://hillsboroughcounty.legistar.com/LegislationDetail.aspx?ID=7921046&GUID=0EDE298D-A7F9-41FB-877F-1CD2EE45EB01&G=3144BC14-0EA0-4A0F-BC83-C4F8B333D0E8&Options=&Search=", "project_type": "rezoning", "multifamily": false, "address": "18834 Boyette Rd", "parcel": null, "status": "heard", "first_seen": "2026-07-06", "units": null, "acres": 9.98, "score": 2}}, {"type": "Feature", "geometry": {"type": "Point", "coordinates": [-82.373092499426, 27.977080887079]}, "properties": {"id": "49b6dc10a89caed7", "source": "hillsborough-county", "jurisdiction": "Hillsborough County", "county": "Hillsborough", "meeting_body": "BOCC Land Use", "meeting_date": "2026-05-12", "title": "Application Number:  \tRZ-STD 26-0359\t\r\nApplicant:\tMATTHEW SPERO\t\r\nLocation:   \t3614 Orient Rd.\t\r\nFolio Number: \t42017.0000\t\r\nAcreage:    \t0.29 acres, more or less\t\r\nComprehensive Plan:   \tR-12\t\r\nService Area:    \tUrban\t\r\nCommunity Plan:    \tEast Lake-Orient Park\t\r\nExisting Zoning:    \tRDC-12\t\r\nRequest:     \tRezone to RMC-12\t\r\nRECOMMENDATION: \t\t\r\nZoning Hearing Master:   \tApproval\t\r\nDevelopment Ser", "summary": "", "plain": "Rezoning \u00b7 0.29 ac \u2014 at 3614 Orient Rd, Hillsborough County", "link": "https://hillsboroughcounty.legistar.com/LegislationDetail.aspx?ID=7921055&GUID=89CF4FDF-A951-4FC7-9E6E-0911DC9BF871&G=3144BC14-0EA0-4A0F-BC83-C4F8B333D0E8&Options=&Search=", "project_type": "rezoning", "multifamily": false, "address": "3614 Orient Rd", "parcel": null, "status": "heard", "first_seen": "2026-07-06", "units": null, "acres": 0.29, "score": 1}}, {"type": "Feature", "geometry": {"type": "Point", "coordinates": [-82.075760757219, 27.846688669379]}, "properties": {"id": "be459055f0d8e1e3", "source": "hillsborough-county", "jurisdiction": "Hillsborough County", "county": "Hillsborough", "meeting_body": "BOCC Land Use", "meeting_date": "2026-05-12", "title": "Application Number:  \tRZ-STD 26-0457\t\r\nApplicant:\tDONALD A. & KATHARINE M THOMPSON\t\r\nLocation:   \t10737 Albritton Rd.\t\r\nFolio Number: \t93810.0000\t\r\nAcreage:    \t3.68 acres, more or less\t\r\nComprehensive Plan:   \tR-1\t\r\nService Area:    \tRural\t\r\nCommunity Plan:    \tSouthShore Areawide Systems\t\r\nExisting Zoning:    \tAR\t\r\nRequest:     \tRezone to AS-1\t\r\nRECOMMENDATION: \t\t\r\nZoning Hearing Master:   \tAppr", "summary": "", "plain": "Rezoning \u00b7 3.68 ac \u2014 at 10737 Albritton Rd, Hillsborough County", "link": "https://hillsboroughcounty.legistar.com/LegislationDetail.aspx?ID=7953531&GUID=353503D6-70C0-4A8F-AFE5-6F47613F9E64&G=3144BC14-0EA0-4A0F-BC83-C4F8B333D0E8&Options=&Search=", "project_type": "rezoning", "multifamily": false, "address": "10737 Albritton Rd", "parcel": null, "status": "heard", "first_seen": "2026-07-06", "units": null, "acres": 3.68, "score": 2}}, {"type": "Feature", "geometry": {"type": "Point", "coordinates": [-82.460757952627, 28.169259564911]}, "properties": {"id": "e9d15f43bdbe19cb", "source": "hillsborough-county", "jurisdiction": "Hillsborough County", "county": "Hillsborough", "meeting_body": "Land Use Hearing Officer", "meeting_date": "2026-05-11", "title": "Application Number:\tVAR-WS 26-0590\t\nApplicant:\tAshley & Cody Brown\t\nLocation: \t19808 Rhea See Dr\t\nFolio Number: \tPortion of 012274.0040\t\nAcreage (+/-):\t0.55 acres, more or less\t\nComprehensive Plan:\tR-2\t\nService Area:\tRural\t\nExisting Zoning:\tRSC-4\t\nRequest:\tVariance to Encroach into the Wetland Setback.", "summary": "", "plain": "Variance \u00b7 0.55 ac \u2014 at 19808 Rhea See Dr, Hillsborough County", "link": "https://hillsboroughcounty.legistar.com/LegislationDetail.aspx?ID=8001974&GUID=C5857DE3-2101-4C74-BB3C-0248D7DE956C&G=3144BC14-0EA0-4A0F-BC83-C4F8B333D0E8&Options=&Search=", "project_type": "variance", "multifamily": false, "address": "19808 Rhea See Dr", "parcel": null, "status": "heard", "first_seen": "2026-07-06", "units": null, "acres": 0.55, "score": 0}}, {"type": "Feature", "geometry": {"type": "Point", "coordinates": [-82.512607875216, 28.011101545876]}, "properties": {"id": "54eeefacf53d6b05", "source": "hillsborough-county", "jurisdiction": "Hillsborough County", "county": "Hillsborough", "meeting_body": "Land Use Hearing Officer", "meeting_date": "2026-05-11", "title": "Application Number:\tVAR 26-0596\t\nApplicant:\tLuisa I Alonso\t\nLocation: \t6917 N. Cameron Ave\t\nFolio Number: \t026284.0000\t\nAcreage (+/-):\t0.14 acres, more or less\t\nComprehensive Plan:\tR-9\t\nService Area:\tUrban\t\nExisting Zoning:\tRSC-9\t\nRequest:\tVariance to Lot Development Standards.", "summary": "", "plain": "Variance \u00b7 0.14 ac \u2014 at 6917 N. Cameron Ave, Hillsborough County", "link": "https://hillsboroughcounty.legistar.com/LegislationDetail.aspx?ID=8001975&GUID=51BF699F-3DB2-4FDE-B664-12F07ECFCF47&G=3144BC14-0EA0-4A0F-BC83-C4F8B333D0E8&Options=&Search=", "project_type": "variance", "multifamily": false, "address": "6917 N. Cameron Ave", "parcel": null, "status": "heard", "first_seen": "2026-07-06", "units": null, "acres": 0.14, "score": 0}}, {"type": "Feature", "geometry": {"type": "Point", "coordinates": [-82.153700775837, 27.863422209753]}, "properties": {"id": "471aeb1b3c8902c8", "source": "hillsborough-county", "jurisdiction": "Hillsborough County", "county": "Hillsborough", "meeting_body": "Land Use Hearing Officer", "meeting_date": "2026-05-11", "title": "Application Number:\tVAR 26-0598\t\nApplicant:\tJason McIrvin\t\nLocation: \t9710 Brantley Rd\t\nFolio Number: \t093601.6400\t\nAcreage (+/-):\t10.0 acres, more or less\t\nComprehensive Plan:\tA/R\t\nService Area:\tRural\t\nExisting Zoning:\tAR\t\nRequest:\tVariance to Accessory Structure Requirements.", "summary": "", "plain": "Variance \u00b7 10 ac \u2014 at 9710 Brantley Rd, Hillsborough County", "link": "https://hillsboroughcounty.legistar.com/LegislationDetail.aspx?ID=8001976&GUID=4B43F65E-B05A-4EE3-9358-1851C8074DE9&G=3144BC14-0EA0-4A0F-BC83-C4F8B333D0E8&Options=&Search=", "project_type": "variance", "multifamily": false, "address": "9710 Brantley Rd", "parcel": null, "status": "heard", "first_seen": "2026-07-06", "units": null, "acres": 10.0, "score": 1}}, {"type": "Feature", "geometry": {"type": "Point", "coordinates": [-82.488809141965, 28.038712660475]}, "properties": {"id": "948420caf9802cae", "source": "hillsborough-county", "jurisdiction": "Hillsborough County", "county": "Hillsborough", "meeting_body": "Land Use Hearing Officer", "meeting_date": "2026-05-11", "title": "Application Number:\tVAR 26-0600\t\nApplicant:\tSuncoast Power Solutions\t\nLocation: \t9709 Hidden Cove Ct\t\nFolio Number: \t024372.1504\t\nAcreage (+/-):\t0.25 acres, more or less\t\nComprehensive Plan:\tR-4\t\nService Area:\tUrban\t\nExisting Zoning:\tRSC-6\t\nRequest:\tVariance to Lot Development Standards.", "summary": "", "plain": "Variance \u00b7 0.25 ac \u2014 at 9709 Hidden Cove Ct, Hillsborough County", "link": "https://hillsboroughcounty.legistar.com/LegislationDetail.aspx?ID=8001978&GUID=E52CD6D2-01B9-45B2-84D4-ED149A6459F3&G=3144BC14-0EA0-4A0F-BC83-C4F8B333D0E8&Options=&Search=", "project_type": "variance", "multifamily": false, "address": "9709 Hidden Cove Ct", "parcel": null, "status": "heard", "first_seen": "2026-07-06", "units": null, "acres": 0.25, "score": 0}}, {"type": "Feature", "geometry": {"type": "Point", "coordinates": [-82.221442404289, 28.021926879489]}, "properties": {"id": "2699bb83e62aafbb", "source": "hillsborough-county", "jurisdiction": "Hillsborough County", "county": "Hillsborough", "meeting_body": "Land Use Hearing Officer", "meeting_date": "2026-05-11", "title": "Application Number:\tVAR 26-0611\t\nApplicant:\tJodi M. Martin\t\nLocation: \t4813 Lynn Oaks Cir\t\nFolio Number: \t082855.0016\t\nAcreage (+/-):\t0.41 acres, more or less\t\nComprehensive Plan:\tR-2\t\nService Area:\tRural\t\nExisting Zoning:\tRSC-4\t\nRequest:\tVariance to Lot Development Standards.", "summary": "", "plain": "Variance \u00b7 0.41 ac \u2014 at 4813 Lynn Oaks Cir, Hillsborough County", "link": "https://hillsboroughcounty.legistar.com/LegislationDetail.aspx?ID=8001979&GUID=66180A87-CAA7-451A-AADD-D82F9308D525&G=3144BC14-0EA0-4A0F-BC83-C4F8B333D0E8&Options=&Search=", "project_type": "variance", "multifamily": false, "address": "4813 Lynn Oaks Cir", "parcel": null, "status": "heard", "first_seen": "2026-07-06", "units": null, "acres": 0.41, "score": 0}}, {"type": "Feature", "geometry": {"type": "Point", "coordinates": [-82.572705886974, 28.028655455714]}, "properties": {"id": "7f13b15857330737", "source": "hillsborough-county", "jurisdiction": "Hillsborough County", "county": "Hillsborough", "meeting_body": "Land Use Hearing Officer", "meeting_date": "2026-05-11", "title": "Application Number:\tVAR 26-0619\t\nApplicant:\tLenia Almarales Ganen\t\nLocation: \t8325 Elkwood Ln.\t\nFolio Number: \tPD 71-0267\t\nAcreage (+/-):\t0.07 acres, more or less\t\nComprehensive Plan:\tR-9\t\nService Area:\tUrban\t\nExisting Zoning:\tPD 71-0267\t\nRequest:\tVariance to Lot Development Standards.", "summary": "", "plain": "Variance \u00b7 0.07 ac \u2014 at 8325 Elkwood Ln, Hillsborough County", "link": "https://hillsboroughcounty.legistar.com/LegislationDetail.aspx?ID=8001980&GUID=DAADC5E2-DC6C-4E5F-A014-353B9E0D7F5E&G=3144BC14-0EA0-4A0F-BC83-C4F8B333D0E8&Options=&Search=", "project_type": "variance", "multifamily": false, "address": "8325 Elkwood Ln", "parcel": null, "status": "heard", "first_seen": "2026-07-06", "units": null, "acres": 0.07, "score": 0}}, {"type": "Feature", "geometry": {"type": "Point", "coordinates": [-82.559369824816, 28.07551100962]}, "properties": {"id": "57a71369384a6988", "source": "hillsborough-county", "jurisdiction": "Hillsborough County", "county": "Hillsborough", "meeting_body": "Land Use Hearing Officer", "meeting_date": "2026-05-11", "title": "Application Number:\tVAR 26-0682\t\nApplicant:\tLuisa I Alonso\t\nLocation: \t14005 Fullerton Dr\t\nFolio Number: \t003030.5670\t\nAcreage (+/-):\t0.15 acres, more or less\t\nComprehensive Plan:\tR-4\t\nService Area:\tUrban\t\nExisting Zoning:\tPD 80-0260\t\nRequest:\tVariance to Lot Development Standards.", "summary": "", "plain": "Variance \u00b7 0.15 ac \u2014 at 14005 Fullerton Dr, Hillsborough County", "link": "https://hillsboroughcounty.legistar.com/LegislationDetail.aspx?ID=8001984&GUID=5C01BE94-D33E-4974-997C-192517F12547&G=3144BC14-0EA0-4A0F-BC83-C4F8B333D0E8&Options=&Search=", "project_type": "variance", "multifamily": false, "address": "14005 Fullerton Dr", "parcel": null, "status": "heard", "first_seen": "2026-07-06", "units": null, "acres": 0.15, "score": 0}}, {"type": "Feature", "geometry": {"type": "Point", "coordinates": [-82.326500743459, 27.879073136933]}, "properties": {"id": "ed0cbab0b7d987de", "source": "hillsborough-county", "jurisdiction": "Hillsborough County", "county": "Hillsborough", "meeting_body": "Land Use Hearing Officer", "meeting_date": "2026-05-11", "title": "Application Number:\tVAR 26-0684\t\nApplicant:\tMiroslav Mitusina\t\nLocation: \t10710 Hackney Dr & 10714 Hackney\t\nFolio Number: \tDr and SE corner of US Hwy 301 &\t\n\tLake Saint Charles Blvd\t\nAcreage (+/-):\t0.96 acres, more or less\t\nComprehensive Plan:\tOC-20, R-6\t\nService Area:\tUrban\t\nExisting Zoning:\tPD 03-0318\t\nRequest:\tVariance to Riverview Downtown-Uptown\t\n\tOverlay District Requirements.", "summary": "", "plain": "Variance \u00b7 0.96 ac \u2014 at 10710 Hackney Dr, Hillsborough County", "link": "https://hillsboroughcounty.legistar.com/LegislationDetail.aspx?ID=8001985&GUID=4532B545-20BD-454A-94A4-3F69AE4898A9&G=3144BC14-0EA0-4A0F-BC83-C4F8B333D0E8&Options=&Search=", "project_type": "variance", "multifamily": false, "address": "10710 Hackney Dr", "parcel": null, "status": "heard", "first_seen": "2026-07-06", "units": null, "acres": 0.96, "score": 0}}, {"type": "Feature", "geometry": {"type": "Point", "coordinates": [-82.32153370938, 27.712547291466]}, "properties": {"id": "532f70f0f47c9bfe", "source": "hillsborough-county", "jurisdiction": "Hillsborough County", "county": "Hillsborough", "meeting_body": "Land Use Hearing Officer", "meeting_date": "2026-05-11", "title": "Application Number:\tVAR 26-0695\t\nApplicant:\tElizabeth Guiterrez\t\nLocation: \t5128 SR 674 Hwy\t\nFolio Number: \t078892.0100\t\nAcreage (+/-):\t2.45 acres, more or less\t\nComprehensive Plan:\tOC-20\t\nService Area:\tUrban\t\nExisting Zoning:\tAS-1, CG\t\nRequest:\tVariance to the Wimauma Downtown Overlay District Requirements.", "summary": "", "plain": "Variance \u00b7 2.45 ac \u2014 at 5128 SR 674 Hwy, Hillsborough County", "link": "https://hillsboroughcounty.legistar.com/LegislationDetail.aspx?ID=8001987&GUID=F28D096D-27B2-464F-A5F9-1808208E31EA&G=3144BC14-0EA0-4A0F-BC83-C4F8B333D0E8&Options=&Search=", "project_type": "variance", "multifamily": false, "address": "5128 SR 674 Hwy", "parcel": null, "status": "heard", "first_seen": "2026-07-06", "units": null, "acres": 2.45, "score": 1}}, {"type": "Feature", "geometry": {"type": "Point", "coordinates": [-82.344736362716, 27.995623055589]}, "properties": {"id": "bafbf1f912219af9", "source": "hillsborough-county", "jurisdiction": "Hillsborough County", "county": "Hillsborough", "meeting_body": "Land Use Hearing Officer", "meeting_date": "2026-05-11", "title": "Application Number:\tVAR 26-0649\t\nApplicant:\tShayne Robinson\t\nLocation: \t5219 Eureka Springs Rd\t\nFolio Number: \t040563.0000\t\nAcreage (+/-):\t0.53 acres, more or less\t\nComprehensive Plan:\tCMU-12\t\nService Area:\tUrban\t\nExisting Zoning:\tCG\t\nRequest:\tVariance to Landscaping and Buffering Requirements.", "summary": "", "plain": "Variance \u00b7 0.53 ac \u2014 at 5219 Eureka Springs Rd, Hillsborough County", "link": "https://hillsboroughcounty.legistar.com/LegislationDetail.aspx?ID=8001990&GUID=AA234390-E615-404A-8A8A-B5C0BFC9BBA3&G=3144BC14-0EA0-4A0F-BC83-C4F8B333D0E8&Options=&Search=", "project_type": "variance", "multifamily": false, "address": "5219 Eureka Springs Rd", "parcel": null, "status": "heard", "first_seen": "2026-07-06", "units": null, "acres": 0.53, "score": 0}}, {"type": "Feature", "geometry": {"type": "Point", "coordinates": [-82.463406322173, 28.095156635098]}, "properties": {"id": "d44fcbf8402497fd", "source": "hillsborough-county", "jurisdiction": "Hillsborough County", "county": "Hillsborough", "meeting_body": "Land Use Hearing Officer", "meeting_date": "2026-04-13", "title": "Application Number:\tVAR 26-0531\t\r\nApplicant:\tLORI SMITH-FLORIDA CERTIFIED SIGN ERECTORS\t\r\nLocation: \t16235 Lake Magdalene Blvd.\t\r\nFolio Number: \t16986.0000\t\r\nAcreage (+/-):\t3.08 acres, more or less\t\r\nComprehensive Plan:\tR-4\t\r\nService Area:\tUrban\t\r\nExisting Zoning:\tASC-1\t\r\nRequest:\tVariance to Sign Requirements", "summary": "", "plain": "Variance \u00b7 3.08 ac \u2014 at 16235 Lake Magdalene Blvd, Hillsborough County", "link": "https://hillsboroughcounty.legistar.com/LegislationDetail.aspx?ID=7972189&GUID=05407A9D-893D-48D7-8495-77B1EE6CC7C9&G=3144BC14-0EA0-4A0F-BC83-C4F8B333D0E8&Options=&Search=", "project_type": "variance", "multifamily": false, "address": "16235 Lake Magdalene Blvd", "parcel": null, "status": "heard", "first_seen": "2026-07-06", "units": null, "acres": 3.08, "score": 1}}, {"type": "Feature", "geometry": {"type": "Point", "coordinates": [-82.403666712816, 28.012955723055]}, "properties": {"id": "a4e67c09fb97a9a8", "source": "hillsborough-county", "jurisdiction": "Hillsborough County", "county": "Hillsborough", "meeting_body": "Land Use Hearing Officer", "meeting_date": "2026-04-13", "title": "Application Number:\r\nVAR 25-1340\r\nApplicant:\r\nLaritza Lopez\r\nLocation: \r\n4525 Tarpon Dr\r\nFolio Number: \r\n039079.0000\r\nAcreage (+/-):\r\n0.21 acres, more or less\r\nComprehensive Plan:\r\nR-6\r\nService Area:\r\nUrban\r\nExisting Zoning:\r\nRSC-6\r\nRequest:\r\nRequesting a Variance to Accessory Structure Requirements.", "summary": "", "plain": "Variance \u00b7 0.21 ac \u2014 at 4525 Tarpon Dr, Hillsborough County", "link": "https://hillsboroughcounty.legistar.com/LegislationDetail.aspx?ID=7707272&GUID=8716A482-BB70-4DD8-8E6C-F2810AFA01DC&G=3144BC14-0EA0-4A0F-BC83-C4F8B333D0E8&Options=&Search=", "project_type": "variance", "multifamily": false, "address": "4525 Tarpon Dr", "parcel": null, "status": "heard", "first_seen": "2026-07-06", "units": null, "acres": 0.21, "score": 0}}, {"type": "Feature", "geometry": {"type": "Point", "coordinates": [-82.345282895507, 27.830907864566]}, "properties": {"id": "2eebaf0d137517e7", "source": "hillsborough-county", "jurisdiction": "Hillsborough County", "county": "Hillsborough", "meeting_body": "Land Use Hearing Officer", "meeting_date": "2026-04-13", "title": "Application Number:\tVAR 26-0227\t\r\nApplicant:\tMATTHEW REMSON\t\r\nLocation: \t9809 Harold Bedford Rd.\t\r\nFolio Number: \t77208.0300\t\r\nAcreage (+/-):\t1.29 acres, more or less\t\r\nComprehensive Plan:\tSMU-6\t\r\nService Area:\tUrban\t\r\nExisting Zoning:\tAR\t\r\nRequest:\tVariance to Lot Development Standards", "summary": "", "plain": "Variance \u00b7 1.29 ac \u2014 at 9809 Harold Bedford Rd, Hillsborough County", "link": "https://hillsboroughcounty.legistar.com/LegislationDetail.aspx?ID=7776697&GUID=F37312D4-52E2-4BDF-A423-44F2D25D5C4E&G=3144BC14-0EA0-4A0F-BC83-C4F8B333D0E8&Options=&Search=", "project_type": "variance", "multifamily": false, "address": "9809 Harold Bedford Rd", "parcel": null, "status": "heard", "first_seen": "2026-07-06", "units": null, "acres": 1.29, "score": 0}}, {"type": "Feature", "geometry": {"type": "Point", "coordinates": [-82.2977887, 27.994134]}, "properties": {"id": "2934af2129b7a1cd", "source": "hillsborough-county", "jurisdiction": "Hillsborough County", "county": "Hillsborough", "meeting_body": "Land Use Hearing Officer", "meeting_date": "2026-04-13", "title": "Application Number:\r\nVAR 26-0381\r\nApplicant:\r\nBERNADETTE RODGERS REVOCABLE TRUST\r\nLocation: \r\n5317 Orange Ave.\r\nFolio Number: \r\n64384.0000\r\nAcreage (+/-):\r\n0.15 acres, more or less\r\nComprehensive Plan:\r\nR-4\r\nService Area:\r\nUrban\r\nExisting Zoning:\r\nRDC-6\r\nRequest:\r\nVariance to Lot Development Standards", "summary": "", "plain": "Variance \u00b7 0.15 ac \u2014 at 5317 Orange Ave, Hillsborough County", "link": "https://hillsboroughcounty.legistar.com/LegislationDetail.aspx?ID=7865853&GUID=49C1C2E4-A898-4E06-83E8-6A2FE942424E&G=3144BC14-0EA0-4A0F-BC83-C4F8B333D0E8&Options=&Search=", "project_type": "variance", "multifamily": false, "address": "5317 Orange Ave", "parcel": null, "status": "heard", "first_seen": "2026-07-06", "units": null, "acres": 0.15, "score": 0}}, {"type": "Feature", "geometry": {"type": "Point", "coordinates": [-82.586744080911, 28.001477243987]}, "properties": {"id": "fc2a252b1e1abd89", "source": "hillsborough-county", "jurisdiction": "Hillsborough County", "county": "Hillsborough", "meeting_body": "Land Use Hearing Officer", "meeting_date": "2026-04-13", "title": "Application Number:\tVAR 26-0467\t\r\nApplicant:\tTODD SCIME\t\r\nLocation: \t9107 Memorial Hwy.\t\r\nFolio Number: \t5934.0050\t\r\nAcreage (+/-):\t0.21 acres, more or less\t\r\nComprehensive Plan:\tR-9\t\r\nService Area:\tUrban\t\r\nExisting Zoning:\tRSC-6\t\r\nRequest:\tVariance to Minimum Lot Size By Available Utilities and\t\r\n\tVariance to Lot Development Standards", "summary": "", "plain": "Variance \u00b7 0.21 ac \u2014 at 9107 Memorial Hwy, Hillsborough County", "link": "https://hillsboroughcounty.legistar.com/LegislationDetail.aspx?ID=7972184&GUID=D0E8E737-1B8F-46B2-B9E5-ED2E3829BDD1&G=3144BC14-0EA0-4A0F-BC83-C4F8B333D0E8&Options=&Search=", "project_type": "variance", "multifamily": false, "address": "9107 Memorial Hwy", "parcel": null, "status": "heard", "first_seen": "2026-07-06", "units": null, "acres": 0.21, "score": 0}}, {"type": "Feature", "geometry": {"type": "Point", "coordinates": [-82.496197892168, 28.021094059133]}, "properties": {"id": "7b6cceec823921f0", "source": "hillsborough-county", "jurisdiction": "Hillsborough County", "county": "Hillsborough", "meeting_body": "Land Use Hearing Officer", "meeting_date": "2026-04-13", "title": "Application Number:\tVAR 26-0421\t\r\nApplicant:\tYAIMARA GUAL\t\r\nLocation: \t7910 N Saint Vincent St.\t\r\nFolio Number: \t25564.0000\t\r\nAcreage (+/-):\t0.17 acres, more or less\t\r\nComprehensive Plan:\tRES-6\t\r\nService Area:\tUrban\t\r\nExisting Zoning:\tRSC-6\t\r\nRequest:\tVariance to Lot Development Standards", "summary": "", "plain": "Variance \u00b7 0.17 ac \u2014 at 7910 N Saint Vincent St, Hillsborough County", "link": "https://hillsboroughcounty.legistar.com/LegislationDetail.aspx?ID=7972185&GUID=BE024C59-66C9-4709-A519-A59BC11B3863&G=3144BC14-0EA0-4A0F-BC83-C4F8B333D0E8&Options=&Search=", "project_type": "variance", "multifamily": false, "address": "7910 N Saint Vincent St", "parcel": null, "status": "heard", "first_seen": "2026-07-06", "units": null, "acres": 0.17, "score": 0}}, {"type": "Feature", "geometry": {"type": "Point", "coordinates": [-82.226902967501, 27.816126968494]}, "properties": {"id": "f17def7701ec36f4", "source": "hillsborough-county", "jurisdiction": "Hillsborough County", "county": "Hillsborough", "meeting_body": "Land Use Hearing Officer", "meeting_date": "2026-04-13", "title": "Application Number:\tVAR 26-0479\t\r\nApplicant:\tAMBISHKUMAR PATEL\t\r\nLocation: \t12430 Horseshoe Bend Dr.\t\r\nFolio Number: \t88496.0106\t\r\nAcreage (+/-):\t0.18 acres, more or less\t\r\nComprehensive Plan:\tR-4\t\r\nService Area:\tUrban\t\r\nExisting Zoning:\tPD (17-1399)\t\r\nRequest:\tVariance to Lot Development Standards", "summary": "", "plain": "Variance \u00b7 0.18 ac \u2014 at 12430 Horseshoe Bend Dr, Hillsborough County", "link": "https://hillsboroughcounty.legistar.com/LegislationDetail.aspx?ID=7972187&GUID=0E290A72-B159-42C1-8073-1812220671BD&G=3144BC14-0EA0-4A0F-BC83-C4F8B333D0E8&Options=&Search=", "project_type": "variance", "multifamily": false, "address": "12430 Horseshoe Bend Dr", "parcel": null, "status": "heard", "first_seen": "2026-07-06", "units": null, "acres": 0.18, "score": 0}}, {"type": "Feature", "geometry": {"type": "Point", "coordinates": [-82.470764329224, 28.057962335748]}, "properties": {"id": "d8bb2d7e6d469a2e", "source": "hillsborough-county", "jurisdiction": "Hillsborough County", "county": "Hillsborough", "meeting_body": "Land Use Hearing Officer", "meeting_date": "2026-04-13", "title": "Application Number:\tVAR 26-0539\t\r\nApplicant:\tJASON FAUSETTE\t\r\nLocation: \t1014 Eckles Dr.\t\r\nFolio Number: \t20213.0000\t\r\nAcreage (+/-):\t0.28 acres, more or less\t\r\nComprehensive Plan:\tR-4\t\r\nService Area:\tUrban\t\r\nExisting Zoning:\tRSC-6\t\r\nRequest:\tVariance to Lot Development Standards", "summary": "", "plain": "Variance \u00b7 0.28 ac \u2014 at 1014 Eckles Dr, Hillsborough County", "link": "https://hillsboroughcounty.legistar.com/LegislationDetail.aspx?ID=7972190&GUID=0CDC8498-2995-4201-8A13-A1CBE352F5C9&G=3144BC14-0EA0-4A0F-BC83-C4F8B333D0E8&Options=&Search=", "project_type": "variance", "multifamily": false, "address": "1014 Eckles Dr", "parcel": null, "status": "heard", "first_seen": "2026-07-06", "units": null, "acres": 0.28, "score": 0}}, {"type": "Feature", "geometry": {"type": "Point", "coordinates": [-82.322803492021, 27.870227338833]}, "properties": {"id": "359933f8448546c1", "source": "hillsborough-county", "jurisdiction": "Hillsborough County", "county": "Hillsborough", "meeting_body": "Land Use Hearing Officer", "meeting_date": "2026-04-13", "title": "Application Number:\tVAR 26-0567\t\r\nApplicant:\tAFFORDABLE BULDING PRODUCTS OF FL\t\r\nLocation: \t8011 Hancock St.\t\r\nFolio Number: \t76020.7156\t\r\nAcreage (+/-):\t0.76 acres, more or less\t\r\nComprehensive Plan:\tR-6\t\r\nService Area:\tUrban\t\r\nExisting Zoning:\tRSC-6\t\r\nRequest:\tVariance to Accessory Structure Requirements", "summary": "", "plain": "Variance \u00b7 0.76 ac \u2014 at 8011 Hancock St, Hillsborough County", "link": "https://hillsboroughcounty.legistar.com/LegislationDetail.aspx?ID=7972191&GUID=05CD66D1-EE8E-4879-AD68-70AB92615811&G=3144BC14-0EA0-4A0F-BC83-C4F8B333D0E8&Options=&Search=", "project_type": "variance", "multifamily": false, "address": "8011 Hancock St", "parcel": null, "status": "heard", "first_seen": "2026-07-06", "units": null, "acres": 0.76, "score": 0}}, {"type": "Feature", "geometry": {"type": "Point", "coordinates": [-82.377278647523, 27.985260111393]}, "properties": {"id": "cca1137250ced7d7", "source": "hillsborough-county", "jurisdiction": "Hillsborough County", "county": "Hillsborough", "meeting_body": "BOCC Land Use", "meeting_date": "2026-04-07", "title": "Application Number:  \tRZ-PD 25-0582\t\r\nApplicant:\tPROTEK 34TH HOLDINGS, LLC\t\r\nLocation:   \t6920 E Chelsea St.\t\r\nFolio Number: \t41138.0000\t\r\nAcreage:    \t3.54 acres, more or less\t\r\nComprehensive Plan:   \tLI-P\t\r\nService Area:    \tUrban\t\r\nCommunity Plan:    \tEast Lake-Orient Park\t\r\nExisting Zoning:    \tPD (92-0096)\t\r\nRequest:     \tRezone to PD\t\r\nRECOMMENDATION: \t\t\r\nZoning Hearing Master:   \tApproval\t\r", "summary": "", "plain": "Rezoning \u00b7 3.54 ac \u2014 at 6920 E Chelsea St, Hillsborough County", "link": "https://hillsboroughcounty.legistar.com/LegislationDetail.aspx?ID=7433440&GUID=8B5F8142-5587-4C6D-94ED-6E2655C88406&G=3144BC14-0EA0-4A0F-BC83-C4F8B333D0E8&Options=&Search=", "project_type": "rezoning", "multifamily": false, "address": "6920 E Chelsea St", "parcel": null, "status": "heard", "first_seen": "2026-07-06", "units": null, "acres": 3.54, "score": 2}}, {"type": "Feature", "geometry": {"type": "Point", "coordinates": [-82.277449082467, 27.92424826415]}, "properties": {"id": "54846234fddeb6c5", "source": "hillsborough-county", "jurisdiction": "Hillsborough County", "county": "Hillsborough", "meeting_body": "BOCC Land Use", "meeting_date": "2026-04-07", "title": "Application Number:  \tRZ-PD 25-1382\t\r\nApplicant:\tBRENT & HANNAH TOWNEND\t\r\nLocation:   \t911 Bryan Rd.\t\r\nFolio Number: \t70658.0000\t\r\nAcreage:    \t1.42 acres, more or less\t\r\nComprehensive Plan:   \tRES-6\t\r\nService Area:    \tUrban\t\r\nCommunity Plan:    \tBrandon\t\r\nExisting Zoning:    \tRSC-6\t\r\nRequest:     \tRezone to PD\t\r\nRECOMMENDATION: \t\t\r\nZoning Hearing Master:   \tApproval\t\r\nDevelopment Services:   \tAp", "summary": "", "plain": "Rezoning \u00b7 1.42 ac \u2014 at 911 Bryan Rd, Hillsborough County", "link": "https://hillsboroughcounty.legistar.com/LegislationDetail.aspx?ID=7777577&GUID=CD2A49D4-179E-40E9-9487-43365DD84908&G=3144BC14-0EA0-4A0F-BC83-C4F8B333D0E8&Options=&Search=", "project_type": "rezoning", "multifamily": false, "address": "911 Bryan Rd", "parcel": null, "status": "heard", "first_seen": "2026-07-06", "units": null, "acres": 1.42, "score": 1}}, {"type": "Feature", "geometry": {"type": "Point", "coordinates": [-82.250925856585, 27.929660139296]}, "properties": {"id": "479a97b1490b75c2", "source": "hillsborough-county", "jurisdiction": "Hillsborough County", "county": "Hillsborough", "meeting_body": "BOCC Land Use", "meeting_date": "2026-04-07", "title": "V25-0016 Public Hearing - Vacating Petition by Angel Manuel Marrero, Jr. and Luz Eneida Marreo\t\r\nto vacate a portion of a platted public utility easement located at 2220 Valleybrook Avenue in Valrico,\t\r\nwithin Folio 086422- 2414.\t\r\nAdopt a Resolution vacating a portion of a platted public utility easement within Lot 20, Block 13, of Brandon-\t\r\nValrico Hills Estates Subdivision Unit No. 3, as recor", "summary": "", "plain": "Plat / subdivision \u2014 at 2220 Valleybrook Avenue, Hillsborough County", "link": "https://hillsboroughcounty.legistar.com/LegislationDetail.aspx?ID=7965896&GUID=B192CF7A-5BB9-4D97-AD03-56D430E63A5B&G=3144BC14-0EA0-4A0F-BC83-C4F8B333D0E8&Options=&Search=", "project_type": "plat", "multifamily": false, "address": "2220 Valleybrook Avenue", "parcel": null, "status": "heard", "first_seen": "2026-07-06", "units": null, "acres": null, "score": 0}}, {"type": "Feature", "geometry": {"type": "Point", "coordinates": [-82.067122174259, 28.037241756361]}, "properties": {"id": "9c628495c895cfaa", "source": "hillsborough-county", "jurisdiction": "Hillsborough County", "county": "Hillsborough", "meeting_body": "BOCC Land Use", "meeting_date": "2026-04-07", "title": "Application Number:  \tRZ-PD 24-0921\t\r\nApplicant:\tTRUE BUILDERS, INC. / ISSAC J. TURPIN\t\r\nLocation:   \t4020 N Frontage Rd.\t\r\nFolio Number: \t90391.0600\t\r\nAcreage:    \t2.45 acres, more or less\t\r\nComprehensive Plan:   \tRES-1\t\r\nService Area:    \tRural\t\r\nCommunity Plan:    \tNone\t\r\nExisting Zoning:    \tASC-1\t\r\nRequest:     \tRezone to PD\t\r\nRECOMMENDATION: \t\t\r\nZoning Hearing Master:   \tApproval\t\r\nDevelopme", "summary": "", "plain": "Rezoning \u00b7 2.45 ac \u2014 at 4020 N Frontage Rd, Hillsborough County", "link": "https://hillsboroughcounty.legistar.com/LegislationDetail.aspx?ID=6857702&GUID=EE6A3B3F-89B6-45A5-BBC8-2280092A3289&G=3144BC14-0EA0-4A0F-BC83-C4F8B333D0E8&Options=&Search=", "project_type": "rezoning", "multifamily": false, "address": "4020 N Frontage Rd", "parcel": null, "status": "heard", "first_seen": "2026-07-06", "units": null, "acres": 2.45, "score": 2}}, {"type": "Feature", "geometry": {"type": "Point", "coordinates": [-82.316503633935, 27.999035495625]}, "properties": {"id": "e458d3052165fb3d", "source": "hillsborough-county", "jurisdiction": "Hillsborough County", "county": "Hillsborough", "meeting_body": "Zoning Hearing Master", "meeting_date": "2026-03-23", "title": "Application Number:\r\nRZ-PD 25-0939\r\nApplicant:\r\nLEDBETTER MHP, LLC\r\nLocation: \r\n11017 E 92 Hwy & 11024 Old Hillsborough Ave.\r\nFolio Number: \r\n63010.5000 & 63013.0000\r\nAcreage (+/-):\r\n8.85 acres, more or less\r\nComprehensive Plan:\r\nR-9 & SMU-6\r\nService Area:\r\nUrban\r\nExisting Zoning:\r\nCG\r\nRequest:\r\nRezone to Planned Development", "summary": "", "plain": "Rezoning \u00b7 8.85 ac \u2014 at 11017 E 92 Hwy, Hillsborough County", "link": "https://hillsboroughcounty.legistar.com/LegislationDetail.aspx?ID=7652985&GUID=A41618D1-9E5C-4713-AEAF-79D2EEB2B0EA&G=3144BC14-0EA0-4A0F-BC83-C4F8B333D0E8&Options=&Search=", "project_type": "rezoning", "multifamily": false, "address": "11017 E 92 Hwy", "parcel": null, "status": "heard", "first_seen": "2026-07-06", "units": null, "acres": 8.85, "score": 2}}, {"type": "Feature", "geometry": {"type": "Point", "coordinates": [-87.3201512, 30.8657335]}, "properties": {"id": "458fd9d22f9a6d21", "source": "hillsborough-county", "jurisdiction": "Hillsborough County", "county": "Hillsborough", "meeting_body": "BOCC Land Use", "meeting_date": "2026-03-10", "title": "Application Number:  \tRZ-STD 26-0163\t\r\nApplicant:\tKELLI CONTE\t\r\nLocation:   \t406 Railroad St.\t\r\nFolio Number: \t79129.0000\t\r\nAcreage:    \t0.52 acres, more or less\t\r\nComprehensive Plan:   \tR-6\t\r\nService Area:    \tUrban\t\r\nCommunity Plan:    \tWimauma Village\t\r\nExisting Zoning:    \tRSC-6\t\r\nRequest:     \tRezone to RSC-6(MH)\t\r\nRECOMMENDATION: \t\t\r\nZoning Hearing Master:   \tApproval\t\r\nDevelopment Services:", "summary": "", "plain": "Rezoning \u00b7 0.52 ac \u2014 at 406 Railroad St, Hillsborough County", "link": "https://hillsboroughcounty.legistar.com/LegislationDetail.aspx?ID=7824750&GUID=82A7EAA1-938D-49F4-93A6-AFB338DEC965&G=3144BC14-0EA0-4A0F-BC83-C4F8B333D0E8&Options=&Search=", "project_type": "rezoning", "multifamily": false, "address": "406 Railroad St", "parcel": null, "status": "heard", "first_seen": "2026-07-06", "units": null, "acres": 0.52, "score": 1}}, {"type": "Feature", "geometry": {"type": "Point", "coordinates": [-82.264861424171, 27.917428323518]}, "properties": {"id": "50915444f54b3690", "source": "hillsborough-county", "jurisdiction": "Hillsborough County", "county": "Hillsborough", "meeting_body": "BOCC Land Use", "meeting_date": "2026-03-10", "title": "Application Number:  \tRZ-STD 25-1350\t\r\nApplicant:\tTODD PRESSMAN\t\r\nLocation:   \t1604 Lithia Pinecrest Rd.\t\r\nFolio Number: \t71175.0000\t\r\nAcreage:    \t2.58 acres, more or less\t\r\nComprehensive Plan:   \tR-4\t\r\nService Area:    \tUrban\t\r\nCommunity Plan:    \tBrandon\t\r\nExisting Zoning:    \tASC-1\t\r\nRequest:     \tRezone to BPO(R)\t\r\nRECOMMENDATION: \t\t\r\nZoning Hearing Master:   \tDenial\t\r\nDevelopment Services:  ", "summary": "", "plain": "Rezoning \u00b7 2.58 ac \u2014 at 1604 Lithia Pinecrest Rd, Hillsborough County", "link": "https://hillsboroughcounty.legistar.com/LegislationDetail.aspx?ID=7731225&GUID=4B66CBDE-A646-4B94-BDB5-6C846EF9473F&G=3144BC14-0EA0-4A0F-BC83-C4F8B333D0E8&Options=&Search=", "project_type": "rezoning", "multifamily": false, "address": "1604 Lithia Pinecrest Rd", "parcel": null, "status": "heard", "first_seen": "2026-07-06", "units": null, "acres": 2.58, "score": 2}}, {"type": "Feature", "geometry": {"type": "Point", "coordinates": [-82.593150304002, 28.117851734287]}, "properties": {"id": "42c33e3c9754caa3", "source": "hillsborough-county", "jurisdiction": "Hillsborough County", "county": "Hillsborough", "meeting_body": "Land Use Hearing Officer", "meeting_date": "2026-03-09", "title": "Application Number:\tVAR-WS 26-0397\t\r\nApplicant:\tDALIA FIGUEROA LEBRON\t\r\nLocation: \t17021 Crawley Rd.\t\r\nFolio Number: \t1861.0000\t\r\nAcreage (+/-):\t0.96 acres, more or less\t\r\nComprehensive Plan:\tR-1\t\r\nService Area:\tRural\t\r\nExisting Zoning:\tASC-1\t\r\nRequest:\tVariance to Encroach into the Wetland Setback and\t\r\n\tVariance to Lot Development Standards", "summary": "", "plain": "Variance \u00b7 0.96 ac \u2014 at 17021 Crawley Rd, Hillsborough County", "link": "https://hillsboroughcounty.legistar.com/LegislationDetail.aspx?ID=7935458&GUID=5A5DCC34-FB89-4262-9418-22F576FAA5D3&G=3144BC14-0EA0-4A0F-BC83-C4F8B333D0E8&Options=&Search=", "project_type": "variance", "multifamily": false, "address": "17021 Crawley Rd", "parcel": null, "status": "heard", "first_seen": "2026-07-06", "units": null, "acres": 0.96, "score": 0}}, {"type": "Feature", "geometry": {"type": "Point", "coordinates": [-82.431633351529, 28.084302498654]}, "properties": {"id": "8ffdf8e58dd1f02b", "source": "hillsborough-county", "jurisdiction": "Hillsborough County", "county": "Hillsborough", "meeting_body": "Land Use Hearing Officer", "meeting_date": "2026-03-09", "title": "Application Number:\r\nVAR 26-0291\r\nApplicant:\r\nPAVEL & JESSICA STEHLIK\r\nLocation: \r\n2407 E 148th Ave.\r\nFolio Number: \r\n34992.0000\r\nAcreage (+/-):\r\n0.34 acres, more or less\r\nComprehensive Plan:\r\nR-6\r\nService Area:\r\nUrban\r\nExisting Zoning:\r\nRSC-6\r\nRequest:\r\nVariance to Accessory Structure Requirements", "summary": "", "plain": "Variance \u00b7 0.34 ac \u2014 at 2407 E 148th Ave, Hillsborough County", "link": "https://hillsboroughcounty.legistar.com/LegislationDetail.aspx?ID=7865847&GUID=FC258C5E-E36C-4AA5-AF74-3B436912C1F4&G=3144BC14-0EA0-4A0F-BC83-C4F8B333D0E8&Options=&Search=", "project_type": "variance", "multifamily": false, "address": "2407 E 148th Ave", "parcel": null, "status": "heard", "first_seen": "2026-07-06", "units": null, "acres": 0.34, "score": 0}}, {"type": "Feature", "geometry": {"type": "Point", "coordinates": [-82.584450048009, 27.989463181348]}, "properties": {"id": "1bdda0dbac09bc63", "source": "hillsborough-county", "jurisdiction": "Hillsborough County", "county": "Hillsborough", "meeting_body": "Land Use Hearing Officer", "meeting_date": "2026-03-09", "title": "Application Number:\tVAR 26-0376\t\r\nApplicant:\tFRANK & LINDA WISE\t\r\nLocation: \t4829 Troydale Rd.\t\r\nFolio Number: \t11954.0800\t\r\nAcreage (+/-):\t0.61 acres, more or less\t\r\nComprehensive Plan:\tR-6\t\r\nService Area:\tUrban\t\r\nExisting Zoning:\tRSC-4\t\r\nRequest:\tVariance to Swimming Pool Requirements", "summary": "", "plain": "Variance \u00b7 0.61 ac \u2014 at 4829 Troydale Rd, Hillsborough County", "link": "https://hillsboroughcounty.legistar.com/LegislationDetail.aspx?ID=7935456&GUID=B7C9245F-8E42-4C23-9F29-21C0E0C15A8F&G=3144BC14-0EA0-4A0F-BC83-C4F8B333D0E8&Options=&Search=", "project_type": "variance", "multifamily": false, "address": "4829 Troydale Rd", "parcel": null, "status": "heard", "first_seen": "2026-07-06", "units": null, "acres": 0.61, "score": 0}}, {"type": "Feature", "geometry": {"type": "Point", "coordinates": [-82.285593539003, 28.05261378239]}, "properties": {"id": "d62d96e2ee74543f", "source": "hillsborough-county", "jurisdiction": "Hillsborough County", "county": "Hillsborough", "meeting_body": "Land Use Hearing Officer", "meeting_date": "2026-03-09", "title": "Application Number:\tVAR 26-0398\t\r\nApplicant:\tANDREA MCCLELLAN\t\r\nLocation: \t3607 My Way.\t\r\nFolio Number: \t60678.0000\t\r\nAcreage (+/-):\t1.09 acres, more or less\t\r\nComprehensive Plan:\tR-1\t\r\nService Area:\tRural\t\r\nExisting Zoning:\tAR\t\r\nRequest:\tVariance to Lot Development Standards", "summary": "", "plain": "Variance \u00b7 1.09 ac \u2014 at 3607 My Way, Hillsborough County", "link": "https://hillsboroughcounty.legistar.com/LegislationDetail.aspx?ID=7935459&GUID=D209E6DD-1EE6-4702-A6E2-696C7EA37D92&G=3144BC14-0EA0-4A0F-BC83-C4F8B333D0E8&Options=&Search=", "project_type": "variance", "multifamily": false, "address": "3607 My Way", "parcel": null, "status": "heard", "first_seen": "2026-07-06", "units": null, "acres": 1.09, "score": 0}}, {"type": "Feature", "geometry": {"type": "Point", "coordinates": [-82.7736101, 27.9496753]}, "properties": {"id": "5415a35bbc810565", "source": "pinellas-county", "jurisdiction": "Pinellas County", "county": "Pinellas", "meeting_body": "Board of County Commissioners", "meeting_date": "2026-08-25", "title": "Case No. ZON-26-04 (Manuel Jones) A request for a zoning change from GO, General Office, to R-3, Single-Family Residential for approximately 0.21 acre located at 1515 Lakeview Road in unincorporated Clearwater. (Quasi-Judicial)", "summary": "", "plain": "Rezoning \u00b7 0.21 ac \u2014 at 1515 Lakeview Road, Pinellas County", "link": "https://pinellas.legistar.com/LegislationDetail.aspx?ID=8169850&GUID=36482996-0382-4D77-B6BB-4D0624EA030A&G=4892F4D9-36FE-48F2-8E4D-022D5221CB08&Options=&Search=", "project_type": "rezoning", "multifamily": false, "address": "1515 Lakeview Road", "parcel": null, "status": "heard", "first_seen": "2026-08-14", "units": null, "acres": 0.21, "score": 1}}, {"type": "Feature", "geometry": {"type": "Point", "coordinates": [-82.6910055, 27.850827]}, "properties": {"id": "42f167e00b09f122", "source": "pinellas-county", "jurisdiction": "Pinellas County", "county": "Pinellas", "meeting_body": "Board of County Commissioners", "meeting_date": "2026-08-25", "title": "Petition of OVSS Gateway LLC., to vacate a portion of Poultry Boulevard Road/86th Avenue North (County Road Number 139), declared to be a public road in Board of County Commissioners minutes Book 7, Page 23, filed on April 17, 1928, lying along the south 33 feet of 4100 Gateway Centre Boulevard, Gateway Centre Business Park, Plat Book 97, Pages 1-13, Section 22-30-16, Pinellas County, Florida.", "summary": "", "plain": "Plat / subdivision \u2014 at 4100 Gateway Centre Boulevard, Pinellas County", "link": "https://pinellas.legistar.com/LegislationDetail.aspx?ID=8169835&GUID=45244F8E-9921-40DC-A0C6-2D5C73F4F266&G=4892F4D9-36FE-48F2-8E4D-022D5221CB08&Options=&Search=", "project_type": "plat", "multifamily": false, "address": "4100 Gateway Centre Boulevard", "parcel": null, "status": "heard", "first_seen": "2026-08-14", "units": null, "acres": null, "score": 0}}, {"type": "Feature", "geometry": {"type": "Point", "coordinates": [-82.739447888173, 27.933507445172]}, "properties": {"id": "6369b38a7fe45409", "source": "pinellas-county", "jurisdiction": "Pinellas County", "county": "Pinellas", "meeting_body": "Board of County Commissioners", "meeting_date": "2026-08-25", "title": "Petition of Charles and Rita King, to vacate a portion of a 33-foot-wide right-of-way known as Portsmouth Road, lying east of lots 41 through 43, Gulf Breeze Estates, Plat Book 27, Page 57, lying in Section 30-29-16, Pinellas County, Florida.", "summary": "File #: 26-1250A Version: 1 Type: Petition to Vacate Status: Passed File created: 7/23/2026 Department: Board of County Commissioners On agenda: 8/25/2026 Final action: 8/25/2026 Title: Petition of Charles and Rita King, to vacate a portion of a 33-foot-wide right-of-way known as Portsmouth Road, lying east of lots 41 through 43, Gulf Breeze Estates, Plat Book 27, Page 57, lying in Section 30-29-1", "plain": "Plat / subdivision \u2014 at 1725 Doncaster Road, Pinellas County", "link": "https://pinellas.legistar.com/LegislationDetail.aspx?ID=8169855&GUID=2A4B621B-6016-4DBA-95BF-E5FE897C3F7E&G=4892F4D9-36FE-48F2-8E4D-022D5221CB08&Options=&Search=", "project_type": "plat", "multifamily": false, "address": "1725 Doncaster Road", "parcel": null, "status": "heard", "first_seen": "2026-08-14", "units": null, "acres": null, "score": 0}}, {"type": "Feature", "geometry": {"type": "Point", "coordinates": [-82.713001025636, 28.151838380277]}, "properties": {"id": "4e5eb8fd6d62dd98", "source": "pinellas-county", "jurisdiction": "Pinellas County", "county": "Pinellas", "meeting_body": "Board of County Commissioners", "meeting_date": "2026-06-16", "title": "Case No. ZON-26-03 (Al Rahman, Inc.)\r\nA request for a zoning change from R-A, Residential Agriculture, to LI-CO, Limited Institutional with Conditional Overlay, for approximately 2.69 acres located at 2577 Keystone Road in East Lake Tarpon. (Quasi-Judicial)", "summary": "", "plain": "Rezoning \u00b7 2.69 ac \u2014 at 2577 Keystone Road, Pinellas County", "link": "https://pinellas.legistar.com/LegislationDetail.aspx?ID=8058209&GUID=8B004B0F-3B2D-46BE-ACC1-BA4572395F53&G=4892F4D9-36FE-48F2-8E4D-022D5221CB08&Options=&Search=", "project_type": "rezoning", "multifamily": false, "address": "2577 Keystone Road", "parcel": null, "status": "heard", "first_seen": "2026-07-06", "units": null, "acres": 2.69, "score": 2}}, {"type": "Feature", "geometry": {"type": "Point", "coordinates": [-82.713001025636, 28.151838380277]}, "properties": {"id": "1949b3d50967aecc", "source": "pinellas-county", "jurisdiction": "Pinellas County", "county": "Pinellas", "meeting_body": "Board of County Commissioners", "meeting_date": "2026-06-16", "title": "Case No. FLU-26-01 (Al Rahman, Inc.)\r\nA request for a Future Land Use Map amendment from Residential Rural to Institutional, for approximately 2.69 acres located at 2577 Keystone Road in East Lake Tarpon.", "summary": "", "plain": "Land-use change \u00b7 2.69 ac \u2014 at 2577 Keystone Road, Pinellas County", "link": "https://pinellas.legistar.com/LegislationDetail.aspx?ID=8058213&GUID=3A1E74CD-26BE-4BFB-915A-A022E54D031D&G=4892F4D9-36FE-48F2-8E4D-022D5221CB08&Options=&Search=", "project_type": "land-use", "multifamily": false, "address": "2577 Keystone Road", "parcel": null, "status": "heard", "first_seen": "2026-07-06", "units": null, "acres": 2.69, "score": 2}}, {"type": "Feature", "geometry": {"type": "Point", "coordinates": [-82.7130444, 27.9934191]}, "properties": {"id": "1f779432ef192e47", "source": "pinellas-county", "jurisdiction": "Pinellas County", "county": "Pinellas", "meeting_body": "Board of County Commissioners", "meeting_date": "2026-05-19", "title": "Case No. ZON-26-02 (Shirley Bragdon)\r\nA request for a zoning change from R-A, Residential Agriculture, to R-R, Rural Residential, on approximately 2.50 acres located at 2941 Abbey Lake Road in unincorporated Clearwater. (Quasi-Judicial)", "summary": "", "plain": "Rezoning \u00b7 2.5 ac \u2014 at 2941 Abbey Lake Road, Pinellas County", "link": "https://pinellas.legistar.com/LegislationDetail.aspx?ID=8006340&GUID=40CBAFE4-0070-4D8E-8D89-6C07BACCCA1B&G=4892F4D9-36FE-48F2-8E4D-022D5221CB08&Options=&Search=", "project_type": "rezoning", "multifamily": false, "address": "2941 Abbey Lake Road", "parcel": null, "status": "heard", "first_seen": "2026-07-06", "units": null, "acres": 2.5, "score": 2}}, {"type": "Feature", "geometry": {"type": "Point", "coordinates": [-82.708136247568, 27.818986832149]}, "properties": {"id": "74aaa136c31f68ae", "source": "pinellas-county", "jurisdiction": "Pinellas County", "county": "Pinellas", "meeting_body": "Board of County Commissioners", "meeting_date": "2026-04-21", "title": "Case No. ZON-26-01 (Louiskhoa Dan)\r\nA request for a zoning change from R-R, Rural Residential, to R-4, One, Two, and Three-Family Residential, on an approximately 0.45 acre parcel located at 5301 55th Street North in Lealman. (Quasi-Judicial)", "summary": "", "plain": "Rezoning \u00b7 0.45 ac \u2014 at 5301 55th Street North, Pinellas County", "link": "https://pinellas.legistar.com/LegislationDetail.aspx?ID=7978745&GUID=8DF9643A-784F-4170-BE59-402FC9EB694D&G=4892F4D9-36FE-48F2-8E4D-022D5221CB08&Options=&Search=", "project_type": "rezoning", "multifamily": false, "address": "5301 55th Street North", "parcel": null, "status": "heard", "first_seen": "2026-07-06", "units": null, "acres": 0.45, "score": 1}}, {"type": "Feature", "geometry": {"type": "Point", "coordinates": [-82.731479993917, 27.872238534033]}, "properties": {"id": "64b58eec2dd64eb7", "source": "pinellas-county", "jurisdiction": "Pinellas County", "county": "Pinellas", "meeting_body": "Board of County Commissioners", "meeting_date": "2026-04-21", "title": "Affordable Housing Program project funding recommendation for Brentwood Townhomes.", "summary": "File #: 26-0191A Version: 1 Type: Contract/Agreement Status: Regular Agenda File created: 2/5/2026 Department: Housing & Community Development On agenda: 4/21/2026 Final action: Title: Affordable Housing Program project funding recommendation for Brentwood Townhomes. Attachments: 1. Brentwood  Townhome Project Summary Sheet , 2. Funding  Application , 3. OMB_REVIEW_26-0191A_Housing_Brentwood_19-MA", "plain": "Multifamily development item \u2014 at 6731 Bryan Dairy Road, Pinellas County", "link": "https://pinellas.legistar.com/LegislationDetail.aspx?ID=7978733&GUID=9477F537-3D82-41D0-A297-A16D35CE3053&G=4892F4D9-36FE-48F2-8E4D-022D5221CB08&Options=&Search=", "project_type": "other-development", "multifamily": true, "address": "6731 Bryan Dairy Road", "parcel": null, "status": "heard", "first_seen": "2026-07-06", "units": null, "acres": null, "score": 3}}, {"type": "Feature", "geometry": {"type": "Point", "coordinates": [-82.721134512871, 27.908801306264]}, "properties": {"id": "c5b88319225a96bb", "source": "pinellas-county", "jurisdiction": "Pinellas County", "county": "Pinellas", "meeting_body": "Board of County Commissioners", "meeting_date": "2026-03-24", "title": "Case No. ZON-25-04 (Vasantha, LLC and Green Energy Transport, LLC)\r\nA request for a zoning change from C-1, Neighborhood Commercial, and E-1, Employment-1, to E-2, Employment-2, and I, Heavy Industry, with an associated Development Agreement limiting the uses on the properties to Solid Waste Transfer Station, Outdoor Sales, and Parking, on approximately 1.87 acres located at 6201 150th Avenue Nort", "summary": "", "plain": "Rezoning \u00b7 1.87 ac \u2014 at 6201 150th Avenue North, Pinellas County", "link": "https://pinellas.legistar.com/LegislationDetail.aspx?ID=7948041&GUID=9CE9D9BF-5F81-451C-9F38-7C146752A318&G=4892F4D9-36FE-48F2-8E4D-022D5221CB08&Options=&Search=", "project_type": "rezoning", "multifamily": false, "address": "6201 150th Avenue North", "parcel": null, "status": "heard", "first_seen": "2026-07-06", "units": null, "acres": 1.87, "score": 1}}, {"type": "Feature", "geometry": {"type": "Point", "coordinates": [-82.752892534736, 28.005359277263]}, "properties": {"id": "2330cb4abc69c793", "source": "pinellas-county", "jurisdiction": "Pinellas County", "county": "Pinellas", "meeting_body": "Board of County Commissioners", "meeting_date": "2026-03-24", "title": "Petition of Aaron Petersen to vacate the portion of the 6-foot Drainage and Utility Easement lying within the northwesterly six feet, less the northeasterly six feet thereof, of lot 35, Greenbriar Unit 1, Plat Book 54, Page 60, Lying in section 36-18-15, Pinellas County, Florida. (Quasi-Judicial)", "summary": "File #: 26-0249A Version: 1 Type: Petition to Vacate Status: Passed File created: 2/12/2026 Department: Board of County Commissioners On agenda: 3/24/2026 Final action: 3/24/2026 Title: Petition of Aaron Petersen to vacate the portion of the 6-foot Drainage and Utility Easement lying within the northwesterly six feet, less the northeasterly six feet thereof, of lot 35, Greenbriar Unit 1, Plat Book", "plain": "Plat / subdivision \u2014 at 2318 Indigo Drive, Pinellas County", "link": "https://pinellas.legistar.com/LegislationDetail.aspx?ID=7948043&GUID=3714AAD0-F70A-4DBC-B45F-01639AB14E58&G=4892F4D9-36FE-48F2-8E4D-022D5221CB08&Options=&Search=", "project_type": "plat", "multifamily": false, "address": "2318 Indigo Drive", "parcel": null, "status": "heard", "first_seen": "2026-07-06", "units": null, "acres": null, "score": 0}}, {"type": "Feature", "geometry": {"type": "Point", "coordinates": [-82.721134512871, 27.908801306264]}, "properties": {"id": "bd7a4e01fb615acc", "source": "pinellas-county", "jurisdiction": "Pinellas County", "county": "Pinellas", "meeting_body": "Board of County Commissioners", "meeting_date": "2026-03-24", "title": "Case No. FLU-25-06 (Vasantha, LLC and Green Energy Transport, LLC)\r\nA request for a Future Land Use Map amendment from Commercial Neighborhood and Employment to Commercial General and Industrial General on approximately 1.87 acres located at 6201 150th Avenue North and 15097 63rd Street North in unincorporated Largo.", "summary": "", "plain": "Land-use change \u00b7 1.87 ac \u2014 at 6201 150th Avenue North, Pinellas County", "link": "https://pinellas.legistar.com/LegislationDetail.aspx?ID=7948050&GUID=9BBDA4EC-6F45-4AC1-94BA-8D36A9DE9C7D&G=4892F4D9-36FE-48F2-8E4D-022D5221CB08&Options=&Search=", "project_type": "land-use", "multifamily": false, "address": "6201 150th Avenue North", "parcel": null, "status": "heard", "first_seen": "2026-07-06", "units": null, "acres": 1.87, "score": 1}}, {"type": "Feature", "geometry": {"type": "Point", "coordinates": [-82.783701302129, 27.984072849635]}, "properties": {"id": "40847d4185699693", "source": "pinellas-county", "jurisdiction": "Pinellas County", "county": "Pinellas", "meeting_body": "Board of County Commissioners", "meeting_date": "2026-03-24", "title": "Affordable Housing Program project funding recommendation for a 35-unit multifamily housing development by Homeless Empowerment Program.", "summary": "File #: 26-0185A Version: 1 Type: Contract/Agreement Status: Regular Agenda File created: 2/4/2026 Department: Housing & Community Development On agenda: 3/24/2026 Final action: Title: Affordable Housing Program project funding recommendation for a 35-unit multifamily housing development by Homeless Empowerment Program. Attachments: 1. Project Summary Sheet , 2. Project Application Packet , 3. OMB", "plain": "Multifamily development item \u00b7 35 units \u2014 at 1718 North Betty Lane, Pinellas County", "link": "https://pinellas.legistar.com/LegislationDetail.aspx?ID=7948033&GUID=D0F985DB-0DAB-46FE-A2B3-41E394D77F69&G=4892F4D9-36FE-48F2-8E4D-022D5221CB08&Options=&Search=", "project_type": "other-development", "multifamily": true, "address": "1718 North Betty Lane", "parcel": null, "status": "heard", "first_seen": "2026-07-06", "units": 35, "acres": null, "score": 4}}, {"type": "Feature", "geometry": {"type": "Point", "coordinates": [-82.679218927533, 27.735138928358]}, "properties": {"id": "7ae5a063aca33a68", "source": "pinellas-county", "jurisdiction": "Pinellas County", "county": "Pinellas", "meeting_body": "Board of County Commissioners", "meeting_date": "2026-03-24", "title": "Affordable Housing Program project funding recommendation for Skyway Flats by ECG Pinellas, LP.", "summary": "File #: 26-0268A Version: 1 Type: Contract/Agreement Status: Regular Agenda File created: 2/17/2026 Department: Housing & Community Development On agenda: 3/24/2026 Final action: Title: Affordable Housing Program project funding recommendation for Skyway Flats by ECG Pinellas, LP. Attachments: 1. Project Summary Sheet , 2. Application and attachments , 3. OMB_REVIEW_26-0268A_Housing_SkywayLofts_24", "plain": "Multifamily development item \u2014 at 3600 34 th Street South, Pinellas County", "link": "https://pinellas.legistar.com/LegislationDetail.aspx?ID=7948048&GUID=064C1DBA-09E7-4C22-83B7-F76D3644AA11&G=4892F4D9-36FE-48F2-8E4D-022D5221CB08&Options=&Search=", "project_type": "other-development", "multifamily": true, "address": "3600 34 th Street South", "parcel": null, "status": "heard", "first_seen": "2026-07-06", "units": null, "acres": null, "score": 3}}, {"type": "Feature", "geometry": {"type": "Point", "coordinates": [-82.725049205185, 27.985991420754]}, "properties": {"id": "1da80f1b9ac4336d", "source": "clearwater", "jurisdiction": "Clearwater", "county": "Pinellas", "meeting_body": "City Council", "meeting_date": "2026-08-20", "title": "Approve the annexation, initial Future Land Use Map designations of Residential Low (RL) and Drainage Feature Overlay and initial Zoning Atlas designation of Low Medium Density Residential (LMDR) District for 1764 Evans Drive and pass Ordinances 9910-26, 9911-26 and 9912-26 on first reading. (ANX2026-05006)", "summary": "", "plain": "Land-use change \u2014 at 1764 Evans Drive, Clearwater", "link": "https://clearwater.legistar.com/LegislationDetail.aspx?ID=8144265&GUID=82C4A2D0-F3E9-4526-97E9-3E9CF18114AA&G=E6D8F5E1-1A25-4C36-846B-5CFB5C80AB8C&Options=&Search=", "project_type": "land-use", "multifamily": false, "address": "1764 Evans Drive", "parcel": null, "status": "heard", "first_seen": "2026-08-16", "units": null, "acres": null, "score": 1}}, {"type": "Feature", "geometry": {"type": "Point", "coordinates": [-82.712008239553, 27.959343440694]}, "properties": {"id": "0d5c9d2b67d1d237", "source": "clearwater", "jurisdiction": "Clearwater", "county": "Pinellas", "meeting_body": "City Council", "meeting_date": "2026-08-20", "title": "Approve the Annexation, initial Future Land Use Map designation of US 19 Regional Center (US 19-RC) and initial Zoning Atlas designation of US 19 (US 19) District for 603 South Bayview Avenue, and pass Ordinances 9913-26, 9914-26, and 9915-26 on first reading. (ANX2026-05007)", "summary": "", "plain": "Land-use change \u2014 at 603 South Bayview Avenue, Clearwater", "link": "https://clearwater.legistar.com/LegislationDetail.aspx?ID=8159437&GUID=7929388E-A97A-46CF-A47B-39636C5E61DF&G=E6D8F5E1-1A25-4C36-846B-5CFB5C80AB8C&Options=&Search=", "project_type": "land-use", "multifamily": false, "address": "603 South Bayview Avenue", "parcel": null, "status": "heard", "first_seen": "2026-08-16", "units": null, "acres": null, "score": 1}}, {"type": "Feature", "geometry": {"type": "Point", "coordinates": [-82.754955330548, 27.979468321658]}, "properties": {"id": "9c6c2cdb1a72899d", "source": "clearwater", "jurisdiction": "Clearwater", "county": "Pinellas", "meeting_body": "City Council", "meeting_date": "2026-08-20", "title": "Approve the annexation, initial Future Land Use Map designation of Industrial Limited (IL) and initial Zoning Atlas designation of Industrial, Research and Technology (IRT) District for 1995 Carroll Street and pass Ordinances 9916-26, 9917-26, and 9918-26 on first reading. (ANX2026-05008)", "summary": "", "plain": "Land-use change \u2014 at 1995 Carroll Street, Clearwater", "link": "https://clearwater.legistar.com/LegislationDetail.aspx?ID=8150552&GUID=4BD1972E-4438-4070-AAEA-1B2C38E93785&G=E6D8F5E1-1A25-4C36-846B-5CFB5C80AB8C&Options=&Search=", "project_type": "land-use", "multifamily": false, "address": "1995 Carroll Street", "parcel": null, "status": "heard", "first_seen": "2026-08-16", "units": null, "acres": null, "score": 1}}, {"type": "Feature", "geometry": {"type": "Point", "coordinates": [-82.766379199436, 27.957942682586]}, "properties": {"id": "1641b640bec030ae", "source": "clearwater", "jurisdiction": "Clearwater", "county": "Pinellas", "meeting_body": "City Council", "meeting_date": "2026-08-06", "title": "Appoint Sean Austin to the Neighborhood and Affordable Housing Advisory Board, as the citizen representative, for a term through August 6, 2030. (consent)", "summary": "File #: ID#26-0939 Version: 1 Name: Type: Action Item Status: Consent Agenda File created: 7/28/2026 In control: City Clerk On agenda: 8/6/2026 Final action: Title: Appoint Sean Austin to the Neighborhood and Affordable Housing Advisory Board, as the citizen representative, for a term through August 6, 2030. (consent) Attachments: 1. Austin Sean - NAHAB - 26 , 2. Heisey Jane - NAHAB -26 , 3. Johns", "plain": "Multifamily development item \u2014 at 1726 Marion Street, Clearwater", "link": "https://clearwater.legistar.com/LegislationDetail.aspx?ID=8150986&GUID=10211EBA-71F5-4E6D-A2C3-F015519AF546&G=E6D8F5E1-1A25-4C36-846B-5CFB5C80AB8C&Options=&Search=", "project_type": "other-development", "multifamily": true, "address": "1726 Marion Street", "parcel": null, "status": "heard", "first_seen": "2026-08-05", "units": null, "acres": null, "score": 3}}, {"type": "Feature", "geometry": {"type": "Point", "coordinates": [-82.791447928111, 27.993615842617]}, "properties": {"id": "a00deffe0ce3fcec", "source": "clearwater", "jurisdiction": "Clearwater", "county": "Pinellas", "meeting_body": "City Council", "meeting_date": "2026-07-16", "title": "Appoint Todd St. John-Fulton to the Neighborhood and Affordable Housing Advisory Board, as the Citizen who is actively engaged as a real estate professional in connection with affordable housing, with a term expiring July 16, 2030. (consent)", "summary": "File #: ID#26-0817 Version: 1 Name: Type: Action Item Status: Passed File created: 7/8/2026 In control: City Clerk On agenda: 7/16/2026 Final action: 7/16/2026 Title: Appoint Todd St. John-Fulton to the Neighborhood and Affordable Housing Advisory Board, as the Citizen who is actively engaged as a real estate professional in connection with affordable housing, with a term expiring July 16, 2030. (", "plain": "Multifamily development item \u2014 at 1129 Charles Street, Clearwater", "link": "https://clearwater.legistar.com/LegislationDetail.aspx?ID=8130198&GUID=C9038F21-850A-46F7-97A5-EF9A0A0FDA48&G=E6D8F5E1-1A25-4C36-846B-5CFB5C80AB8C&Options=&Search=", "project_type": "other-development", "multifamily": true, "address": "1129 Charles Street", "parcel": null, "status": "heard", "first_seen": "2026-07-10", "units": null, "acres": null, "score": 3}}, {"type": "Feature", "geometry": {"type": "Point", "coordinates": [-82.787758421529, 27.990766150628]}, "properties": {"id": "0b7913833769e51a", "source": "clearwater", "jurisdiction": "Clearwater", "county": "Pinellas", "meeting_body": "City Council", "meeting_date": "2026-07-16", "title": "Adopt Ordinance 9884-26 on third reading, annexing certain real property whose post office address is 1903 Douglas Avenue, Clearwater Florida, 33755, together with certain rights of way of Douglas Avenue and Sunset Point Road, into the corporate limits of the city and redefining the boundary lines of the city to include said addition.", "summary": "", "plain": "Annexation \u2014 at 1903 Douglas Avenue, Clearwater", "link": "https://clearwater.legistar.com/LegislationDetail.aspx?ID=8120069&GUID=CB4F8B02-3969-4D59-AFEF-E07D2584C4C1&G=E6D8F5E1-1A25-4C36-846B-5CFB5C80AB8C&Options=&Search=", "project_type": "annexation", "multifamily": false, "address": "1903 Douglas Avenue", "parcel": null, "status": "heard", "first_seen": "2026-07-10", "units": null, "acres": null, "score": 0}}, {"type": "Feature", "geometry": {"type": "Point", "coordinates": [-82.787758421529, 27.990766150628]}, "properties": {"id": "e180b010e847c49a", "source": "clearwater", "jurisdiction": "Clearwater", "county": "Pinellas", "meeting_body": "City Council", "meeting_date": "2026-07-16", "title": "Adopt Ordinance 9885-26 on third reading, amending the future land use element of the Comprehensive Plan of the city to designate the land use for certain real property whose post office address is 1903 Douglas Avenue, Clearwater Florida, 33755, upon annexation into the City of Clearwater, as Commercial General (CG)", "summary": "", "plain": "Land-use change \u2014 at 1903 Douglas Avenue, Clearwater", "link": "https://clearwater.legistar.com/LegislationDetail.aspx?ID=8118047&GUID=EB677573-5A88-476E-A2B3-E89152C170AA&G=E6D8F5E1-1A25-4C36-846B-5CFB5C80AB8C&Options=&Search=", "project_type": "land-use", "multifamily": false, "address": "1903 Douglas Avenue", "parcel": null, "status": "heard", "first_seen": "2026-07-10", "units": null, "acres": null, "score": 1}}, {"type": "Feature", "geometry": {"type": "Point", "coordinates": [-82.787758421529, 27.990766150628]}, "properties": {"id": "c13c198deb4be4e5", "source": "clearwater", "jurisdiction": "Clearwater", "county": "Pinellas", "meeting_body": "City Council", "meeting_date": "2026-07-16", "title": "Adopt Ordinance 9886-26 on third reading, amending the Zoning Atlas of the city by zoning certain real property whose post office address is 1903 Douglas Avenue, Clearwater Florida, 33755, upon annexation into the City of Clearwater, as Commercial (C).", "summary": "", "plain": "Annexation \u2014 at 1903 Douglas Avenue, Clearwater", "link": "https://clearwater.legistar.com/LegislationDetail.aspx?ID=8118048&GUID=1ABEAD8D-B94D-4E54-8858-D11096B5E52E&G=E6D8F5E1-1A25-4C36-846B-5CFB5C80AB8C&Options=&Search=", "project_type": "annexation", "multifamily": false, "address": "1903 Douglas Avenue", "parcel": null, "status": "heard", "first_seen": "2026-07-10", "units": null, "acres": null, "score": 0}}, {"type": "Feature", "geometry": {"type": "Point", "coordinates": [-82.726061524254, 27.980896846825]}, "properties": {"id": "10a82e32fb2d1441", "source": "clearwater", "jurisdiction": "Clearwater", "county": "Pinellas", "meeting_body": "City Council", "meeting_date": "2026-06-04", "title": "Approve the annexation, initial Future Land Use Map designation of Residential Low (RL) and initial Zoning Atlas designation of Low Medium Density Residential (LMDR) District for 1554 Owen Drive and pass Ordinances 9903-26, 9904-26, and 9905-26 on first reading. (ANX2026-03005)", "summary": "", "plain": "Land-use change \u2014 at 1554 Owen Drive, Clearwater", "link": "https://clearwater.legistar.com/LegislationDetail.aspx?ID=8032420&GUID=59D12358-D3AA-4ECA-8034-F1FD99ADD720&G=E6D8F5E1-1A25-4C36-846B-5CFB5C80AB8C&Options=&Search=", "project_type": "land-use", "multifamily": false, "address": "1554 Owen Drive", "parcel": null, "status": "heard", "first_seen": "2026-07-06", "units": null, "acres": null, "score": 1}}, {"type": "Feature", "geometry": {"type": "Point", "coordinates": [-82.724032381302, 27.979522619458]}, "properties": {"id": "98bfac46ace1ae1d", "source": "clearwater", "jurisdiction": "Clearwater", "county": "Pinellas", "meeting_body": "City Council", "meeting_date": "2026-06-04", "title": "Approve the annexation for 1399 Pineapple Lane and pass Ordinance 9896-26 on first reading. (ANX2026-02004)", "summary": "", "plain": "Annexation \u2014 at 1399 Pineapple Lane, Clearwater", "link": "https://clearwater.legistar.com/LegislationDetail.aspx?ID=8032421&GUID=1CEA88F5-4A52-4877-85DF-400892C124F4&G=E6D8F5E1-1A25-4C36-846B-5CFB5C80AB8C&Options=&Search=", "project_type": "annexation", "multifamily": false, "address": "1399 Pineapple Lane", "parcel": null, "status": "heard", "first_seen": "2026-07-06", "units": null, "acres": null, "score": 0}}, {"type": "Feature", "geometry": {"type": "Point", "coordinates": [-82.724032381302, 27.979522619458]}, "properties": {"id": "fcd8f7ec777627cf", "source": "clearwater", "jurisdiction": "Clearwater", "county": "Pinellas", "meeting_body": "City Council", "meeting_date": "2026-06-04", "title": "Approve a Future Land Use Map Amendment from the Residential Low (RL) category to the Recreation/Open Space (R/OS) category for 1399 Pineapple Lane and pass Ordinance 9899-26 on first reading. (LUP2026-02001)", "summary": "", "plain": "Land-use change \u2014 at 1399 Pineapple Lane, Clearwater", "link": "https://clearwater.legistar.com/LegislationDetail.aspx?ID=8032422&GUID=4C485D49-8BF9-4555-9815-C482694864F4&G=E6D8F5E1-1A25-4C36-846B-5CFB5C80AB8C&Options=&Search=", "project_type": "land-use", "multifamily": false, "address": "1399 Pineapple Lane", "parcel": null, "status": "heard", "first_seen": "2026-07-06", "units": null, "acres": null, "score": 1}}, {"type": "Feature", "geometry": {"type": "Point", "coordinates": [-82.765316316834, 27.991391034568]}, "properties": {"id": "10186572eaf27c9f", "source": "clearwater", "jurisdiction": "Clearwater", "county": "Pinellas", "meeting_body": "City Council", "meeting_date": "2026-06-04", "title": "Adopt Ordinance 9881-26 on second reading, vacating the East 20 feet portion of Lot-12A, platted Lake Drainage and Utility easement shown therein, the Clearview Lake Estates subdivision, as Recorded in Plat Book 66, Page 37 of the Public Records of Pinellas County, Florida.", "summary": "File #: 9881-26 2nd rdg Version: 1 Name: Adopt Ordinance 9881-26 on second reading to vacate. Type: Ordinance Status: Passed File created: 4/30/2026 In control: City Attorney On agenda: 6/4/2026 Final action: 6/4/2026 Title: Adopt Ordinance 9881-26 on second reading, vacating the East 20 feet portion of Lot-12A, platted Lake Drainage and Utility easement shown therein, the Clearview Lake Estates s", "plain": "Plat / subdivision \u2014 at 1936 Clearview Lake Dr, Clearwater", "link": "https://clearwater.legistar.com/LegislationDetail.aspx?ID=8006710&GUID=646619DB-069F-4958-AA34-CB34763CC0C6&G=E6D8F5E1-1A25-4C36-846B-5CFB5C80AB8C&Options=&Search=", "project_type": "plat", "multifamily": false, "address": "1936 Clearview Lake Dr", "parcel": null, "status": "heard", "first_seen": "2026-07-06", "units": null, "acres": null, "score": 0}}, {"type": "Feature", "geometry": {"type": "Point", "coordinates": [-82.765316316834, 27.991391034568]}, "properties": {"id": "1c39be10d5d37d40", "source": "clearwater", "jurisdiction": "Clearwater", "county": "Pinellas", "meeting_body": "Council Work Session", "meeting_date": "2026-05-18", "title": "Approve to vacate a Lake Drainage and Utility Easement for a portion of the East 20 ft. portion of Lot-12A, Clearview Lake Estates subdivision, as Recorded in Plat Book 66, Page 37 of the Public Records of Pinellas County, Florida, and pass Ordinance 9881-26 on first reading.", "summary": "File #: 9881-26 Version: 1 Name: Approve to vacate a 20' feet Lake & Utility Easement portion. Type: Ordinance Status: Second Reading File created: 4/30/2026 In control: Public Works On agenda: 5/21/2026 Final action: Title: Approve to vacate a Lake Drainage and Utility Easement for a portion of the East 20 ft. portion of Lot-12A, Clearview Lake Estates subdivision, as Recorded in Plat Book 66, Pa", "plain": "Plat / subdivision \u2014 at 1936 Clearview Lake Dr, Clearwater", "link": "https://clearwater.legistar.com/LegislationDetail.aspx?ID=8024056&GUID=055672A6-6803-41C2-9DA7-95FB3D45BC3D&G=E6D8F5E1-1A25-4C36-846B-5CFB5C80AB8C&Options=&Search=", "project_type": "plat", "multifamily": false, "address": "1936 Clearview Lake Dr", "parcel": null, "status": "heard", "first_seen": "2026-07-06", "units": null, "acres": null, "score": 0}}, {"type": "Feature", "geometry": {"type": "Point", "coordinates": [-82.736751720326, 27.942136797828]}, "properties": {"id": "28b91162b6bf3eab", "source": "clearwater", "jurisdiction": "Clearwater", "county": "Pinellas", "meeting_body": "Council Work Session", "meeting_date": "2026-05-18", "title": "Adopt Ordinance 9890-26 on second reading, annexing certain real property whose post office address is 2448 Nursery Road, Clearwater, Florida 33764, into the corporate limits of the city and redefining the boundary lines of the city to include said addition.", "summary": "", "plain": "Annexation \u2014 at 2448 Nursery Road, Clearwater", "link": "https://clearwater.legistar.com/LegislationDetail.aspx?ID=7980697&GUID=9607EC03-D081-4682-A6CB-17467E983784&G=E6D8F5E1-1A25-4C36-846B-5CFB5C80AB8C&Options=&Search=", "project_type": "annexation", "multifamily": false, "address": "2448 Nursery Road", "parcel": null, "status": "heard", "first_seen": "2026-07-06", "units": null, "acres": null, "score": 0}}, {"type": "Feature", "geometry": {"type": "Point", "coordinates": [-82.736751720326, 27.942136797828]}, "properties": {"id": "1c410f17e19c4222", "source": "clearwater", "jurisdiction": "Clearwater", "county": "Pinellas", "meeting_body": "Council Work Session", "meeting_date": "2026-05-18", "title": "Adopt Ordinance 9891-26 on second reading, amending the future land use element of the Comprehensive Plan of the city to designate the land use for certain real property whose post office address is 2448 Nursery Road, Clearwater, Florida 33764, upon annexation into the City of Clearwater, as Residential Urban (RU).", "summary": "", "plain": "Land-use change \u2014 at 2448 Nursery Road, Clearwater", "link": "https://clearwater.legistar.com/LegislationDetail.aspx?ID=7980698&GUID=CC0F2741-1B03-46A1-9402-70B5ABC1ED86&G=E6D8F5E1-1A25-4C36-846B-5CFB5C80AB8C&Options=&Search=", "project_type": "land-use", "multifamily": false, "address": "2448 Nursery Road", "parcel": null, "status": "heard", "first_seen": "2026-07-06", "units": null, "acres": null, "score": 1}}, {"type": "Feature", "geometry": {"type": "Point", "coordinates": [-82.736751720326, 27.942136797828]}, "properties": {"id": "d8113d119a436212", "source": "clearwater", "jurisdiction": "Clearwater", "county": "Pinellas", "meeting_body": "Council Work Session", "meeting_date": "2026-05-18", "title": "Adopt Ordinance 9892-26 on second reading, amending the Zoning Atlas of the city by zoning certain real property whose post office address is 2448 Nursery Road, Clearwater, Florida 33764, upon annexation into the City of Clearwater, as Medium Density Residential (MDR).", "summary": "", "plain": "Annexation \u2014 at 2448 Nursery Road, Clearwater", "link": "https://clearwater.legistar.com/LegislationDetail.aspx?ID=7980699&GUID=64725B37-E810-4459-8E0F-A794DED0E21B&G=E6D8F5E1-1A25-4C36-846B-5CFB5C80AB8C&Options=&Search=", "project_type": "annexation", "multifamily": false, "address": "2448 Nursery Road", "parcel": null, "status": "heard", "first_seen": "2026-07-06", "units": null, "acres": null, "score": 0}}, {"type": "Feature", "geometry": {"type": "Point", "coordinates": [-82.736751720326, 27.942136797828]}, "properties": {"id": "66d5cad6e793cb55", "source": "clearwater", "jurisdiction": "Clearwater", "county": "Pinellas", "meeting_body": "City Council", "meeting_date": "2026-05-07", "title": "Approve the annexation, initial Future Land Use Map designation of Residential Urban (RU) and initial Zoning Atlas designation of Medium Density Residential (MDR) District for 2448 Nursery Road and pass Ordinances 9890-26, 9891-26, and 9892-26 on first reading. (ANX2026-02002)", "summary": "", "plain": "Land-use change \u2014 at 2448 Nursery Road, Clearwater", "link": "https://clearwater.legistar.com/LegislationDetail.aspx?ID=7988315&GUID=78A69ACE-C4F6-4C6A-95DD-3A46695ECF7E&G=E6D8F5E1-1A25-4C36-846B-5CFB5C80AB8C&Options=&Search=", "project_type": "land-use", "multifamily": false, "address": "2448 Nursery Road", "parcel": null, "status": "heard", "first_seen": "2026-07-06", "units": null, "acres": null, "score": 1}}, {"type": "Feature", "geometry": {"type": "Point", "coordinates": [-82.710656676773, 27.991456119596]}, "properties": {"id": "582beae79e3bf664", "source": "clearwater", "jurisdiction": "Clearwater", "county": "Pinellas", "meeting_body": "City Council", "meeting_date": "2026-05-07", "title": "Approve the annexation, initial Future Land Use Map designation of Residential Urban (RU), and initial Zoning Atlas designation of Low Medium Density Residential (LMDR) District for Unaddressed Sunset Point Road, and pass Ordinances 9893-26, 9894-26, and 9895-26 on first reading. (ANX2026-02003)", "summary": "File #: ANX2026-02003 Version: 1 Name: First Reading, Ord. 9893-26, 9894-26, 9895-26, Bryan M. Hall, Unaddressed Sunset Point Road. Type: Planning Case Status: Second Reading File created: 4/7/2026 In control: Planning & Development On agenda: 5/7/2026 Final action: Title: Approve the annexation, initial Future Land Use Map designation of Residential Urban (RU), and initial Zoning Atlas designatio", "plain": "Land-use change \u00b7 5 units \u00b7 0.14 ac \u2014 at 3062 Prestige Drive, Clearwater", "link": "https://clearwater.legistar.com/LegislationDetail.aspx?ID=7988322&GUID=A2CD2F41-AA48-449A-A104-D491F0289D6B&G=E6D8F5E1-1A25-4C36-846B-5CFB5C80AB8C&Options=&Search=", "project_type": "land-use", "multifamily": false, "address": "3062 Prestige Drive", "parcel": null, "status": "heard", "first_seen": "2026-07-06", "units": 5, "acres": 0.14, "score": 1}}, {"type": "Feature", "geometry": {"type": "Point", "coordinates": [-82.736777159252, 27.942136090566]}, "properties": {"id": "6072b88b7780b210", "source": "clearwater", "jurisdiction": "Clearwater", "county": "Pinellas", "meeting_body": "City Council", "meeting_date": "2026-05-07", "title": "Approve a Future Land Use Map Amendment from the Residential Urban (RU) category to the Residential Medium (RM) category for 2446 Nursery Road and pass Ordinance 9864-26 on first reading. (LUP2025-11004)", "summary": "", "plain": "Land-use change \u2014 at 2446 Nursery Road, Clearwater", "link": "https://clearwater.legistar.com/LegislationDetail.aspx?ID=7996144&GUID=ADC470DF-584C-4DFB-AF3D-67AAB76955F3&G=E6D8F5E1-1A25-4C36-846B-5CFB5C80AB8C&Options=&Search=", "project_type": "land-use", "multifamily": false, "address": "2446 Nursery Road", "parcel": null, "status": "heard", "first_seen": "2026-07-06", "units": null, "acres": null, "score": 1}}, {"type": "Feature", "geometry": {"type": "Point", "coordinates": [-82.787758421529, 27.990766150628]}, "properties": {"id": "fd3ddd4f0f0d4a25", "source": "clearwater", "jurisdiction": "Clearwater", "county": "Pinellas", "meeting_body": "City Council", "meeting_date": "2026-05-07", "title": "Adopt Ordinance 9884-26 on second reading, annexing certain real property whose post office address is 1903 Douglas Avenue, Clearwater Florida, 33755, together with certain rights of way of Douglas Avenue and Sunset Point Road, into the corporate limits of the city and redefining the boundary lines of the city to include said addition.", "summary": "", "plain": "Annexation \u2014 at 1903 Douglas Avenue, Clearwater", "link": "https://clearwater.legistar.com/LegislationDetail.aspx?ID=7954753&GUID=A052A53A-FD6F-4341-9E1B-A5D49D354F2C&G=E6D8F5E1-1A25-4C36-846B-5CFB5C80AB8C&Options=&Search=", "project_type": "annexation", "multifamily": false, "address": "1903 Douglas Avenue", "parcel": null, "status": "heard", "first_seen": "2026-07-06", "units": null, "acres": null, "score": 0}}, {"type": "Feature", "geometry": {"type": "Point", "coordinates": [-82.787758421529, 27.990766150628]}, "properties": {"id": "c60595670a9a8cf5", "source": "clearwater", "jurisdiction": "Clearwater", "county": "Pinellas", "meeting_body": "City Council", "meeting_date": "2026-05-07", "title": "Adopt Ordinance 9885-26 on second reading, amending the future land use element of the Comprehensive Plan of the city to designate the land use for certain real property whose post office address is 1903 Douglas Avenue, Clearwater Florida, 33755, upon annexation into the City of Clearwater, as Commercial General (CG)", "summary": "", "plain": "Land-use change \u2014 at 1903 Douglas Avenue, Clearwater", "link": "https://clearwater.legistar.com/LegislationDetail.aspx?ID=7954754&GUID=82685E37-E8C0-4EBF-8CA9-9438788D5E8C&G=E6D8F5E1-1A25-4C36-846B-5CFB5C80AB8C&Options=&Search=", "project_type": "land-use", "multifamily": false, "address": "1903 Douglas Avenue", "parcel": null, "status": "heard", "first_seen": "2026-07-06", "units": null, "acres": null, "score": 1}}, {"type": "Feature", "geometry": {"type": "Point", "coordinates": [-82.787758421529, 27.990766150628]}, "properties": {"id": "2d7faa406817c22c", "source": "clearwater", "jurisdiction": "Clearwater", "county": "Pinellas", "meeting_body": "City Council", "meeting_date": "2026-05-07", "title": "Adopt Ordinance 9886-26 on second reading, amending the Zoning Atlas of the city by zoning certain real property whose post office address is 1903 Douglas Avenue, Clearwater Florida, 33755, upon annexation into the City of Clearwater, as Commercial (C).", "summary": "", "plain": "Annexation \u2014 at 1903 Douglas Avenue, Clearwater", "link": "https://clearwater.legistar.com/LegislationDetail.aspx?ID=7954755&GUID=6BA5B0FD-9269-4215-9252-D3E356655589&G=E6D8F5E1-1A25-4C36-846B-5CFB5C80AB8C&Options=&Search=", "project_type": "annexation", "multifamily": false, "address": "1903 Douglas Avenue", "parcel": null, "status": "heard", "first_seen": "2026-07-06", "units": null, "acres": null, "score": 0}}, {"type": "Feature", "geometry": {"type": "Point", "coordinates": [-82.787758421529, 27.990766150628]}, "properties": {"id": "1e43164219b95308", "source": "clearwater", "jurisdiction": "Clearwater", "county": "Pinellas", "meeting_body": "City Council", "meeting_date": "2026-04-23", "title": "Approve the annexation, initial Future Land Use Map designation of Commercial General (CG), and initial Zoning Atlas designation of Commercial (C) District for 1903 Douglas Avenue, together with the abutting right-of-way of Douglas Avenue and Sunset Point Road, and pass Ordinances 9884-26, 9885-26, and 9886-26 on first reading. (ANX2026-01001)", "summary": "", "plain": "Land-use change \u2014 at 1903 Douglas Avenue, Clearwater", "link": "https://clearwater.legistar.com/LegislationDetail.aspx?ID=7958297&GUID=CE138743-CF4C-4844-B812-A092C1366C09&G=E6D8F5E1-1A25-4C36-846B-5CFB5C80AB8C&Options=&Search=", "project_type": "land-use", "multifamily": false, "address": "1903 Douglas Avenue", "parcel": null, "status": "heard", "first_seen": "2026-07-06", "units": null, "acres": null, "score": 1}}, {"type": "Feature", "geometry": {"type": "Point", "coordinates": [-82.724032381302, 27.979522619458]}, "properties": {"id": "544e19c1ea9879c4", "source": "clearwater", "jurisdiction": "Clearwater", "county": "Pinellas", "meeting_body": "Community Development Board", "meeting_date": "2026-04-21", "title": "LUP2026-02001: Amendment to the city\u2019s Future Land Use Map from the Residential Low (RL) designation (Pinellas County) to the Recreation/Open Space (R/OS) designation (City of Clearwater) for the property located at 1399 Pineapple Lane. (Level Three Application)", "summary": "", "plain": "Land-use change \u2014 at 1399 Pineapple Lane, Clearwater", "link": "https://clearwater.legistar.com/LegislationDetail.aspx?ID=7965448&GUID=38A06821-5234-4BA5-A6D6-19E643C8D49E&G=E6D8F5E1-1A25-4C36-846B-5CFB5C80AB8C&Options=&Search=", "project_type": "land-use", "multifamily": false, "address": "1399 Pineapple Lane", "parcel": null, "status": "heard", "first_seen": "2026-07-06", "units": null, "acres": null, "score": 1}}, {"type": "Feature", "geometry": {"type": "Point", "coordinates": [-82.736777159252, 27.942136090566]}, "properties": {"id": "95626dd747d9f48d", "source": "clearwater", "jurisdiction": "Clearwater", "county": "Pinellas", "meeting_body": "Community Development Board", "meeting_date": "2026-03-17", "title": "LUP2025-11004: Amend the Future Land Use Map designation from Residential Urban (RU) to Residential Medium (RM). (Level Three Application)", "summary": "File #: ID#26-0281 Version: 1 Name: Type: Action Item Status: Passed File created: 2/25/2026 In control: Community Development Board On agenda: 3/17/2026 Final action: 3/17/2026 Title: LUP2025-11004: Amend the Future Land Use Map designation from Residential Urban (RU) to Residential Medium (RM). (Level Three Application) Attachments: 1. LUP2025-11004: APPLICATION , 2. LUP2025-11004: CDB PUBLIC ME", "plain": "Land-use change \u00b7 0.4 ac \u2014 at 2446 Nursery Road, Clearwater", "link": "https://clearwater.legistar.com/LegislationDetail.aspx?ID=7935414&GUID=EC617B19-D19A-4A6C-81BC-D822EE0EA687&G=E6D8F5E1-1A25-4C36-846B-5CFB5C80AB8C&Options=&Search=", "project_type": "land-use", "multifamily": false, "address": "2446 Nursery Road", "parcel": null, "status": "heard", "first_seen": "2026-07-06", "units": null, "acres": 0.4, "score": 1}}, {"type": "Feature", "geometry": {"type": "Point", "coordinates": [-82.7134934, 27.835539]}, "properties": {"id": "2489a9d1c0034c27", "source": "pinellas-park", "jurisdiction": "Pinellas Park", "county": "Pinellas", "meeting_body": "City Council", "meeting_date": "2026-08-25", "title": "ORDINANCE NO. 2026-24.  AN ORDINANCE OF THE CITY COUNCIL OF THE CITY OF PINELLAS PARK, PINELLAS COUNTY, FLORIDA, ADOPTING A MASTER PLAN AND SUPPORTING DOCUMENTATION FOR A RESIDENTIAL PLANNED UNIT DEVELOPMENT (RPUD) OVERLAY WITH UNDERLYING DUPLEX RESIDENTIAL DISTRICT (R-4) ZONING ON 0.69 ACRES OF LAND GENERALLY LOCATED AT 3355 70TH AVENUE NORTH,  AND MORE PARTICULARLY DESCRIBED IN EXHIBIT \u201cA\u201d, WHIC", "summary": "", "plain": "Planned development (PUD) \u00b7 0.69 ac \u2014 at 3355 70TH AVENUE NORTH, Pinellas Park", "link": "https://pinellaspark.legistar.com/LegislationDetail.aspx?ID=8159456&GUID=77BBF6D6-975B-4AC6-92A2-FFAD4466EC28&G=ABE1EA62-E785-4029-ABE0-C3EFF5B4641E&Options=&Search=", "project_type": "pud", "multifamily": false, "address": "3355 70TH AVENUE NORTH", "parcel": null, "status": "heard", "first_seen": "2026-08-05", "units": null, "acres": 0.69, "score": 1}}, {"type": "Feature", "geometry": {"type": "Point", "coordinates": [-82.716599831468, 27.856579758347]}, "properties": {"id": "7b26320a7ef89795", "source": "pinellas-park", "jurisdiction": "Pinellas Park", "county": "Pinellas", "meeting_body": "City Council", "meeting_date": "2026-08-25", "title": "ORDINANCE NO. 2026-26. AN ORDINANCE OF THE CITY COUNCIL OF THE CITY OF PINELLAS PARK, PINELLAS COUNTY, FLORIDA, AMENDING THE CITY\u2019S OFFICIAL ZONING MAP BY PROVIDING FOR A CHANGE IN THE ZONING DISTRICT FOR A CERTAIN PARCEL OF LAND GENERALLY LOCATED AT 9308 60TH STREET NORTH AND MORE PARTICULARLY DESCRIBED IN EXHIBIT \"A\", WHICH IS ATTACHED HERETO AND MADE A PART HEREOF; CHANGING THE ZONING DISTRICT ", "summary": "", "plain": "Planned development (PUD) \u00b7 1.85 ac \u2014 at 9308 60TH STREET NORTH, Pinellas Park", "link": "https://pinellaspark.legistar.com/LegislationDetail.aspx?ID=8171007&GUID=145D3918-2254-4205-A7BA-E8AC896C935E&G=ABE1EA62-E785-4029-ABE0-C3EFF5B4641E&Options=&Search=", "project_type": "pud", "multifamily": false, "address": "9308 60TH STREET NORTH", "parcel": null, "status": "heard", "first_seen": "2026-08-19", "units": null, "acres": 1.85, "score": 1}}, {"type": "Feature", "geometry": {"type": "Point", "coordinates": [-82.723876320122, 27.839212156652]}, "properties": {"id": "d732f0c635564c68", "source": "pinellas-park", "jurisdiction": "Pinellas Park", "county": "Pinellas", "meeting_body": "Planning and Zoning Commission", "meeting_date": "2026-08-06", "title": "CONDITIONAL USE APPROVAL FOR A DRIVE-THRU RESTAURANT IN THE GENERAL COMMERCIAL (B-1) ZONING DISTRICT - (CU-0626-00011; 6401 Park Boulevard; Dynamic Engineering)\n\nPUBLIC HEARING (QUASI-JUDICIAL)\n\n(Speaker - Megan Montesino, Development Review Manager)", "summary": "", "plain": "Special exception \u2014 at 6401 Park Boulevard, Pinellas Park", "link": "https://pinellaspark.legistar.com/LegislationDetail.aspx?ID=8145576&GUID=6FDF89DC-36F8-4DBC-A560-225133FEB33E&G=ABE1EA62-E785-4029-ABE0-C3EFF5B4641E&Options=&Search=", "project_type": "special-exception", "multifamily": false, "address": "6401 Park Boulevard", "parcel": null, "status": "heard", "first_seen": "2026-07-28", "units": null, "acres": null, "score": 0}}, {"type": "Feature", "geometry": {"type": "Point", "coordinates": [-82.716599831468, 27.856579758347]}, "properties": {"id": "c1d12e28e5cdca09", "source": "pinellas-park", "jurisdiction": "Pinellas Park", "county": "Pinellas", "meeting_body": "Planning and Zoning Commission", "meeting_date": "2026-08-06", "title": "ORDINANCE NO.\t\t. AN ORDINANCE OF THE CITY COUNCIL OF THE CITY OF PINELLAS PARK, PINELLAS COUNTY, FLORIDA, AMENDING THE CITY\u2019S OFFICIAL ZONING MAP BY PROVIDING FOR A CHANGE IN THE ZONING DISTRICT FOR A CERTAIN PARCEL OF LAND GENERALLY LOCATED AT 9308 60TH STREET NORTH AND MORE PARTICULARLY DESCRIBED IN EXHIBIT \"A\", WHICH IS ATTACHED HERETO AND MADE A PART HEREOF; CHANGING THE ZONING DISTRICT FROM F", "summary": "", "plain": "Planned development (PUD) \u00b7 1.85 ac \u2014 at 9308 60TH STREET NORTH, Pinellas Park", "link": "https://pinellaspark.legistar.com/LegislationDetail.aspx?ID=8145578&GUID=D93299F0-A8F4-46A5-9081-55A254E18AE7&G=ABE1EA62-E785-4029-ABE0-C3EFF5B4641E&Options=&Search=", "project_type": "pud", "multifamily": false, "address": "9308 60TH STREET NORTH", "parcel": null, "status": "heard", "first_seen": "2026-07-28", "units": null, "acres": 1.85, "score": 1}}, {"type": "Feature", "geometry": {"type": "Point", "coordinates": [-82.718152325119, 27.845269636764]}, "properties": {"id": "785ced50fc65409d", "source": "pinellas-park", "jurisdiction": "Pinellas Park", "county": "Pinellas", "meeting_body": "Board of Adjustment", "meeting_date": "2026-08-06", "title": "VARIANCE TO INCREASE THE MAXIMUM FENCE HEIGHT IN THE FRONT YARD FROM 4 FEET TO 6 FEET FOR A PROPERTY IN THE MANUFACTURED HOME SUBDIVISION (T-1) ZONING DISTRICT - (VAR-0526-00026; Christian Bruno)  \r\n\r\nPUBLIC HEARING (QUASI-JUDICIAL)\r\n\r\n(Speaker - Michael Ciarleglio, Associate Planner)", "summary": "File #: 26-3455 Name: Type: Other Status: Agenda Ready File created: 7/22/2026 In control: Board of Adjustment On agenda: 8/6/2026 Final action: Title: VARIANCE TO INCREASE THE MAXIMUM FENCE HEIGHT IN THE FRONT YARD FROM 4 FEET TO 6 FEET FOR A PROPERTY IN THE MANUFACTURED HOME SUBDIVISION (T-1) ZONING DISTRICT - (VAR-0526-00026; Christian Bruno)  \n\nPUBLIC HEARING (QUASI-JUDICIAL)\n\n(Speaker - Micha", "plain": "Variance \u2014 at 8110 61st St N, Pinellas Park", "link": "https://pinellaspark.legistar.com/LegislationDetail.aspx?ID=8145573&GUID=B3ED2BC6-60C6-45B5-9EB6-C5A9941255F5&G=ABE1EA62-E785-4029-ABE0-C3EFF5B4641E&Options=&Search=", "project_type": "variance", "multifamily": false, "address": "8110 61st St N", "parcel": null, "status": "heard", "first_seen": "2026-07-28", "units": null, "acres": null, "score": 0}}, {"type": "Feature", "geometry": {"type": "Point", "coordinates": [-82.708221263035, 27.831957763997]}, "properties": {"id": "caf1d9c928f051cf", "source": "pinellas-park", "jurisdiction": "Pinellas Park", "county": "Pinellas", "meeting_body": "Board of Adjustment", "meeting_date": "2026-08-06", "title": "VARIANCE TO REDUCE THE SECONDARY FRONT YARD SETBACK FROM 12 FEET TO 6.1 FEET FOR AN ADDITION ON THE EAST SIDE OF THE EXISTING DWELLING IN THE SINGLE-FAMILY RESIDENTIAL (R-1) ZONING DISTRICT - (VAR-0526-00028; Aleksander Bame)  \r\n\r\nPUBLIC HEARING (QUASI-JUDICIAL)\r\n\r\n(Speaker - Michael Ciarleglio, Associate Planner)", "summary": "File #: 26-3456 Name: Type: Other Status: Agenda Ready File created: 7/22/2026 In control: Board of Adjustment On agenda: 8/6/2026 Final action: Title: VARIANCE TO REDUCE THE SECONDARY FRONT YARD SETBACK FROM 12 FEET TO 6.1 FEET FOR AN ADDITION ON THE EAST SIDE OF THE EXISTING DWELLING IN THE SINGLE-FAMILY RESIDENTIAL (R-1) ZONING DISTRICT - (VAR-0526-00028; Aleksander Bame)  \n\nPUBLIC HEARING (QUA", "plain": "Variance \u2014 at 5501 66TH AVE N, Pinellas Park", "link": "https://pinellaspark.legistar.com/LegislationDetail.aspx?ID=8145574&GUID=BC211E19-3AC0-4809-AA65-F3BBDE695FB0&G=ABE1EA62-E785-4029-ABE0-C3EFF5B4641E&Options=&Search=", "project_type": "variance", "multifamily": false, "address": "5501 66TH AVE N", "parcel": null, "status": "heard", "first_seen": "2026-07-28", "units": null, "acres": null, "score": 0}}, {"type": "Feature", "geometry": {"type": "Point", "coordinates": [-82.713925055715, 27.842899397325]}, "properties": {"id": "9d75f351ec5b0160", "source": "pinellas-park", "jurisdiction": "Pinellas Park", "county": "Pinellas", "meeting_body": "Board of Adjustment", "meeting_date": "2026-08-06", "title": "VARIANCE TO REDUCE THE MINIMUM LOT WIDTH FROM 75 FEET TO 56.7 FEET FOR A PROPOSED DIVISION OF A PARCEL IN THE SINGLE-FAMILY RESIDENTIAL (R-1) ZONING DISTRICT - (VAR-0626-00031; Jesus Gonzalez)  \r\n\r\nPUBLIC HEARING (QUASI-JUDICIAL)\r\n\r\n(Speaker - Michael Ciarleglio, Associate Planner)", "summary": "File #: 26-3457 Name: Type: Other Status: Agenda Ready File created: 7/22/2026 In control: Board of Adjustment On agenda: 8/6/2026 Final action: Title: VARIANCE TO REDUCE THE MINIMUM LOT WIDTH FROM 75 FEET TO 56.7 FEET FOR A PROPOSED DIVISION OF A PARCEL IN THE SINGLE-FAMILY RESIDENTIAL (R-1) ZONING DISTRICT - (VAR-0626-00031; Jesus Gonzalez)  \n\nPUBLIC HEARING (QUASI-JUDICIAL)\n\n(Speaker - Michael ", "plain": "Variance \u2014 at 5871 78th Ave N, Pinellas Park", "link": "https://pinellaspark.legistar.com/LegislationDetail.aspx?ID=8145575&GUID=FBD3C829-1AD8-44A1-BF3C-CFC2D3F1FCF9&G=ABE1EA62-E785-4029-ABE0-C3EFF5B4641E&Options=&Search=", "project_type": "variance", "multifamily": false, "address": "5871 78th Ave N", "parcel": null, "status": "heard", "first_seen": "2026-07-28", "units": null, "acres": null, "score": 0}}, {"type": "Feature", "geometry": {"type": "Point", "coordinates": [-82.723305726974, 27.844684155316]}, "properties": {"id": "5766d227bf3f7ca3", "source": "pinellas-park", "jurisdiction": "Pinellas Park", "county": "Pinellas", "meeting_body": "Board of Adjustment", "meeting_date": "2026-07-02", "title": "VARIANCE TO REDUCE THE SIDE YARD SETBACK FROM 6 FEET TO 1.7 FEET FOR A DETACHED GARAGE ON A PARCEL IN THE SINGLE-FAMILY RESIDENTIAL (R-1) ZONING DISTRICT - (VAR-0426-00022; Jimmie Richardson Jr.)  \n\nPUBLIC HEARING (QUASI-JUDICIAL)\n\n(Speaker - Michael Ciarleglio, Associate Planner)", "summary": "File #: 26-3394 Name: Type: Other Status: Agenda Ready File created: 5/21/2026 In control: Board of Adjustment On agenda: 6/4/2026 Final action: Title: VARIANCE TO REDUCE THE SIDE YARD SETBACK FROM 6 FEET TO 1.7 FEET FOR A DETACHED GARAGE ON A PARCEL IN THE SINGLE-FAMILY RESIDENTIAL (R-1) ZONING DISTRICT - (VAR-0426-00022; Jimmie Richardson Jr.)  \n\nPUBLIC HEARING (QUASI-JUDICIAL)\n\n(Speaker - Micha", "plain": "Variance \u2014 at 6339 80th Avenue N, Pinellas Park", "link": "https://pinellaspark.legistar.com/LegislationDetail.aspx?ID=8036762&GUID=4FE4B9A4-BCCD-4E57-B800-11358BFED6E7&G=ABE1EA62-E785-4029-ABE0-C3EFF5B4641E&Options=&Search=", "project_type": "variance", "multifamily": false, "address": "6339 80th Avenue N", "parcel": null, "status": "heard", "first_seen": "2026-07-06", "units": null, "acres": null, "score": 0}}, {"type": "Feature", "geometry": {"type": "Point", "coordinates": [-82.71861132989, 27.853686561626]}, "properties": {"id": "03dcbf752cd9409c", "source": "pinellas-park", "jurisdiction": "Pinellas Park", "county": "Pinellas", "meeting_body": "Board of Adjustment", "meeting_date": "2026-07-02", "title": "VARIANCE TO REDUCE THE FRONT YARD SETBACK FROM 50 FEET TO 26 FEET FOR AN ACCESSORY STRUCTURE ON A PARCEL IN THE FARM (F) ZONING DISTRICT - (VAR-0326-00015; Dennis Hoffman)  \r\n\r\nPUBLIC HEARING (QUASI-JUDICIAL)\r\n\r\n(Speaker - Michael Ciarleglio, Associate Planner)", "summary": "File #: 26-3395 Name: Type: Other Status: Agenda Ready File created: 5/21/2026 In control: Board of Adjustment On agenda: 6/4/2026 Final action: Title: VARIANCE TO REDUCE THE FRONT YARD SETBACK FROM 50 FEET TO 26 FEET FOR AN ACCESSORY STRUCTURE ON A PARCEL IN THE FARM (F) ZONING DISTRICT - (VAR-0326-00015; Dennis Hoffman)  \n\nPUBLIC HEARING (QUASI-JUDICIAL)\n\n(Speaker - Michael Ciarleglio, Associate", "plain": "Variance \u2014 at 6100 90th Avenue N, Pinellas Park", "link": "https://pinellaspark.legistar.com/LegislationDetail.aspx?ID=8036763&GUID=B9BE77F9-9807-468C-99EE-BD4F07F1F2B3&G=ABE1EA62-E785-4029-ABE0-C3EFF5B4641E&Options=&Search=", "project_type": "variance", "multifamily": false, "address": "6100 90th Avenue N", "parcel": null, "status": "heard", "first_seen": "2026-07-06", "units": null, "acres": null, "score": 0}}, {"type": "Feature", "geometry": {"type": "Point", "coordinates": [-82.6961561, 27.8825159]}, "properties": {"id": "958fcaca9923d826", "source": "pinellas-park", "jurisdiction": "Pinellas Park", "county": "Pinellas", "meeting_body": "Board of Adjustment", "meeting_date": "2026-07-02", "title": "VARIANCE TO REDUCE THE MINIMUM SIDE YARD SETBACK FROM 10 FEET TO 0.1 FEET ON A PARCEL IN THE HEAVY INDUSTRIAL (IH) ZONING DISTRICT - (VAR-0326-00017; 12175 46th Street N.; Craig Goldstein)  \n\nPUBLIC HEARING (QUASI-JUDICIAL)\n\n(Speaker - Michael Ciarleglio, Associate Planner)", "summary": "", "plain": "Variance \u2014 at 12175 46th Street N, Pinellas Park", "link": "https://pinellaspark.legistar.com/LegislationDetail.aspx?ID=8116852&GUID=39CC0073-48A3-4C31-B2D7-0E568A5F7D26&G=ABE1EA62-E785-4029-ABE0-C3EFF5B4641E&Options=&Search=", "project_type": "variance", "multifamily": false, "address": "12175 46th Street N", "parcel": null, "status": "heard", "first_seen": "2026-07-06", "units": null, "acres": null, "score": 0}}, {"type": "Feature", "geometry": {"type": "Point", "coordinates": [-82.722430171839, 27.864558559099]}, "properties": {"id": "fa2b671c68c1dd4a", "source": "pinellas-park", "jurisdiction": "Pinellas Park", "county": "Pinellas", "meeting_body": "Board of Adjustment", "meeting_date": "2026-07-02", "title": "VARIANCE TO REDUCE THE FRONT YARD SETBACK FROM 50 FEET TO 20 FEET FOR AN ACCESSORY STRUCTURE ON A PARCEL IN THE FARM (F) ZONING DISTRICT - (VAR-0426-00023; 6300 102nd Avenue N.; Strategic Roofing LLC)  \n\nPUBLIC HEARING (QUASI-JUDICIAL)\n\n(Speaker - Kiara Brown, Planning Coordinator)", "summary": "", "plain": "Variance \u2014 at 6300 102nd Avenue N, Pinellas Park", "link": "https://pinellaspark.legistar.com/LegislationDetail.aspx?ID=8116853&GUID=C2B13BB9-1468-4623-A28F-428F8673BEE2&G=ABE1EA62-E785-4029-ABE0-C3EFF5B4641E&Options=&Search=", "project_type": "variance", "multifamily": false, "address": "6300 102nd Avenue N", "parcel": null, "status": "heard", "first_seen": "2026-07-06", "units": null, "acres": null, "score": 0}}, {"type": "Feature", "geometry": {"type": "Point", "coordinates": [-82.722430171839, 27.864558559099]}, "properties": {"id": "e31f94c83b676e7a", "source": "pinellas-park", "jurisdiction": "Pinellas Park", "county": "Pinellas", "meeting_body": "Board of Adjustment", "meeting_date": "2026-07-02", "title": "VARIANCE TO REDUCE THE (EAST) SIDE YARD SETBACK FROM 25 FEET TO 9 FEET AND 8 INCHES FOR AN ACCESSORY STRUCTURE ON A PARCEL IN THE FARM (F) ZONING DISTRICT - (VAR-0526-00024; 6300 102nd Avenue N.; Strategic Roofing LLC)  \n\nPUBLIC HEARING (QUASI-JUDICIAL)\n\n(Speaker - Kiara Brown, Planning Coordinator)", "summary": "", "plain": "Variance \u2014 at 6300 102nd Avenue N, Pinellas Park", "link": "https://pinellaspark.legistar.com/LegislationDetail.aspx?ID=8116849&GUID=2FA52D02-1BA1-4922-A282-3ECE9A4655DD&G=ABE1EA62-E785-4029-ABE0-C3EFF5B4641E&Options=&Search=", "project_type": "variance", "multifamily": false, "address": "6300 102nd Avenue N", "parcel": null, "status": "heard", "first_seen": "2026-07-06", "units": null, "acres": null, "score": 0}}, {"type": "Feature", "geometry": {"type": "Point", "coordinates": [-82.722430171839, 27.864558559099]}, "properties": {"id": "6a65f619442f209a", "source": "pinellas-park", "jurisdiction": "Pinellas Park", "county": "Pinellas", "meeting_body": "Board of Adjustment", "meeting_date": "2026-07-02", "title": "VARIANCE TO REDUCE THE (WEST) SIDE YARD SETBACK FROM 25 FEET TO 20 FEET FOR AN ACCESSORY STRUCTURE ON A PARCEL IN THE FARM (F) ZONING DISTRICT - (VAR-0526-00025; 6300 102nd Avenue N., Pinellas Park, FL, 33781; Strategic Roofing LLC)  \r\n\r\nPUBLIC HEARING (QUASI-JUDICIAL)\r\n\r\n(Speaker - Kiara Brown, Planning Coordinator)", "summary": "", "plain": "Variance \u2014 at 6300 102nd Avenue N, Pinellas Park", "link": "https://pinellaspark.legistar.com/LegislationDetail.aspx?ID=8116850&GUID=A4738D68-74B4-4431-9332-2AD0E1C3C826&G=ABE1EA62-E785-4029-ABE0-C3EFF5B4641E&Options=&Search=", "project_type": "variance", "multifamily": false, "address": "6300 102nd Avenue N", "parcel": null, "status": "heard", "first_seen": "2026-07-06", "units": null, "acres": null, "score": 0}}, {"type": "Feature", "geometry": {"type": "Point", "coordinates": [-82.7134934, 27.835539]}, "properties": {"id": "f3a439bcd78cc085", "source": "pinellas-park", "jurisdiction": "Pinellas Park", "county": "Pinellas", "meeting_body": "Planning and Zoning Commission", "meeting_date": "2026-07-02", "title": "ORDINANCE NO.\t\t. AN ORDINANCE OF THE CITY COUNCIL OF THE CITY OF PINELLAS PARK, PINELLAS COUNTY, FLORIDA, ADOPTING A MASTER PLAN AND SUPPORTING DOCUMENTATION FOR A RESIDENTIAL PLANNED UNIT DEVELOPMENT (RPUD) OVERLAY WITH UNDERLYING DUPLEX RESIDENTIAL DISTRICT (R-4) ZONING ON 0.69 ACRES OF LAND GENERALLY LOCATED AT 3355 70TH AVENUE NORTH,  AND MORE PARTICULARLY DESCRIBED IN EXHIBIT \u201cA\u201d, WHICH IS AT", "summary": "", "plain": "Planned development (PUD) \u00b7 0.69 ac \u2014 at 3355 70TH AVENUE NORTH, Pinellas Park", "link": "https://pinellaspark.legistar.com/LegislationDetail.aspx?ID=8116851&GUID=2D13B63D-F49C-4500-8D03-673ECF6359F1&G=ABE1EA62-E785-4029-ABE0-C3EFF5B4641E&Options=&Search=", "project_type": "pud", "multifamily": false, "address": "3355 70TH AVENUE NORTH", "parcel": null, "status": "heard", "first_seen": "2026-07-06", "units": null, "acres": 0.69, "score": 1}}, {"type": "Feature", "geometry": {"type": "Point", "coordinates": [-82.73437, 27.879229]}, "properties": {"id": "28aef052089d8d30", "source": "pinellas-park", "jurisdiction": "Pinellas Park", "county": "Pinellas", "meeting_body": "City Council", "meeting_date": "2026-06-23", "title": "ORDINANCE NO. 2026-17.   AN ORDINANCE OF THE CITY COUNCIL OF THE CITY OF PINELLAS PARK, PINELLAS COUNTY, FLORIDA, ACCEPTING AND APPROVING A VOLUNTARY PETITION FOR ANNEXATION, ANNEXING INTO THE CITY A CERTAIN CONTIGUOUS PARCEL OF LAND GENERALLY LOCATED AT 6868 118TH AVENUE NORTH AND LEGALLY DESCRIBED AND DEPICTED IN EXHIBIT \"A\" WHICH IS ATTACHED HERETO AND MADE A PART HEREOF; PROVIDING FOR AMENDMEN", "summary": "", "plain": "Annexation \u2014 at 6868 118TH AVENUE NORTH, Pinellas Park", "link": "https://pinellaspark.legistar.com/LegislationDetail.aspx?ID=8045473&GUID=AB176525-DD35-4C0F-88D9-1A26A6029E73&G=ABE1EA62-E785-4029-ABE0-C3EFF5B4641E&Options=&Search=", "project_type": "annexation", "multifamily": false, "address": "6868 118TH AVENUE NORTH", "parcel": null, "status": "heard", "first_seen": "2026-07-06", "units": null, "acres": null, "score": 0}}, {"type": "Feature", "geometry": {"type": "Point", "coordinates": [-82.73437, 27.879229]}, "properties": {"id": "b11bf7c2d8c5abc4", "source": "pinellas-park", "jurisdiction": "Pinellas Park", "county": "Pinellas", "meeting_body": "City Council", "meeting_date": "2026-06-09", "title": "AUTHORIZATION FOR THE MAYOR TO SIGN AN ANNEXATION AGREEMENT WITH 118TH AVENUE ACQUISITION, LLC - (AX-2025-00005)", "summary": "File #: 26-3401 Name: Type: Other Status: Consent Agenda File created: 5/27/2026 In control: City Council On agenda: 6/9/2026 Final action: Title: AUTHORIZATION FOR THE MAYOR TO SIGN AN ANNEXATION AGREEMENT WITH 118TH AVENUE ACQUISITION, LLC - (AX-2025-00005) Sponsors: Community Development Attachments: 1. AX-2025-00005 Agreement with Exhibit History (0) Text 0 records Date Action\u00a0By Action Result", "plain": "Annexation \u00b7 4.64 ac \u2014 at 6868 118th Avenue North, Pinellas Park", "link": "https://pinellaspark.legistar.com/LegislationDetail.aspx?ID=8045472&GUID=86879D11-8034-48E8-B05B-1AA51EE29825&G=ABE1EA62-E785-4029-ABE0-C3EFF5B4641E&Options=&Search=", "project_type": "annexation", "multifamily": false, "address": "6868 118th Avenue North", "parcel": null, "status": "heard", "first_seen": "2026-07-06", "units": null, "acres": 4.64, "score": 1}}, {"type": "Feature", "geometry": {"type": "Point", "coordinates": [-82.728390731688, 27.834877146053]}, "properties": {"id": "4a7c05e23966f9af", "source": "pinellas-park", "jurisdiction": "Pinellas Park", "county": "Pinellas", "meeting_body": "Board of Adjustment", "meeting_date": "2026-06-04", "title": "VARIANCE TO REDUCE THE SETBACK FROM 10 FEET TO 5 FEET 8 INCHES FOR A SIGN ON A PARCEL IN THE GENERAL COMMERCIAL (B-1) ZONING DISTRICT - (VAR-0226-00014; Cheryl DiCarlo)  \r\n\r\nPUBLIC HEARING (QUASI-JUDICIAL)\r\n\r\n(Speaker - Michael Ciarleglio, Associate Planner)", "summary": "File #: 26-3396 Name: Type: Other Status: Agenda Ready File created: 5/21/2026 In control: Board of Adjustment On agenda: 6/4/2026 Final action: Title: VARIANCE TO REDUCE THE SETBACK FROM 10 FEET TO 5 FEET 8 INCHES FOR A SIGN ON A PARCEL IN THE GENERAL COMMERCIAL (B-1) ZONING DISTRICT - (VAR-0226-00014; Cheryl DiCarlo)  \n\nPUBLIC HEARING (QUASI-JUDICIAL)\n\n(Speaker - Michael Ciarleglio, Associate Pl", "plain": "Variance \u2014 at 6903 66th Street N, Pinellas Park", "link": "https://pinellaspark.legistar.com/LegislationDetail.aspx?ID=8036764&GUID=D03AE6F0-46E8-461D-B548-D51F7271B554&G=ABE1EA62-E785-4029-ABE0-C3EFF5B4641E&Options=&Search=", "project_type": "variance", "multifamily": false, "address": "6903 66th Street N", "parcel": null, "status": "heard", "first_seen": "2026-07-06", "units": null, "acres": null, "score": 0}}, {"type": "Feature", "geometry": {"type": "Point", "coordinates": [-82.7276558, 27.8776836]}, "properties": {"id": "9c765218dc10937b", "source": "pinellas-park", "jurisdiction": "Pinellas Park", "county": "Pinellas", "meeting_body": "City Council", "meeting_date": "2026-05-26", "title": "CONDITIONAL USE APPROVAL FOR A WAREHOUSE IN THE HEAVY COMMERCIAL (CH) ZONING DISTRICT - (CU-1126-00005; Southeast Building and Shed, LLC.)\r\n\r\nPUBLIC HEARING, FIRST AND FINAL READING (QUASI-JUDICIAL)\r\n\r\n(Speaker - Kiara Brown, Planning Coordinator)", "summary": "File #: 26-3385 Name: Type: Other Status: Public Hearing File created: 5/13/2026 In control: City Council On agenda: 5/26/2026 Final action: Title: CONDITIONAL USE APPROVAL FOR A WAREHOUSE IN THE HEAVY COMMERCIAL (CH) ZONING DISTRICT - (CU-1126-00005; Southeast Building and Shed, LLC.)\n\nPUBLIC HEARING, FIRST AND FINAL READING (QUASI-JUDICIAL)\n\n(Speaker - Kiara Brown, Planning Coordinator) Sponsors", "plain": "Special exception \u2014 at 6520 116th Avenue North, Pinellas Park", "link": "https://pinellaspark.legistar.com/LegislationDetail.aspx?ID=8030472&GUID=F2EA5D4C-CFE8-4188-B6B0-8D57FC456592&G=ABE1EA62-E785-4029-ABE0-C3EFF5B4641E&Options=&Search=", "project_type": "special-exception", "multifamily": false, "address": "6520 116th Avenue North", "parcel": null, "status": "heard", "first_seen": "2026-07-06", "units": null, "acres": null, "score": 0}}, {"type": "Feature", "geometry": {"type": "Point", "coordinates": [-82.682974707026, 27.837891310248]}, "properties": {"id": "51a06aad2756d342", "source": "pinellas-park", "jurisdiction": "Pinellas Park", "county": "Pinellas", "meeting_body": "City Council", "meeting_date": "2026-04-21", "title": "CONDITIONAL USE APPROVAL FOR A FINANCIAL INSTITUTION WITH DRIVE-THRU IN THE GENERAL COMMERCIAL (B-1) ZONING DISTRICT LOCATED AT 7200 US HIGHWAY 19 N. - (CU-0126-00007, Northside Engineering LLC)\r\n\r\nPUBLIC HEARING, FIRST AND FINAL READING (QUASI-JUDICIAL)\r\n\r\n(Speaker - Todd Biron, Senior Planner)", "summary": "", "plain": "Special exception \u2014 at 7200 US HIGHWAY 19, Pinellas Park", "link": "https://pinellaspark.legistar.com/LegislationDetail.aspx?ID=7976824&GUID=36AD0D10-D78A-4C3A-8B42-339B7C7B46E5&G=ABE1EA62-E785-4029-ABE0-C3EFF5B4641E&Options=&Search=", "project_type": "special-exception", "multifamily": false, "address": "7200 US HIGHWAY 19", "parcel": null, "status": "heard", "first_seen": "2026-07-06", "units": null, "acres": null, "score": 0}}, {"type": "Feature", "geometry": {"type": "Point", "coordinates": [-82.73149536546, 27.850179912246]}, "properties": {"id": "99f73bdaacf50e78", "source": "pinellas-park", "jurisdiction": "Pinellas Park", "county": "Pinellas", "meeting_body": "City Council", "meeting_date": "2026-04-21", "title": "CONDITIONAL USE APPROVAL FOR AN EXPANSION OF A RESIDENTIAL CARE FACILITY IN THE PUBLIC ZONING (P) DISTRICT LOCATED AT 6767 86TH AVENUE N. - (CU-0226-00008, Jones + Jones Associates)\r\n\r\nPUBLIC HEARING, FIRST AND FINAL READING (QUASI-JUDICIAL)\r\n\r\n(Speaker - Kiara Brown, Planning Coordinator)", "summary": "", "plain": "Special exception \u2014 at 6767 86TH AVENUE N, Pinellas Park", "link": "https://pinellaspark.legistar.com/LegislationDetail.aspx?ID=7976825&GUID=981DAB76-4DF2-472C-BBF6-EFBB3777D04D&G=ABE1EA62-E785-4029-ABE0-C3EFF5B4641E&Options=&Search=", "project_type": "special-exception", "multifamily": false, "address": "6767 86TH AVENUE N", "parcel": null, "status": "heard", "first_seen": "2026-07-06", "units": null, "acres": null, "score": 0}}, {"type": "Feature", "geometry": {"type": "Point", "coordinates": [-82.73149536546, 27.850179912246]}, "properties": {"id": "1cbec3450055d7db", "source": "pinellas-park", "jurisdiction": "Pinellas Park", "county": "Pinellas", "meeting_body": "City Council", "meeting_date": "2026-04-21", "title": "PRELIMINARY SITE PLAN APPROVAL FOR AN EXPANSION OF A RESIDENTIAL CARE FACILITY IN THE PUBLIC (P) ZONING DISTRICT LOCATED AT 6767 86TH AVENUE N.- (PSP-0226-00001, Jones + Jones Associates)\r\n\r\nPUBLIC HEARING, FIRST AND FINAL READING (QUASI-JUDICIAL)\r\n\r\n(Speaker - Kiara Brown, Planning Coordinator)", "summary": "", "plain": "Site plan \u2014 at 6767 86TH AVENUE N, Pinellas Park", "link": "https://pinellaspark.legistar.com/LegislationDetail.aspx?ID=7976826&GUID=01C82A96-28F5-43B2-A4B6-E975B7F6144F&G=ABE1EA62-E785-4029-ABE0-C3EFF5B4641E&Options=&Search=", "project_type": "site-plan", "multifamily": false, "address": "6767 86TH AVENUE N", "parcel": null, "status": "heard", "first_seen": "2026-07-06", "units": null, "acres": null, "score": 0}}, {"type": "Feature", "geometry": {"type": "Point", "coordinates": [-82.722781694381, 27.831845540628]}, "properties": {"id": "1f2b1c99b7db839c", "source": "pinellas-park", "jurisdiction": "Pinellas Park", "county": "Pinellas", "meeting_body": "Board of Adjustment", "meeting_date": "2026-04-02", "title": "VARIANCE TO INCREASE THE MAXIMUM FENCE HEIGHT FROM 4 FEET TO 7 FEET IN THE FRONT YARD - (VAR-0126-00013; 6320 66th Avenue North; Nick and Jamie Wille)  \r\n\r\nPUBLIC HEARING (QUASI-JUDICIAL)\r\n\r\n(Speaker - Michael Ciarleglio, Associate Planner)", "summary": "", "plain": "Variance \u2014 at 6320 66th Avenue North, Pinellas Park", "link": "https://pinellaspark.legistar.com/LegislationDetail.aspx?ID=7957535&GUID=13A99322-2297-4A2B-8BB7-68F1FE1DE021&G=ABE1EA62-E785-4029-ABE0-C3EFF5B4641E&Options=&Search=", "project_type": "variance", "multifamily": false, "address": "6320 66th Avenue North", "parcel": null, "status": "heard", "first_seen": "2026-07-06", "units": null, "acres": null, "score": 0}}, {"type": "Feature", "geometry": {"type": "Point", "coordinates": [-81.878556, 28.0097222]}, "properties": {"id": "c91ca6dbe23c8f7d", "source": "polk-county", "jurisdiction": "Polk County", "county": "Polk", "meeting_body": "Board of County Commissioners", "meeting_date": "2026-09-01", "title": "SET HEARING (LDCPAS-2026-12 Pavers Road UGA CPA) to considerer an amendment to the Future Land Use Map designation on 38.11+/- acres from Rural Development Area (RDA) to Urban Growth Area (UGA). The suggested adoption hearing date is September 15, 2026, at 9:15 a.m.", "summary": "", "plain": "Land-use change \u00b7 38.11 ac \u2014 at 2026-12 Pavers Road, Polk County", "link": "https://polkcountyfl.legistar.com/LegislationDetail.aspx?ID=8189644&GUID=F4E22C76-D799-45E3-9066-A6B9B224A7D1&G=8E3CAEE1-3439-4CE8-90D8-F1ABD849BB66&Options=&Search=", "project_type": "land-use", "multifamily": false, "address": "2026-12 Pavers Road", "parcel": null, "status": "heard", "first_seen": "2026-08-27", "units": null, "acres": 38.11, "score": 2}}, {"type": "Feature", "geometry": {"type": "Point", "coordinates": [-82.032260090599, 28.113475282513]}, "properties": {"id": "5655fbac1197934b", "source": "polk-county", "jurisdiction": "Polk County", "county": "Polk", "meeting_body": "Board of County Commissioners", "meeting_date": "2026-08-18", "title": "SET HEARING (LDPD-2026-6 - Deeson Road RRD DeNovo Hearing). This is a request appealing the decision of the Planning Commission to deny a Rural Residential Development (RRD) for 150 single-family lots. Request includes decreased lot sizes and increased density within the Residential Suburban future land use district. The suggested hearing date is September 1, 2026, at 9:15 a.m.", "summary": "File #: 26-1508 Type: Consent Agenda Status: Passed File created: 8/4/2026 In control: Board of County Commissioners On agenda: 8/18/2026 Final action: 8/18/2026 Title: SET HEARING (LDPD-2026-6 - Deeson Road RRD DeNovo Hearing). This is a request appealing the decision of the Planning Commission to deny a Rural Residential Development (RRD) for 150 single-family lots. Request includes decreased lo", "plain": "Land-use change \u2014 at 4235 Deeson Road, Polk County", "link": "https://polkcountyfl.legistar.com/LegislationDetail.aspx?ID=8166037&GUID=F21AE043-7240-430A-90EE-FCC839F6A9FB&G=8E3CAEE1-3439-4CE8-90D8-F1ABD849BB66&Options=&Search=", "project_type": "land-use", "multifamily": false, "address": "4235 Deeson Road", "parcel": null, "status": "heard", "first_seen": "2026-08-13", "units": null, "acres": null, "score": 1}}, {"type": "Feature", "geometry": {"type": "Point", "coordinates": [-81.9697456, 27.9392855]}, "properties": {"id": "2d72d81a465ac022", "source": "polk-county", "jurisdiction": "Polk County", "county": "Polk", "meeting_body": "Board of County Commissioners", "meeting_date": "2026-07-21", "title": "Public Hearing (LDCPAS-2025-24 Shimmering Dr CAC) (Adoption Hearing) to consider the Future Land Use Map change from Residential Low (RL) to Community Activity Center (CAC) on +/- 3.87 acres in the Transit Supportive Development Area (TSDA). Related to a LDCT-2026-5 (No Fiscal Impact)", "summary": "", "plain": "Land-use change \u00b7 3.87 ac \u2014 at 2025-24 Shimmering Dr, Polk County", "link": "https://polkcountyfl.legistar.com/LegislationDetail.aspx?ID=8134657&GUID=784AAB17-211D-4971-9602-B7CAADF7F192&G=8E3CAEE1-3439-4CE8-90D8-F1ABD849BB66&Options=&Search=", "project_type": "land-use", "multifamily": false, "address": "2025-24 Shimmering Dr", "parcel": null, "status": "heard", "first_seen": "2026-07-16", "units": null, "acres": 3.87, "score": 2}}, {"type": "Feature", "geometry": {"type": "Point", "coordinates": [-82.5362621, 27.9546687]}, "properties": {"id": "d72c6e8e25ddd18c", "source": "polk-county", "jurisdiction": "Polk County", "county": "Polk", "meeting_body": "Polk County Land Use Hearing Officer", "meeting_date": "2026-07-14", "title": "LDLVAR-2026-21 (Sundean Variance)", "summary": "File #: 26-1252 Type: Land Use Hearing New Business Status: Agenda Ready File created: 7/1/2026 In control: Polk County Land Use Hearing Officer On agenda: 7/14/2026 Final action: Title: LDLVAR-2026-21 (Sundean Variance) Attachments: 1. 1. LDLVAR-2026-21 Staff Report , 2. 2. LDLVAR-2026-21 Site Plan , 3. 3. LDLVAR-2026-21 Application History (0) Text 0 records Date Action\u00a0By Action Result Action\u00a0D", "plain": "Variance \u2014 at 5619 Highway 60, Polk County", "link": "https://polkcountyfl.legistar.com/LegislationDetail.aspx?ID=8130316&GUID=9DFBDB83-348D-4C21-8AF3-40DF3AF2C3A7&G=8E3CAEE1-3439-4CE8-90D8-F1ABD849BB66&Options=&Search=", "project_type": "variance", "multifamily": false, "address": "5619 Highway 60", "parcel": null, "status": "heard", "first_seen": "2026-07-09", "units": null, "acres": null, "score": 0}}, {"type": "Feature", "geometry": {"type": "Point", "coordinates": [-81.48447934419, 27.756026800783]}, "properties": {"id": "68f4b62151c4fb0c", "source": "polk-county", "jurisdiction": "Polk County", "county": "Polk", "meeting_body": "Polk County Land Use Hearing Officer", "meeting_date": "2026-07-14", "title": "LDLVAR-2026-16 (Lake Reedy Blvd Variance)", "summary": "File #: 26-1253 Type: Land Use Hearing New Business Status: Agenda Ready File created: 7/1/2026 In control: Polk County Land Use Hearing Officer On agenda: 7/14/2026 Final action: Title: LDLVAR-2026-16 (Lake Reedy Blvd Variance) Attachments: 1. 1. LDLVAR-2026-16 Staff Report , 2. 2. LDLVAR-2026-16 Site Plan , 3. 3. LDLVAR-2026-16 Application History (0) Text 0 records Date Action\u00a0By Action Result ", "plain": "Variance \u2014 at 2235 North Lake Reedy Boulevard, Polk County", "link": "https://polkcountyfl.legistar.com/LegislationDetail.aspx?ID=8130317&GUID=D671D231-E629-411F-8224-B99ED2A79EF6&G=8E3CAEE1-3439-4CE8-90D8-F1ABD849BB66&Options=&Search=", "project_type": "variance", "multifamily": false, "address": "2235 North Lake Reedy Boulevard", "parcel": null, "status": "heard", "first_seen": "2026-07-09", "units": null, "acres": null, "score": 0}}, {"type": "Feature", "geometry": {"type": "Point", "coordinates": [-81.338015905761, 27.892458517369]}, "properties": {"id": "acc705a8adc73b2f", "source": "polk-county", "jurisdiction": "Polk County", "county": "Polk", "meeting_body": "Polk County Land Use Hearing Officer", "meeting_date": "2026-07-14", "title": "LDLVAR-2026-35 (Archacki Accessory Variance)", "summary": "File #: 26-1263 Type: Land Use Hearing New Business Status: Agenda Ready File created: 7/2/2026 In control: Polk County Land Use Hearing Officer On agenda: 7/14/2026 Final action: Title: LDLVAR-2026-35 (Archacki Accessory Variance) Attachments: 1. 1. LDLVAR-2026-35 Archacki Accessory Variance Staff Report , 2. 2. LDLVAR-2026-35 Accela Application , 3. 3. LDLVAR-2026-35 Site Plan , 4. 4. LDLVAR-202", "plain": "Variance \u00b7 1.11 ac \u2014 at 4221 Sam Keen Road, Polk County", "link": "https://polkcountyfl.legistar.com/LegislationDetail.aspx?ID=8130318&GUID=F6E01F56-B8E5-4875-A236-3BAF774569A9&G=8E3CAEE1-3439-4CE8-90D8-F1ABD849BB66&Options=&Search=", "project_type": "variance", "multifamily": false, "address": "4221 Sam Keen Road", "parcel": null, "status": "heard", "first_seen": "2026-07-09", "units": null, "acres": 1.11, "score": 0}}, {"type": "Feature", "geometry": {"type": "Point", "coordinates": [-81.912516358021, 28.147997048362]}, "properties": {"id": "0d56004ad20c2a76", "source": "polk-county", "jurisdiction": "Polk County", "county": "Polk", "meeting_body": "Polk County Land Use Hearing Officer", "meeting_date": "2026-07-14", "title": "LDLVAR-2026-29 (Limedale Accessory Variance)", "summary": "File #: 26-1268 Type: Land Use Hearing New Business Status: Agenda Ready File created: 7/6/2026 In control: Polk County Land Use Hearing Officer On agenda: 7/14/2026 Final action: Title: LDLVAR-2026-29 (Limedale Accessory Variance) Attachments: 1. 1. LDLVAR-2026-29 Limedale Accessory Variance Staff Report , 2. 2. LDLVAR-2026-29 Limedale Accessory Accela Application , 3. 3. LDLVAR-2026-29 Site Plan", "plain": "Variance \u00b7 1.15 ac \u2014 at 2111 Limedale Road, Polk County", "link": "https://polkcountyfl.legistar.com/LegislationDetail.aspx?ID=8130320&GUID=B754717F-6511-4A6C-94C2-BA0E4BCEE043&G=8E3CAEE1-3439-4CE8-90D8-F1ABD849BB66&Options=&Search=", "project_type": "variance", "multifamily": false, "address": "2111 Limedale Road", "parcel": null, "status": "heard", "first_seen": "2026-07-09", "units": null, "acres": 1.15, "score": 0}}, {"type": "Feature", "geometry": {"type": "Point", "coordinates": [-81.9697456, 27.9392855]}, "properties": {"id": "ded06d6e32a8c451", "source": "polk-county", "jurisdiction": "Polk County", "county": "Polk", "meeting_body": "Board of County Commissioners", "meeting_date": "2026-07-07", "title": "SET HEARING: (LDCPAS-2025-24 Shimmering Drive CAC CPA) to change the Future Land Use Map designation to 3.87+/- Acres from Residential-Suburban (RL) to Community Activity Center-X (CAC). The suggested adoption hearing date is July 21, 2026, at 9:15 a.m.", "summary": "", "plain": "Land-use change \u00b7 3.87 ac \u2014 at 2025-24 Shimmering Drive, Polk County", "link": "https://polkcountyfl.legistar.com/LegislationDetail.aspx?ID=8120857&GUID=FFE07398-3267-4944-A4FA-CFE3CF777720&G=8E3CAEE1-3439-4CE8-90D8-F1ABD849BB66&Options=&Search=", "project_type": "land-use", "multifamily": false, "address": "2025-24 Shimmering Drive", "parcel": null, "status": "heard", "first_seen": "2026-07-06", "units": null, "acres": 3.87, "score": 2}}, {"type": "Feature", "geometry": {"type": "Point", "coordinates": [-81.9230795, 28.0460272]}, "properties": {"id": "64ebb4c6ab76e8cc", "source": "polk-county", "jurisdiction": "Polk County", "county": "Polk", "meeting_body": "Board of County Commissioners", "meeting_date": "2026-07-07", "title": "ANNOUNCEMENTS", "summary": "Below are scheduled events and public meetings at which two or more County Commissioners or Planning Commissioners may appear to discuss issues that may come before the Board of County Commissioners.\r\n\r\n\u2022\tMonday, July 6, 2026 \u2013 9:00 a.m. \u2013 Board/Staff Agenda Review meeting to discuss the Agenda and any other matters that may come before the Board will be held in the Commissioners\u2019 Conference Room,", "plain": "Multifamily development item \u2014 at 2020 East Main Street, Polk County", "link": "https://polkcountyfl.legistar.com/MeetingDetail.aspx?LEGID=1821&GID=899&G=8E3CAEE1-3439-4CE8-90D8-F1ABD849BB66", "project_type": "other-development", "multifamily": true, "address": "2020 East Main Street", "parcel": null, "status": "heard", "first_seen": "2026-07-06", "units": null, "acres": null, "score": 3}}, {"type": "Feature", "geometry": {"type": "Point", "coordinates": [-81.92502386056, 28.142308431794]}, "properties": {"id": "bc2b6c7ada88a6c4", "source": "polk-county", "jurisdiction": "Polk County", "county": "Polk", "meeting_body": "Polk County Land Use Hearing Officer", "meeting_date": "2026-06-25", "title": "LDLVAR-2026-22 (Chaisson Variance)", "summary": "File #: 26-1106 Type: Land Use Hearing New Business Status: Agenda Ready File created: 6/5/2026 In control: Polk County Land Use Hearing Officer On agenda: 6/25/2026 Final action: Title: LDLVAR-2026-22 (Chaisson Variance) Attachments: 1. 1. LUHO LDLVAR-2026-22 Chaisson Variance Case Staff Report , 2. 2. LDLVAR-2026-22 Application , 3. 3. 2025-003-SITE-BUILT-LEAN-TO-SHED-ENGINEER-SEAL (1) , 4. 4. 2", "plain": "Variance \u2014 at 7747 Nature Trail, Polk County", "link": "https://polkcountyfl.legistar.com/LegislationDetail.aspx?ID=8117016&GUID=C97A46BC-C236-4FA3-9FC5-32B138A0E439&G=8E3CAEE1-3439-4CE8-90D8-F1ABD849BB66&Options=&Search=", "project_type": "variance", "multifamily": false, "address": "7747 Nature Trail", "parcel": null, "status": "heard", "first_seen": "2026-07-06", "units": null, "acres": null, "score": 0}}, {"type": "Feature", "geometry": {"type": "Point", "coordinates": [-80.3179732, 25.7658144]}, "properties": {"id": "23e1aeebd536b431", "source": "polk-county", "jurisdiction": "Polk County", "county": "Polk", "meeting_body": "Polk County Land Use Hearing Officer", "meeting_date": "2026-06-25", "title": "LDLVAR-2026-28 (Grand Canal Dr Variance)", "summary": "File #: 26-1139 Type: Land Use Hearing New Business Status: Agenda Ready File created: 6/15/2026 In control: Polk County Land Use Hearing Officer On agenda: 6/25/2026 Final action: Title: LDLVAR-2026-28 (Grand Canal Dr Variance) Attachments: 1. 1. LDLVAR-2026-28 Staff Report , 2. 2. LDLVAR-2026-28 Site Plan , 3. 3. LDLVAR-2026-28 Application History (0) Text 0 records Date Action\u00a0By Action Result ", "plain": "Variance \u2014 at 413 Grand Canal Dr, Polk County", "link": "https://polkcountyfl.legistar.com/LegislationDetail.aspx?ID=8117018&GUID=F39A2A73-887E-4DC9-BB7F-3721F2D244FF&G=8E3CAEE1-3439-4CE8-90D8-F1ABD849BB66&Options=&Search=", "project_type": "variance", "multifamily": false, "address": "413 Grand Canal Dr", "parcel": null, "status": "heard", "first_seen": "2026-07-06", "units": null, "acres": null, "score": 0}}, {"type": "Feature", "geometry": {"type": "Point", "coordinates": [-81.398256741032, 28.620229671516]}, "properties": {"id": "e5a39b96c2c62b80", "source": "polk-county", "jurisdiction": "Polk County", "county": "Polk", "meeting_body": "Board of County Commissioners", "meeting_date": "2026-06-16", "title": "Public Hearing (LDCPAS-2025-12 Keller Road PM to A/RR CPA) (Adoption Hearing) to consider the adoption of a Small-Scale Comprehensive Plan Amendment to change the Future Land Use Map designation from Phosphate Mining (PM) to Agricultural/Residential Rural (A/RR) on 19.47\u00b1 acres.", "summary": "", "plain": "Land-use change \u00b7 19.47 ac \u2014 at 2025-12 Keller Road, Polk County", "link": "https://polkcountyfl.legistar.com/LegislationDetail.aspx?ID=8062772&GUID=0A2DA657-9EC6-4137-89E5-A9DAFA632A9C&G=8E3CAEE1-3439-4CE8-90D8-F1ABD849BB66&Options=&Search=", "project_type": "land-use", "multifamily": false, "address": "2025-12 Keller Road", "parcel": null, "status": "heard", "first_seen": "2026-07-06", "units": null, "acres": 19.47, "score": 2}}, {"type": "Feature", "geometry": {"type": "Point", "coordinates": [-81.7933353, 27.731259]}, "properties": {"id": "5b8815ed3e3a28b1", "source": "polk-county", "jurisdiction": "Polk County", "county": "Polk", "meeting_body": "Board of County Commissioners", "meeting_date": "2026-06-16", "title": "Public Hearing (LDCPAS-2025-13 Mt Pisgah Rd PM to A/RR CPA) (Adoption Hearing) to consider the adoption of a Small-Scale Comprehensive Plan Amendment to change the Future Land Use Map designation from Phosphate Mining (PM) to Agricultural/Residential Rural (A/RR) on 2.0\u00b1 acres.", "summary": "", "plain": "Land-use change \u00b7 2 ac \u2014 at 2025-13 Mt Pisgah Rd, Polk County", "link": "https://polkcountyfl.legistar.com/LegislationDetail.aspx?ID=8062773&GUID=D600E925-9C56-460A-A541-F961A37860F9&G=8E3CAEE1-3439-4CE8-90D8-F1ABD849BB66&Options=&Search=", "project_type": "land-use", "multifamily": false, "address": "2025-13 Mt Pisgah Rd", "parcel": null, "status": "heard", "first_seen": "2026-07-06", "units": null, "acres": 2.0, "score": 2}}, {"type": "Feature", "geometry": {"type": "Point", "coordinates": [-81.502516480766, 28.070274365131]}, "properties": {"id": "cdc00cce33ab64ca", "source": "polk-county", "jurisdiction": "Polk County", "county": "Polk", "meeting_body": "Polk County Land Use Hearing Officer", "meeting_date": "2026-05-28", "title": "LDLVAR-2026-17 (1946 Manatee Ct Variance)", "summary": "", "plain": "Variance \u2014 at 1946 Manatee Ct, Polk County", "link": "https://polkcountyfl.legistar.com/LegislationDetail.aspx?ID=8036952&GUID=E440DD35-228A-430F-B426-ED2C20856BA0&G=8E3CAEE1-3439-4CE8-90D8-F1ABD849BB66&Options=&Search=", "project_type": "variance", "multifamily": false, "address": "1946 Manatee Ct", "parcel": null, "status": "heard", "first_seen": "2026-07-06", "units": null, "acres": null, "score": 0}}, {"type": "Feature", "geometry": {"type": "Point", "coordinates": [-82.0378842, 27.9382737]}, "properties": {"id": "d65a7f65422b2185", "source": "polk-county", "jurisdiction": "Polk County", "county": "Polk", "meeting_body": "Polk County Land Use Hearing Officer", "meeting_date": "2026-05-28", "title": "LDLVAR-2026-23 Shepherd Road Variance", "summary": "", "plain": "Variance \u2014 at 2026-23 Shepherd Road, Polk County", "link": "https://polkcountyfl.legistar.com/LegislationDetail.aspx?ID=8036955&GUID=6FD1F107-0836-479B-9615-0730BC93BBD8&G=8E3CAEE1-3439-4CE8-90D8-F1ABD849BB66&Options=&Search=", "project_type": "variance", "multifamily": false, "address": "2026-23 Shepherd Road", "parcel": null, "status": "heard", "first_seen": "2026-07-06", "units": null, "acres": null, "score": 0}}, {"type": "Feature", "geometry": {"type": "Point", "coordinates": [-82.0281796, 27.9638961]}, "properties": {"id": "83175fb7332e18b3", "source": "polk-county", "jurisdiction": "Polk County", "county": "Polk", "meeting_body": "Board of County Commissioners", "meeting_date": "2026-05-19", "title": "Public Hearing (LDCPAS-2026-11 Medulla Road RL CPA) (Adoption Hearing) to consider the adoption of a Small-Scale Comprehensive Plan Amendment to change the Future Land Use designation on 5.14 +/- acres from Business Park Center (BPC) to Residential Low (RL) in the Urban Growth Area (UGA). (No Fiscal Impact)", "summary": "", "plain": "Land-use change \u00b7 5.14 ac \u2014 at 2026-11 Medulla Road, Polk County", "link": "https://polkcountyfl.legistar.com/LegislationDetail.aspx?ID=8023477&GUID=D25BF7A3-00A0-4F51-9BDA-B2C72D861848&G=8E3CAEE1-3439-4CE8-90D8-F1ABD849BB66&Options=&Search=", "project_type": "land-use", "multifamily": false, "address": "2026-11 Medulla Road", "parcel": null, "status": "heard", "first_seen": "2026-07-06", "units": null, "acres": 5.14, "score": 2}}, {"type": "Feature", "geometry": {"type": "Point", "coordinates": [-82.0281796, 27.9638961]}, "properties": {"id": "800fa76e6d39e905", "source": "polk-county", "jurisdiction": "Polk County", "county": "Polk", "meeting_body": "Board of County Commissioners", "meeting_date": "2026-05-05", "title": "SET HEARING: (LDCPAS-2026-11 Medulla Road CPA) to consider the adoption of a Small-Scale Comprehensive Plan Map Amendment to change the future land use from Business Park Center (BPC) to Residential Low (RL) in the Urban Growth Area on 5.14 +/- acres. The suggested adoption hearing date is May 19, 2026, at 9:15 a.m.", "summary": "", "plain": "Land-use change \u00b7 5.14 ac \u2014 at 2026-11 Medulla Road, Polk County", "link": "https://polkcountyfl.legistar.com/LegislationDetail.aspx?ID=7994177&GUID=69FDBEE3-076D-47DE-B82E-A7829AC7E4D3&G=8E3CAEE1-3439-4CE8-90D8-F1ABD849BB66&Options=&Search=", "project_type": "land-use", "multifamily": false, "address": "2026-11 Medulla Road", "parcel": null, "status": "heard", "first_seen": "2026-07-06", "units": null, "acres": 5.14, "score": 2}}, {"type": "Feature", "geometry": {"type": "Point", "coordinates": [-82.0281796, 27.9638961]}, "properties": {"id": "458e2151ba8bf5cf", "source": "polk-county", "jurisdiction": "Polk County", "county": "Polk", "meeting_body": "Board of County Commissioners", "meeting_date": "2026-04-21", "title": "Anielys Salgado requests the Board to refund the Level 4 Review fees and waive the Level 4 Review Pre-application fee totaling $4,858.00 for a Future Land Use designation change. (LDCPAS-2026-11 Medulla Rd RL)", "summary": "", "plain": "Land-use change \u2014 at 2026-11 Medulla Rd, Polk County", "link": "https://polkcountyfl.legistar.com/LegislationDetail.aspx?ID=7980325&GUID=992D3FC9-4E5B-4F51-96AB-32DA7105FC28&G=8E3CAEE1-3439-4CE8-90D8-F1ABD849BB66&Options=&Search=", "project_type": "land-use", "multifamily": false, "address": "2026-11 Medulla Rd", "parcel": null, "status": "heard", "first_seen": "2026-07-06", "units": null, "acres": null, "score": 1}}, {"type": "Feature", "geometry": {"type": "Point", "coordinates": [-80.1363861, 25.7722831]}, "properties": {"id": "cc97d5a60583987d", "source": "polk-county", "jurisdiction": "Polk County", "county": "Polk", "meeting_body": "Board of County Commissioners", "meeting_date": "2026-04-21", "title": "Approve the State Housing Initiative Partnership (SHIP) Program New Construction program Rehabilitation/Reconstruction Work Contract for property located in 830 3rd Street, Winter Haven, FL., for Case #NC25-SHIP-001. ($176,212.00 one-time expense).", "summary": "", "plain": "Development item \u2014 at 830 3rd Street, Polk County", "link": "https://polkcountyfl.legistar.com/LegislationDetail.aspx?ID=7980310&GUID=64EDF957-F314-46BE-9880-D9E6AB59D587&G=8E3CAEE1-3439-4CE8-90D8-F1ABD849BB66&Options=&Search=", "project_type": "other-development", "multifamily": false, "address": "830 3rd Street", "parcel": null, "status": "heard", "first_seen": "2026-07-06", "units": null, "acres": null, "score": 0}}, {"type": "Feature", "geometry": {"type": "Point", "coordinates": [-81.4929832, 29.3171507]}, "properties": {"id": "ea9c9830962ed8b7", "source": "polk-county", "jurisdiction": "Polk County", "county": "Polk", "meeting_body": "Board of County Commissioners", "meeting_date": "2026-04-07", "title": "ANNOUNCEMENTS", "summary": "Below are scheduled events and public meetings at which two or more County Commissioners or Planning Commissioners may appear to discuss issues that may come before the Board of County Commissioners.\r\n\r\n\u2022\tMonday, April 6, 2026 \u2013 3:00 p.m. \u2013 Finance and Audit Committee meeting will be held in the Commissioners\u2019 Conference Room, Room 407, Fourth Floor, County Administration Building.\r\n\r\n\u2022\tTuesday, A", "plain": "Multifamily development item \u2014 at 1702 Highway 17, Polk County", "link": "https://polkcountyfl.legistar.com/MeetingDetail.aspx?LEGID=1815&GID=899&G=8E3CAEE1-3439-4CE8-90D8-F1ABD849BB66", "project_type": "other-development", "multifamily": true, "address": "1702 Highway 17", "parcel": null, "status": "heard", "first_seen": "2026-07-06", "units": null, "acres": null, "score": 3}}, {"type": "Feature", "geometry": {"type": "Point", "coordinates": [-81.7513526, 28.0064576]}, "properties": {"id": "dce7b2c9e6d63c20", "source": "polk-county", "jurisdiction": "Polk County", "county": "Polk", "meeting_body": "Board of County Commissioners", "meeting_date": "2026-03-17", "title": "PUBLIC HEARING (LDCPAS-2025-35 Recker Highway BPC CPA) (Adoption Hearing) to consider the adoption of a Small-Scale Comprehensive Plan Amendment (CPA) to change the Future Land Use designation on 12.91 +/- acres from Residential Suburban (RS) to Business Park Center-X (BPCX) in the Suburban Development Area (SDA). This case is related to LDCD-2025-11 Recker Hwy BPC to BPC-2. (No Fiscal Impact)", "summary": "", "plain": "Land-use change \u00b7 12.91 ac \u2014 at 2025-35 Recker Highway, Polk County", "link": "https://polkcountyfl.legistar.com/LegislationDetail.aspx?ID=7943617&GUID=33030F3C-D37F-4184-BE9E-5B5F34ED0D95&G=8E3CAEE1-3439-4CE8-90D8-F1ABD849BB66&Options=&Search=", "project_type": "land-use", "multifamily": false, "address": "2025-35 Recker Highway", "parcel": null, "status": "heard", "first_seen": "2026-07-06", "units": null, "acres": 12.91, "score": 2}}, {"type": "Feature", "geometry": {"type": "Point", "coordinates": [-82.3204953330447, 27.725836979174403]}, "properties": {"id": "a438708d0bdc32aa", "source": "hillsborough-dev-tracker", "jurisdiction": "Hillsborough County Zoning Applications", "county": "Hillsborough", "meeting_body": "Hillsborough DSD Zoning Hearing", "meeting_date": "2026-09-22", "title": "Zoning application RZ-PD 22-1390 (Planned Development Rezoning)", "summary": "Folio 78011.7398", "plain": "Rezoning \u2014 location not stated in item, Hillsborough County Zoning Applications", "link": "https://experience.arcgis.com/experience/870491f64f9744dca53c9f54ed4b7407", "project_type": "rezoning", "multifamily": false, "address": null, "parcel": null, "status": "upcoming", "first_seen": "2026-08-29", "units": null, "acres": null, "score": 2}}, {"type": "Feature", "geometry": {"type": "Point", "coordinates": [-82.50796396209573, 28.0028785858438]}, "properties": {"id": "ed88a20f044d745d", "source": "hillsborough-dev-tracker", "jurisdiction": "Hillsborough County Zoning Applications", "county": "Hillsborough", "meeting_body": "Hillsborough DSD Zoning Hearing", "meeting_date": "2026-09-28", "title": "Zoning application RZ-PD 26-0095 (Planned Development Rezoning)", "summary": "Folio 29265.0100, 30387.0524, 30387.0512,+ Multiple", "plain": "Rezoning \u2014 location not stated in item, Hillsborough County Zoning Applications", "link": "https://experience.arcgis.com/experience/870491f64f9744dca53c9f54ed4b7407", "project_type": "rezoning", "multifamily": false, "address": null, "parcel": null, "status": "upcoming", "first_seen": "2026-08-29", "units": null, "acres": null, "score": 2}}, {"type": "Feature", "geometry": {"type": "Point", "coordinates": [-82.35760204633532, 27.976851346365216]}, "properties": {"id": "49c7cb5861a76527", "source": "hillsborough-dev-tracker", "jurisdiction": "Hillsborough County Zoning Applications", "county": "Hillsborough", "meeting_body": "Hillsborough DSD Zoning Hearing", "meeting_date": "2026-09-22", "title": "Zoning application RZ-PD 26-0237 (Planned Development Rezoning)", "summary": "Folio 42892.0000, 42894.0000", "plain": "Rezoning \u2014 location not stated in item, Hillsborough County Zoning Applications", "link": "https://experience.arcgis.com/experience/870491f64f9744dca53c9f54ed4b7407", "project_type": "rezoning", "multifamily": false, "address": null, "parcel": null, "status": "upcoming", "first_seen": "2026-08-29", "units": null, "acres": null, "score": 2}}, {"type": "Feature", "geometry": {"type": "Point", "coordinates": [-82.34430853607954, 27.990142498714793]}, "properties": {"id": "a6f9c43e84eb460e", "source": "hillsborough-dev-tracker", "jurisdiction": "Hillsborough County Zoning Applications", "county": "Hillsborough", "meeting_body": "Hillsborough DSD Zoning Hearing", "meeting_date": "2026-09-28", "title": "Zoning application RZ-PD 26-0283 (Planned Development Rezoning)", "summary": "Folio 65290.0000", "plain": "Rezoning \u2014 location not stated in item, Hillsborough County Zoning Applications", "link": "https://experience.arcgis.com/experience/870491f64f9744dca53c9f54ed4b7407", "project_type": "rezoning", "multifamily": false, "address": null, "parcel": null, "status": "upcoming", "first_seen": "2026-08-29", "units": null, "acres": null, "score": 2}}, {"type": "Feature", "geometry": {"type": "Point", "coordinates": [-82.42968568683678, 28.098295104498153]}, "properties": {"id": "46553be57da05d78", "source": "hillsborough-dev-tracker", "jurisdiction": "Hillsborough County Zoning Applications", "county": "Hillsborough", "meeting_body": "Hillsborough DSD Zoning Hearing", "meeting_date": "2026-09-28", "title": "Zoning application RZ-PD 26-0281 (Planned Development Rezoning)", "summary": "Folio 34639.0000", "plain": "Rezoning \u2014 location not stated in item, Hillsborough County Zoning Applications", "link": "https://experience.arcgis.com/experience/870491f64f9744dca53c9f54ed4b7407", "project_type": "rezoning", "multifamily": false, "address": null, "parcel": null, "status": "upcoming", "first_seen": "2026-08-29", "units": null, "acres": null, "score": 2}}, {"type": "Feature", "geometry": {"type": "Point", "coordinates": [-82.31162504744061, 27.985590827015816]}, "properties": {"id": "2c617e7e3c428e12", "source": "hillsborough-dev-tracker", "jurisdiction": "Hillsborough County Zoning Applications", "county": "Hillsborough", "meeting_body": "Hillsborough DSD Zoning Hearing", "meeting_date": "2026-10-13", "title": "Zoning application RZ-PD 26-0363 (Planned Development Rezoning)", "summary": "Folio 64819.0000", "plain": "Rezoning \u2014 location not stated in item, Hillsborough County Zoning Applications", "link": "https://experience.arcgis.com/experience/870491f64f9744dca53c9f54ed4b7407", "project_type": "rezoning", "multifamily": false, "address": null, "parcel": null, "status": "upcoming", "first_seen": "2026-08-29", "units": null, "acres": null, "score": 2}}, {"type": "Feature", "geometry": {"type": "Point", "coordinates": [-82.23953320374868, 28.018500969780845]}, "properties": {"id": "131719eacd1d9176", "source": "hillsborough-dev-tracker", "jurisdiction": "Hillsborough County Zoning Applications", "county": "Hillsborough", "meeting_body": "Hillsborough DSD Zoning Hearing", "meeting_date": "2026-09-22", "title": "Zoning application RZ-PD 26-0437 (Planned Development Rezoning)", "summary": "Folio 82879.0000", "plain": "Rezoning \u2014 location not stated in item, Hillsborough County Zoning Applications", "link": "https://experience.arcgis.com/experience/870491f64f9744dca53c9f54ed4b7407", "project_type": "rezoning", "multifamily": false, "address": null, "parcel": null, "status": "upcoming", "first_seen": "2026-08-29", "units": null, "acres": null, "score": 2}}, {"type": "Feature", "geometry": {"type": "Point", "coordinates": [-82.51081067468007, 28.025034339434438]}, "properties": {"id": "58c002b91c40b17b", "source": "hillsborough-dev-tracker", "jurisdiction": "Hillsborough County Zoning Applications", "county": "Hillsborough", "meeting_body": "Hillsborough DSD Zoning Hearing", "meeting_date": "2026-10-13", "title": "Zoning application RZ-PD 26-0445 (Planned Development Rezoning)", "summary": "Folio 27124.0000", "plain": "Rezoning \u2014 location not stated in item, Hillsborough County Zoning Applications", "link": "https://experience.arcgis.com/experience/870491f64f9744dca53c9f54ed4b7407", "project_type": "rezoning", "multifamily": false, "address": null, "parcel": null, "status": "upcoming", "first_seen": "2026-08-29", "units": null, "acres": null, "score": 2}}, {"type": "Feature", "geometry": {"type": "Point", "coordinates": [-82.34058399562099, 28.049826105029716]}, "properties": {"id": "08b754bb5bf72cb8", "source": "hillsborough-dev-tracker", "jurisdiction": "Hillsborough County Zoning Applications", "county": "Hillsborough", "meeting_body": "Hillsborough DSD Zoning Hearing", "meeting_date": "2026-09-22", "title": "Zoning application RZ-PD 26-0558 (Planned Development Rezoning)", "summary": "Folio 61102.0000, 61103.0100", "plain": "Rezoning \u2014 location not stated in item, Hillsborough County Zoning Applications", "link": "https://experience.arcgis.com/experience/870491f64f9744dca53c9f54ed4b7407", "project_type": "rezoning", "multifamily": false, "address": null, "parcel": null, "status": "upcoming", "first_seen": "2026-08-29", "units": null, "acres": null, "score": 2}}, {"type": "Feature", "geometry": {"type": "Point", "coordinates": [-82.58113365731865, 28.06342216541189]}, "properties": {"id": "778e9c822058cfc3", "source": "hillsborough-dev-tracker", "jurisdiction": "Hillsborough County Zoning Applications", "county": "Hillsborough", "meeting_body": "Hillsborough DSD Zoning Hearing", "meeting_date": "2026-09-22", "title": "Zoning application RZ-PD 26-0660 (Planned Development Rezoning)", "summary": "Folio 3558.0010", "plain": "Rezoning \u2014 location not stated in item, Hillsborough County Zoning Applications", "link": "https://experience.arcgis.com/experience/870491f64f9744dca53c9f54ed4b7407", "project_type": "rezoning", "multifamily": false, "address": null, "parcel": null, "status": "upcoming", "first_seen": "2026-08-29", "units": null, "acres": null, "score": 2}}, {"type": "Feature", "geometry": {"type": "Point", "coordinates": [-82.31644058731654, 28.053943516250285]}, "properties": {"id": "5eb03da9424a144f", "source": "hillsborough-dev-tracker", "jurisdiction": "Hillsborough County Zoning Applications", "county": "Hillsborough", "meeting_body": "Hillsborough DSD Zoning Hearing", "meeting_date": "2026-09-28", "title": "Zoning application RZ-PD 26-0665 (Planned Development Rezoning)", "summary": "Folio 60804.1220, 60804.1300, 60804.1500", "plain": "Rezoning \u2014 location not stated in item, Hillsborough County Zoning Applications", "link": "https://experience.arcgis.com/experience/870491f64f9744dca53c9f54ed4b7407", "project_type": "rezoning", "multifamily": false, "address": null, "parcel": null, "status": "upcoming", "first_seen": "2026-08-29", "units": null, "acres": null, "score": 2}}, {"type": "Feature", "geometry": {"type": "Point", "coordinates": [-82.3065597575136, 27.77511922124733]}, "properties": {"id": "a1f008f273ef8189", "source": "hillsborough-dev-tracker", "jurisdiction": "Hillsborough County Zoning Applications", "county": "Hillsborough", "meeting_body": "Hillsborough DSD Zoning Hearing", "meeting_date": "2026-10-13", "title": "Zoning application RZ-PD 26-0671 (Planned Development Rezoning)", "summary": "Folio 77791.0300, 77793.0025", "plain": "Rezoning \u2014 location not stated in item, Hillsborough County Zoning Applications", "link": "https://experience.arcgis.com/experience/870491f64f9744dca53c9f54ed4b7407", "project_type": "rezoning", "multifamily": false, "address": null, "parcel": null, "status": "upcoming", "first_seen": "2026-08-29", "units": null, "acres": null, "score": 2}}, {"type": "Feature", "geometry": {"type": "Point", "coordinates": [-82.25903725230063, 27.740139830028642]}, "properties": {"id": "168abba1e123415b", "source": "hillsborough-dev-tracker", "jurisdiction": "Hillsborough County Zoning Applications", "county": "Hillsborough", "meeting_body": "Hillsborough DSD Zoning Hearing", "meeting_date": "2026-09-28", "title": "Zoning application RZ-PD 26-0672 (Planned Development Rezoning)", "summary": "Folio 77971.0000, 77971.0050, 77971.0100", "plain": "Rezoning \u2014 location not stated in item, Hillsborough County Zoning Applications", "link": "https://experience.arcgis.com/experience/870491f64f9744dca53c9f54ed4b7407", "project_type": "rezoning", "multifamily": false, "address": null, "parcel": null, "status": "upcoming", "first_seen": "2026-08-29", "units": null, "acres": null, "score": 2}}, {"type": "Feature", "geometry": {"type": "Point", "coordinates": [-82.38275678737612, 27.971186889373712]}, "properties": {"id": "3b336cac776d4a98", "source": "hillsborough-dev-tracker", "jurisdiction": "Hillsborough County Zoning Applications", "county": "Hillsborough", "meeting_body": "Hillsborough DSD Zoning Hearing", "meeting_date": "2026-10-13", "title": "Zoning application RZ-PD 26-0673 (Planned Development Rezoning)", "summary": "Folio 42387.0000, 42388.0000", "plain": "Rezoning \u2014 location not stated in item, Hillsborough County Zoning Applications", "link": "https://experience.arcgis.com/experience/870491f64f9744dca53c9f54ed4b7407", "project_type": "rezoning", "multifamily": false, "address": null, "parcel": null, "status": "upcoming", "first_seen": "2026-08-29", "units": null, "acres": null, "score": 2}}, {"type": "Feature", "geometry": {"type": "Point", "coordinates": [-82.37503381548734, 27.85011190659301]}, "properties": {"id": "ab53755313f73932", "source": "hillsborough-dev-tracker", "jurisdiction": "Hillsborough County Zoning Applications", "county": "Hillsborough", "meeting_body": "Hillsborough DSD Zoning Hearing", "meeting_date": "2026-09-28", "title": "Zoning application RZ-PD 26-0706 (Planned Development Rezoning)", "summary": "Folio 49345.0000", "plain": "Rezoning \u2014 location not stated in item, Hillsborough County Zoning Applications", "link": "https://experience.arcgis.com/experience/870491f64f9744dca53c9f54ed4b7407", "project_type": "rezoning", "multifamily": false, "address": null, "parcel": null, "status": "upcoming", "first_seen": "2026-08-29", "units": null, "acres": null, "score": 2}}, {"type": "Feature", "geometry": {"type": "Point", "coordinates": [-82.35974306129044, 27.89368479620265]}, "properties": {"id": "7aa691cc2b0f3230", "source": "hillsborough-dev-tracker", "jurisdiction": "Hillsborough County Zoning Applications", "county": "Hillsborough", "meeting_body": "Hillsborough DSD Zoning Hearing", "meeting_date": "2026-09-28", "title": "Zoning application RZ-PD 26-0799 (Planned Development Rezoning)", "summary": "Folio 47921.0000, 49072.0000, 49072.0100,+Multiple", "plain": "Rezoning \u2014 location not stated in item, Hillsborough County Zoning Applications", "link": "https://experience.arcgis.com/experience/870491f64f9744dca53c9f54ed4b7407", "project_type": "rezoning", "multifamily": false, "address": null, "parcel": null, "status": "upcoming", "first_seen": "2026-08-29", "units": null, "acres": null, "score": 2}}, {"type": "Feature", "geometry": {"type": "Point", "coordinates": [-82.46430412696674, 28.151904838008466]}, "properties": {"id": "7960a1d6bdf82d1e", "source": "hillsborough-dev-tracker", "jurisdiction": "Hillsborough County Zoning Applications", "county": "Hillsborough", "meeting_body": "Hillsborough DSD Zoning Hearing", "meeting_date": "2026-09-28", "title": "Zoning application RZ-PD 26-0801 (Planned Development Rezoning)", "summary": "Folio 13660.0000", "plain": "Rezoning \u2014 location not stated in item, Hillsborough County Zoning Applications", "link": "https://experience.arcgis.com/experience/870491f64f9744dca53c9f54ed4b7407", "project_type": "rezoning", "multifamily": false, "address": null, "parcel": null, "status": "upcoming", "first_seen": "2026-08-29", "units": null, "acres": null, "score": 2}}, {"type": "Feature", "geometry": {"type": "Point", "coordinates": [-82.44904497727445, 28.104473587659054]}, "properties": {"id": "b64efaf061137a6e", "source": "hillsborough-dev-tracker", "jurisdiction": "Hillsborough County Zoning Applications", "county": "Hillsborough", "meeting_body": "Hillsborough DSD Zoning Hearing", "meeting_date": "2026-09-28", "title": "Zoning application RZ-PD 26-0802 (Planned Development Rezoning)", "summary": "Folio 34125.0100", "plain": "Rezoning \u2014 location not stated in item, Hillsborough County Zoning Applications", "link": "https://experience.arcgis.com/experience/870491f64f9744dca53c9f54ed4b7407", "project_type": "rezoning", "multifamily": false, "address": null, "parcel": null, "status": "upcoming", "first_seen": "2026-08-29", "units": null, "acres": null, "score": 2}}, {"type": "Feature", "geometry": {"type": "Point", "coordinates": [-82.43364320647123, 28.06118776430902]}, "properties": {"id": "45a52d9438e3e357", "source": "hillsborough-dev-tracker", "jurisdiction": "Hillsborough County Zoning Applications", "county": "Hillsborough", "meeting_body": "Hillsborough DSD Zoning Hearing", "meeting_date": "2026-10-08", "title": "Zoning application RZ-PD 26-0803 (Planned Development Rezoning)", "summary": "Folio 36274.0302, 36298.0000, 36087.0000, + Multiple", "plain": "Rezoning \u2014 location not stated in item, Hillsborough County Zoning Applications", "link": "https://experience.arcgis.com/experience/870491f64f9744dca53c9f54ed4b7407", "project_type": "rezoning", "multifamily": false, "address": null, "parcel": null, "status": "upcoming", "first_seen": "2026-08-29", "units": null, "acres": null, "score": 2}}, {"type": "Feature", "geometry": {"type": "Point", "coordinates": [-82.15136085532559, 27.837527394088003]}, "properties": {"id": "ae78090cd6bde5c9", "source": "hillsborough-dev-tracker", "jurisdiction": "Hillsborough County Zoning Applications", "county": "Hillsborough", "meeting_body": "Hillsborough DSD Zoning Hearing", "meeting_date": "2026-10-19", "title": "Zoning application RZ-STD 26-0785 (Standard Rezoning)", "summary": "Folio Portion of (93964.0000,  93966.0000), 93964.1000, +Multiple", "plain": "Rezoning \u2014 location not stated in item, Hillsborough County Zoning Applications", "link": "https://experience.arcgis.com/experience/870491f64f9744dca53c9f54ed4b7407", "project_type": "rezoning", "multifamily": false, "address": null, "parcel": null, "status": "upcoming", "first_seen": "2026-08-29", "units": null, "acres": null, "score": 2}}, {"type": "Feature", "geometry": {"type": "Point", "coordinates": [-82.48773977800141, 28.15310044809019]}, "properties": {"id": "096d5cf3d931bfaa", "source": "hillsborough-dev-tracker", "jurisdiction": "Hillsborough County Zoning Applications", "county": "Hillsborough", "meeting_body": "Hillsborough DSD Zoning Hearing", "meeting_date": "2026-09-22", "title": "Zoning application RZ-STD 26-0811 (Standard Rezoning)", "summary": "Folio Portion of 13244.0300", "plain": "Rezoning \u2014 location not stated in item, Hillsborough County Zoning Applications", "link": "https://experience.arcgis.com/experience/870491f64f9744dca53c9f54ed4b7407", "project_type": "rezoning", "multifamily": false, "address": null, "parcel": null, "status": "upcoming", "first_seen": "2026-08-29", "units": null, "acres": null, "score": 2}}, {"type": "Feature", "geometry": {"type": "Point", "coordinates": [-82.50929341987664, 28.015035518805895]}, "properties": {"id": "c1720069fb092ba1", "source": "hillsborough-dev-tracker", "jurisdiction": "Hillsborough County Zoning Applications", "county": "Hillsborough", "meeting_body": "Hillsborough DSD Zoning Hearing", "meeting_date": "2026-09-14", "title": "Zoning application VAR 26-0833 (Variance)", "summary": "Folio 26483.0100", "plain": "Variance \u2014 location not stated in item, Hillsborough County Zoning Applications", "link": "https://experience.arcgis.com/experience/870491f64f9744dca53c9f54ed4b7407", "project_type": "variance", "multifamily": false, "address": null, "parcel": null, "status": "upcoming", "first_seen": "2026-08-29", "units": null, "acres": null, "score": 1}}, {"type": "Feature", "geometry": {"type": "Point", "coordinates": [-82.41995679071583, 27.719926801715644]}, "properties": {"id": "cca31c86ee27f7ce", "source": "hillsborough-dev-tracker", "jurisdiction": "Hillsborough County Zoning Applications", "county": "Hillsborough", "meeting_body": "Hillsborough DSD Zoning Hearing", "meeting_date": "2026-09-22", "title": "Zoning application RZ-STD 26-0901 (Standard Rezoning)", "summary": "Folio 55233.0000", "plain": "Rezoning \u2014 location not stated in item, Hillsborough County Zoning Applications", "link": "https://experience.arcgis.com/experience/870491f64f9744dca53c9f54ed4b7407", "project_type": "rezoning", "multifamily": false, "address": null, "parcel": null, "status": "upcoming", "first_seen": "2026-08-29", "units": null, "acres": null, "score": 2}}, {"type": "Feature", "geometry": {"type": "Point", "coordinates": [-82.3941741972103, 27.89092902884038]}, "properties": {"id": "836cb18b2f310d46", "source": "hillsborough-dev-tracker", "jurisdiction": "Hillsborough County Zoning Applications", "county": "Hillsborough", "meeting_body": "Hillsborough DSD Zoning Hearing", "meeting_date": "2026-09-22", "title": "Zoning application RZ-STD 26-0918 (Standard Rezoning)", "summary": "Folio 49005.0005", "plain": "Rezoning \u2014 location not stated in item, Hillsborough County Zoning Applications", "link": "https://experience.arcgis.com/experience/870491f64f9744dca53c9f54ed4b7407", "project_type": "rezoning", "multifamily": false, "address": null, "parcel": null, "status": "upcoming", "first_seen": "2026-08-29", "units": null, "acres": null, "score": 2}}, {"type": "Feature", "geometry": {"type": "Point", "coordinates": [-82.34605776581333, 27.69259100926478]}, "properties": {"id": "34e4e090f2324e3f", "source": "hillsborough-dev-tracker", "jurisdiction": "Hillsborough County Zoning Applications", "county": "Hillsborough", "meeting_body": "Hillsborough DSD Zoning Hearing", "meeting_date": "2026-10-05", "title": "Zoning application VAR 26-0958 (Variance)", "summary": "Folio 79546.7716", "plain": "Variance \u2014 location not stated in item, Hillsborough County Zoning Applications", "link": "https://experience.arcgis.com/experience/870491f64f9744dca53c9f54ed4b7407", "project_type": "variance", "multifamily": false, "address": null, "parcel": null, "status": "upcoming", "first_seen": "2026-08-29", "units": null, "acres": null, "score": 1}}, {"type": "Feature", "geometry": {"type": "Point", "coordinates": [-82.5588892895922, 28.080863992987222]}, "properties": {"id": "01ca203907988bd5", "source": "hillsborough-dev-tracker", "jurisdiction": "Hillsborough County Zoning Applications", "county": "Hillsborough", "meeting_body": "Hillsborough DSD Zoning Hearing", "meeting_date": "2026-10-13", "title": "Zoning application RZ-PD 26-0974 (Planned Development Rezoning)", "summary": "Folio 2990.0100, 2990.0300", "plain": "Rezoning \u2014 location not stated in item, Hillsborough County Zoning Applications", "link": "https://experience.arcgis.com/experience/870491f64f9744dca53c9f54ed4b7407", "project_type": "rezoning", "multifamily": false, "address": null, "parcel": null, "status": "upcoming", "first_seen": "2026-08-29", "units": null, "acres": null, "score": 2}}, {"type": "Feature", "geometry": {"type": "Point", "coordinates": [-82.54549495627955, 28.024719541606864]}, "properties": {"id": "505931e5773d2870", "source": "hillsborough-dev-tracker", "jurisdiction": "Hillsborough County Zoning Applications", "county": "Hillsborough", "meeting_body": "Hillsborough DSD Zoning Hearing", "meeting_date": "2026-09-28", "title": "Zoning application RZ-PD 26-0957 (Planned Development Rezoning)", "summary": "Folio 27367.0000, 27368.0000, 27373.0000", "plain": "Rezoning \u2014 location not stated in item, Hillsborough County Zoning Applications", "link": "https://experience.arcgis.com/experience/870491f64f9744dca53c9f54ed4b7407", "project_type": "rezoning", "multifamily": false, "address": null, "parcel": null, "status": "upcoming", "first_seen": "2026-08-29", "units": null, "acres": null, "score": 2}}, {"type": "Feature", "geometry": {"type": "Point", "coordinates": [-82.56361541721947, 28.0005527455566]}, "properties": {"id": "9fd064cd9632a616", "source": "hillsborough-dev-tracker", "jurisdiction": "Hillsborough County Zoning Applications", "county": "Hillsborough", "meeting_body": "Hillsborough DSD Zoning Hearing", "meeting_date": "2026-09-14", "title": "Zoning application VAR 26-1039 (Variance)", "summary": "Folio 7498.0000", "plain": "Variance \u2014 location not stated in item, Hillsborough County Zoning Applications", "link": "https://experience.arcgis.com/experience/870491f64f9744dca53c9f54ed4b7407", "project_type": "variance", "multifamily": false, "address": null, "parcel": null, "status": "upcoming", "first_seen": "2026-08-29", "units": null, "acres": null, "score": 1}}, {"type": "Feature", "geometry": {"type": "Point", "coordinates": [-82.37507457980242, 28.013842221618926]}, "properties": {"id": "cc018c8a2ddc1703", "source": "hillsborough-dev-tracker", "jurisdiction": "Hillsborough County Zoning Applications", "county": "Hillsborough", "meeting_body": "Hillsborough DSD Zoning Hearing", "meeting_date": "2026-10-19", "title": "Zoning application RZ-PD 26-1071 (Planned Development Rezoning)", "summary": "Folio 38318.0000", "plain": "Rezoning \u2014 location not stated in item, Hillsborough County Zoning Applications", "link": "https://experience.arcgis.com/experience/870491f64f9744dca53c9f54ed4b7407", "project_type": "rezoning", "multifamily": false, "address": null, "parcel": null, "status": "upcoming", "first_seen": "2026-08-29", "units": null, "acres": null, "score": 2}}, {"type": "Feature", "geometry": {"type": "Point", "coordinates": [-82.32766704930579, 28.143703393724262]}, "properties": {"id": "5c61f864be209def", "source": "hillsborough-dev-tracker", "jurisdiction": "Hillsborough County Zoning Applications", "county": "Hillsborough", "meeting_body": "Hillsborough DSD Zoning Hearing", "meeting_date": "2026-09-14", "title": "Zoning application VAR 26-1093 (Variance)", "summary": "Folio 59248.5056", "plain": "Variance \u2014 location not stated in item, Hillsborough County Zoning Applications", "link": "https://experience.arcgis.com/experience/870491f64f9744dca53c9f54ed4b7407", "project_type": "variance", "multifamily": false, "address": null, "parcel": null, "status": "upcoming", "first_seen": "2026-08-29", "units": null, "acres": null, "score": 1}}, {"type": "Feature", "geometry": {"type": "Point", "coordinates": [-82.3343321449197, 28.05890413717076]}, "properties": {"id": "65526eb5f4a22174", "source": "hillsborough-dev-tracker", "jurisdiction": "Hillsborough County Zoning Applications", "county": "Hillsborough", "meeting_body": "Hillsborough DSD Zoning Hearing", "meeting_date": "2026-10-19", "title": "Zoning application RZ-PD 26-1114 (Planned Development Rezoning)", "summary": "Folio 60140.0000", "plain": "Rezoning \u2014 location not stated in item, Hillsborough County Zoning Applications", "link": "https://experience.arcgis.com/experience/870491f64f9744dca53c9f54ed4b7407", "project_type": "rezoning", "multifamily": false, "address": null, "parcel": null, "status": "upcoming", "first_seen": "2026-08-29", "units": null, "acres": null, "score": 2}}, {"type": "Feature", "geometry": {"type": "Point", "coordinates": [-82.2048300638002, 27.996947111573217]}, "properties": {"id": "749d43993f8ecc88", "source": "hillsborough-dev-tracker", "jurisdiction": "Hillsborough County Zoning Applications", "county": "Hillsborough", "meeting_body": "Hillsborough DSD Zoning Hearing", "meeting_date": "2026-10-19", "title": "Zoning application RZ-PD 26-1126 (Planned Development Rezoning)", "summary": "Folio 83311.0000", "plain": "Rezoning \u2014 location not stated in item, Hillsborough County Zoning Applications", "link": "https://experience.arcgis.com/experience/870491f64f9744dca53c9f54ed4b7407", "project_type": "rezoning", "multifamily": false, "address": null, "parcel": null, "status": "upcoming", "first_seen": "2026-08-29", "units": null, "acres": null, "score": 2}}, {"type": "Feature", "geometry": {"type": "Point", "coordinates": [-82.33887481951908, 27.993590228340906]}, "properties": {"id": "cf7e039f3c94e62f", "source": "hillsborough-dev-tracker", "jurisdiction": "Hillsborough County Zoning Applications", "county": "Hillsborough", "meeting_body": "Hillsborough DSD Zoning Hearing", "meeting_date": "2026-09-28", "title": "Zoning application RZ-PD 26-1140 (Planned Development Rezoning)", "summary": "Folio 40406.0000, 65237.0000, 65238.0000, + Multiple", "plain": "Rezoning \u2014 location not stated in item, Hillsborough County Zoning Applications", "link": "https://experience.arcgis.com/experience/870491f64f9744dca53c9f54ed4b7407", "project_type": "rezoning", "multifamily": false, "address": null, "parcel": null, "status": "upcoming", "first_seen": "2026-08-29", "units": null, "acres": null, "score": 2}}, {"type": "Feature", "geometry": {"type": "Point", "coordinates": [-82.33660818816557, 28.048980191767555]}, "properties": {"id": "13ea3d5ad3f4570e", "source": "hillsborough-dev-tracker", "jurisdiction": "Hillsborough County Zoning Applications", "county": "Hillsborough", "meeting_body": "Hillsborough DSD Zoning Hearing", "meeting_date": "2026-09-28", "title": "Zoning application RZ-PD 26-1146 (Planned Development Rezoning)", "summary": "Folio 61122.0000, 61150.0000, 61147.0000 + Multiple", "plain": "Rezoning \u2014 location not stated in item, Hillsborough County Zoning Applications", "link": "https://experience.arcgis.com/experience/870491f64f9744dca53c9f54ed4b7407", "project_type": "rezoning", "multifamily": false, "address": null, "parcel": null, "status": "upcoming", "first_seen": "2026-08-29", "units": null, "acres": null, "score": 2}}, {"type": "Feature", "geometry": {"type": "Point", "coordinates": [-82.54067299291827, 28.042898312085264]}, "properties": {"id": "8649d9aefd3c5faf", "source": "hillsborough-dev-tracker", "jurisdiction": "Hillsborough County Zoning Applications", "county": "Hillsborough", "meeting_body": "Hillsborough DSD Zoning Hearing", "meeting_date": "2026-09-28", "title": "Zoning application RZ-PD 26-1156 (Planned Development Rezoning)", "summary": "Folio 23797.0000, 23797.0050, 23797.0100, +Multiple", "plain": "Rezoning \u2014 location not stated in item, Hillsborough County Zoning Applications", "link": "https://experience.arcgis.com/experience/870491f64f9744dca53c9f54ed4b7407", "project_type": "rezoning", "multifamily": false, "address": null, "parcel": null, "status": "upcoming", "first_seen": "2026-08-29", "units": null, "acres": null, "score": 2}}, {"type": "Feature", "geometry": {"type": "Point", "coordinates": [-82.33792303313598, 28.048645710165314]}, "properties": {"id": "1f8e7e70316d0a77", "source": "hillsborough-dev-tracker", "jurisdiction": "Hillsborough County Zoning Applications", "county": "Hillsborough", "meeting_body": "Hillsborough DSD Zoning Hearing", "meeting_date": "2026-09-28", "title": "Zoning application RZ-STD 26-1158 (Standard Rezoning)", "summary": "Folio 61126.0000", "plain": "Rezoning \u2014 location not stated in item, Hillsborough County Zoning Applications", "link": "https://experience.arcgis.com/experience/870491f64f9744dca53c9f54ed4b7407", "project_type": "rezoning", "multifamily": false, "address": null, "parcel": null, "status": "upcoming", "first_seen": "2026-08-29", "units": null, "acres": null, "score": 2}}, {"type": "Feature", "geometry": {"type": "Point", "coordinates": [-82.29614568324439, 28.049998370601696]}, "properties": {"id": "a021be643ee49d03", "source": "hillsborough-dev-tracker", "jurisdiction": "Hillsborough County Zoning Applications", "county": "Hillsborough", "meeting_body": "Hillsborough DSD Zoning Hearing", "meeting_date": "2026-09-14", "title": "Zoning application VAR 26-1160 (Variance)", "summary": "Folio 60797.2004", "plain": "Variance \u2014 location not stated in item, Hillsborough County Zoning Applications", "link": "https://experience.arcgis.com/experience/870491f64f9744dca53c9f54ed4b7407", "project_type": "variance", "multifamily": false, "address": null, "parcel": null, "status": "upcoming", "first_seen": "2026-08-29", "units": null, "acres": null, "score": 1}}, {"type": "Feature", "geometry": {"type": "Point", "coordinates": [-82.5059841323313, 28.03966737264017]}, "properties": {"id": "9f52b4507d60cf9a", "source": "hillsborough-dev-tracker", "jurisdiction": "Hillsborough County Zoning Applications", "county": "Hillsborough", "meeting_body": "Hillsborough DSD Zoning Hearing", "meeting_date": "2026-10-13", "title": "Zoning application RZ-STD 26-1168 (Standard Rezoning)", "summary": "Folio 24030.0000", "plain": "Rezoning \u2014 location not stated in item, Hillsborough County Zoning Applications", "link": "https://experience.arcgis.com/experience/870491f64f9744dca53c9f54ed4b7407", "project_type": "rezoning", "multifamily": false, "address": null, "parcel": null, "status": "upcoming", "first_seen": "2026-08-29", "units": null, "acres": null, "score": 2}}, {"type": "Feature", "geometry": {"type": "Point", "coordinates": [-82.25468037375887, 27.830961743460595]}, "properties": {"id": "952281a730bd7fc1", "source": "hillsborough-dev-tracker", "jurisdiction": "Hillsborough County Zoning Applications", "county": "Hillsborough", "meeting_body": "Hillsborough DSD Zoning Hearing", "meeting_date": "2026-10-13", "title": "Zoning application RZ-STD 26-1184 (Standard Rezoning)", "summary": "Folio 77378.0000, 77392.0000, 77392.0050, +Multiple", "plain": "Rezoning \u2014 location not stated in item, Hillsborough County Zoning Applications", "link": "https://experience.arcgis.com/experience/870491f64f9744dca53c9f54ed4b7407", "project_type": "rezoning", "multifamily": false, "address": null, "parcel": null, "status": "upcoming", "first_seen": "2026-08-29", "units": null, "acres": null, "score": 2}}, {"type": "Feature", "geometry": {"type": "Point", "coordinates": [-82.33688015540524, 27.991626840242414]}, "properties": {"id": "72e7d64253089a9b", "source": "hillsborough-dev-tracker", "jurisdiction": "Hillsborough County Zoning Applications", "county": "Hillsborough", "meeting_body": "Hillsborough DSD Zoning Hearing", "meeting_date": "2026-10-19", "title": "Zoning application RZ-PD 26-1187 (Planned Development Rezoning)", "summary": "Folio 65264.0000, 65266.0000", "plain": "Rezoning \u2014 location not stated in item, Hillsborough County Zoning Applications", "link": "https://experience.arcgis.com/experience/870491f64f9744dca53c9f54ed4b7407", "project_type": "rezoning", "multifamily": false, "address": null, "parcel": null, "status": "upcoming", "first_seen": "2026-08-29", "units": null, "acres": null, "score": 2}}, {"type": "Feature", "geometry": {"type": "Point", "coordinates": [-82.29403149627251, 28.070911153737057]}, "properties": {"id": "c614de31898e805d", "source": "hillsborough-dev-tracker", "jurisdiction": "Hillsborough County Zoning Applications", "county": "Hillsborough", "meeting_body": "Hillsborough DSD Zoning Hearing", "meeting_date": "2026-10-19", "title": "Zoning application RZ-PD 26-1189 (Planned Development Rezoning)", "summary": "Folio 59835.0000, 59846.0100, 59849.0012, 59856.0000", "plain": "Rezoning \u2014 location not stated in item, Hillsborough County Zoning Applications", "link": "https://experience.arcgis.com/experience/870491f64f9744dca53c9f54ed4b7407", "project_type": "rezoning", "multifamily": false, "address": null, "parcel": null, "status": "upcoming", "first_seen": "2026-08-29", "units": null, "acres": null, "score": 2}}, {"type": "Feature", "geometry": {"type": "Point", "coordinates": [-82.31756976398381, 28.054900224250797]}, "properties": {"id": "84323d54f1500478", "source": "hillsborough-dev-tracker", "jurisdiction": "Hillsborough County Zoning Applications", "county": "Hillsborough", "meeting_body": "Hillsborough DSD Zoning Hearing", "meeting_date": "2026-09-14", "title": "Zoning application VAR 26-1197 (Variance)", "summary": "Folio 60341.5500", "plain": "Variance \u2014 location not stated in item, Hillsborough County Zoning Applications", "link": "https://experience.arcgis.com/experience/870491f64f9744dca53c9f54ed4b7407", "project_type": "variance", "multifamily": false, "address": null, "parcel": null, "status": "upcoming", "first_seen": "2026-08-29", "units": null, "acres": null, "score": 1}}, {"type": "Feature", "geometry": {"type": "Point", "coordinates": [-82.32129410309061, 28.05323041386231]}, "properties": {"id": "4366d50a01c39c80", "source": "hillsborough-dev-tracker", "jurisdiction": "Hillsborough County Zoning Applications", "county": "Hillsborough", "meeting_body": "Hillsborough DSD Zoning Hearing", "meeting_date": "2026-09-14", "title": "Zoning application VAR 26-1216 (Variance)", "summary": "Folio 60846.0070", "plain": "Variance \u2014 location not stated in item, Hillsborough County Zoning Applications", "link": "https://experience.arcgis.com/experience/870491f64f9744dca53c9f54ed4b7407", "project_type": "variance", "multifamily": false, "address": null, "parcel": null, "status": "upcoming", "first_seen": "2026-08-29", "units": null, "acres": null, "score": 1}}, {"type": "Feature", "geometry": {"type": "Point", "coordinates": [-82.49271539026486, 28.122207253403158]}, "properties": {"id": "79e2790d570fc11a", "source": "hillsborough-dev-tracker", "jurisdiction": "Hillsborough County Zoning Applications", "county": "Hillsborough", "meeting_body": "Hillsborough DSD Zoning Hearing", "meeting_date": "2026-09-14", "title": "Zoning application VAR 26-1226 (Variance)", "summary": "Folio 14906.0000", "plain": "Variance \u2014 location not stated in item, Hillsborough County Zoning Applications", "link": "https://experience.arcgis.com/experience/870491f64f9744dca53c9f54ed4b7407", "project_type": "variance", "multifamily": false, "address": null, "parcel": null, "status": "upcoming", "first_seen": "2026-08-29", "units": null, "acres": null, "score": 1}}, {"type": "Feature", "geometry": {"type": "Point", "coordinates": [-82.46377422396662, 28.06437327763181]}, "properties": {"id": "2dfec27d3e819cd4", "source": "hillsborough-dev-tracker", "jurisdiction": "Hillsborough County Zoning Applications", "county": "Hillsborough", "meeting_body": "Hillsborough DSD Zoning Hearing", "meeting_date": "2026-10-05", "title": "Zoning application VAR 26-1227 (Variance)", "summary": "Folio 21395.0000", "plain": "Variance \u2014 location not stated in item, Hillsborough County Zoning Applications", "link": "https://experience.arcgis.com/experience/870491f64f9744dca53c9f54ed4b7407", "project_type": "variance", "multifamily": false, "address": null, "parcel": null, "status": "upcoming", "first_seen": "2026-08-29", "units": null, "acres": null, "score": 1}}, {"type": "Feature", "geometry": {"type": "Point", "coordinates": [-82.40467195513429, 27.92838813352302]}, "properties": {"id": "1e53c99dc2d59588", "source": "hillsborough-dev-tracker", "jurisdiction": "Hillsborough County Zoning Applications", "county": "Hillsborough", "meeting_body": "Hillsborough DSD Zoning Hearing", "meeting_date": "2026-09-14", "title": "Zoning application VAR 26-1092 (Variance)", "summary": "Folio 46744.0000", "plain": "Variance \u2014 location not stated in item, Hillsborough County Zoning Applications", "link": "https://experience.arcgis.com/experience/870491f64f9744dca53c9f54ed4b7407", "project_type": "variance", "multifamily": false, "address": null, "parcel": null, "status": "upcoming", "first_seen": "2026-08-29", "units": null, "acres": null, "score": 1}}, {"type": "Feature", "geometry": {"type": "Point", "coordinates": [-82.46294844472601, 28.119388498847666]}, "properties": {"id": "f5c6b75ff632822a", "source": "hillsborough-dev-tracker", "jurisdiction": "Hillsborough County Zoning Applications", "county": "Hillsborough", "meeting_body": "Hillsborough DSD Zoning Hearing", "meeting_date": "2026-10-19", "title": "Zoning application RZ-PD 26-1221 (Planned Development Rezoning)", "summary": "Folio 15383.0000, 15386.0000, 15387.0000", "plain": "Rezoning \u2014 location not stated in item, Hillsborough County Zoning Applications", "link": "https://experience.arcgis.com/experience/870491f64f9744dca53c9f54ed4b7407", "project_type": "rezoning", "multifamily": false, "address": null, "parcel": null, "status": "upcoming", "first_seen": "2026-08-29", "units": null, "acres": null, "score": 2}}, {"type": "Feature", "geometry": {"type": "Point", "coordinates": [-82.32178457381163, 28.023877869008167]}, "properties": {"id": "efae1593027d588c", "source": "hillsborough-dev-tracker", "jurisdiction": "Hillsborough County Zoning Applications", "county": "Hillsborough", "meeting_body": "Hillsborough DSD Zoning Hearing", "meeting_date": "2026-10-19", "title": "Zoning application RZ-PD 26-1234 (Planned Development Rezoning)", "summary": "Folio 61568.0000, 61679.0000, 62485.0004, 62486.0200", "plain": "Rezoning \u2014 location not stated in item, Hillsborough County Zoning Applications", "link": "https://experience.arcgis.com/experience/870491f64f9744dca53c9f54ed4b7407", "project_type": "rezoning", "multifamily": false, "address": null, "parcel": null, "status": "upcoming", "first_seen": "2026-08-29", "units": null, "acres": null, "score": 2}}, {"type": "Feature", "geometry": {"type": "Point", "coordinates": [-82.21700679708502, 27.938752622856303]}, "properties": {"id": "e78760fac784b891", "source": "hillsborough-dev-tracker", "jurisdiction": "Hillsborough County Zoning Applications", "county": "Hillsborough", "meeting_body": "Hillsborough DSD Zoning Hearing", "meeting_date": "2026-10-19", "title": "Zoning application RZ-PD 26-1241 (Planned Development Rezoning)", "summary": "Folio 85742.0010, 85744.0000", "plain": "Rezoning \u2014 location not stated in item, Hillsborough County Zoning Applications", "link": "https://experience.arcgis.com/experience/870491f64f9744dca53c9f54ed4b7407", "project_type": "rezoning", "multifamily": false, "address": null, "parcel": null, "status": "upcoming", "first_seen": "2026-08-29", "units": null, "acres": null, "score": 2}}, {"type": "Feature", "geometry": {"type": "Point", "coordinates": [-82.39213476078938, 27.899292434509025]}, "properties": {"id": "a6b97a4d96970041", "source": "hillsborough-dev-tracker", "jurisdiction": "Hillsborough County Zoning Applications", "county": "Hillsborough", "meeting_body": "Hillsborough DSD Zoning Hearing", "meeting_date": "2026-09-28", "title": "Zoning application RZ-STD 26-1230 (Standard Rezoning)", "summary": "Folio Portion of 48936.0000", "plain": "Rezoning \u2014 location not stated in item, Hillsborough County Zoning Applications", "link": "https://experience.arcgis.com/experience/870491f64f9744dca53c9f54ed4b7407", "project_type": "rezoning", "multifamily": false, "address": null, "parcel": null, "status": "upcoming", "first_seen": "2026-08-29", "units": null, "acres": null, "score": 2}}, {"type": "Feature", "geometry": {"type": "Point", "coordinates": [-82.2423274363458, 28.083245502974496]}, "properties": {"id": "bcc7d9f8445f08ef", "source": "hillsborough-dev-tracker", "jurisdiction": "Hillsborough County Zoning Applications", "county": "Hillsborough", "meeting_body": "Hillsborough DSD Zoning Hearing", "meeting_date": "2026-09-14", "title": "Zoning application VAR 26-1257 (Variance)", "summary": "Folio 80822.5156", "plain": "Variance \u2014 location not stated in item, Hillsborough County Zoning Applications", "link": "https://experience.arcgis.com/experience/870491f64f9744dca53c9f54ed4b7407", "project_type": "variance", "multifamily": false, "address": null, "parcel": null, "status": "upcoming", "first_seen": "2026-08-29", "units": null, "acres": null, "score": 1}}, {"type": "Feature", "geometry": {"type": "Point", "coordinates": [-82.57569778015919, 28.06408861137722]}, "properties": {"id": "a642fe9ecbd32727", "source": "hillsborough-dev-tracker", "jurisdiction": "Hillsborough County Zoning Applications", "county": "Hillsborough", "meeting_body": "Hillsborough DSD Zoning Hearing", "meeting_date": "2026-09-14", "title": "Zoning application VAR 26-1268 (Variance)", "summary": "Folio 3623.0116", "plain": "Variance \u2014 location not stated in item, Hillsborough County Zoning Applications", "link": "https://experience.arcgis.com/experience/870491f64f9744dca53c9f54ed4b7407", "project_type": "variance", "multifamily": false, "address": null, "parcel": null, "status": "upcoming", "first_seen": "2026-08-29", "units": null, "acres": null, "score": 1}}, {"type": "Feature", "geometry": {"type": "Point", "coordinates": [-82.56419814409412, 27.997759428936757]}, "properties": {"id": "cd532a9bff39759b", "source": "hillsborough-dev-tracker", "jurisdiction": "Hillsborough County Zoning Applications", "county": "Hillsborough", "meeting_body": "Hillsborough DSD Zoning Hearing", "meeting_date": "2026-09-14", "title": "Zoning application VAR 26-1275 (Variance)", "summary": "Folio 8093.0000", "plain": "Variance \u2014 location not stated in item, Hillsborough County Zoning Applications", "link": "https://experience.arcgis.com/experience/870491f64f9744dca53c9f54ed4b7407", "project_type": "variance", "multifamily": false, "address": null, "parcel": null, "status": "upcoming", "first_seen": "2026-08-29", "units": null, "acres": null, "score": 1}}, {"type": "Feature", "geometry": {"type": "Point", "coordinates": [-82.57675678583293, 28.07896671409307]}, "properties": {"id": "35259c2a45b80677", "source": "hillsborough-dev-tracker", "jurisdiction": "Hillsborough County Zoning Applications", "county": "Hillsborough", "meeting_body": "Hillsborough DSD Zoning Hearing", "meeting_date": "2026-09-14", "title": "Zoning application VAR 26-1277 (Variance)", "summary": "Folio 3141.0020", "plain": "Variance \u2014 location not stated in item, Hillsborough County Zoning Applications", "link": "https://experience.arcgis.com/experience/870491f64f9744dca53c9f54ed4b7407", "project_type": "variance", "multifamily": false, "address": null, "parcel": null, "status": "upcoming", "first_seen": "2026-08-29", "units": null, "acres": null, "score": 1}}, {"type": "Feature", "geometry": {"type": "Point", "coordinates": [-82.32951688031258, 28.034020516321103]}, "properties": {"id": "de6351ede4e249c4", "source": "hillsborough-dev-tracker", "jurisdiction": "Hillsborough County Zoning Applications", "county": "Hillsborough", "meeting_body": "Hillsborough DSD Zoning Hearing", "meeting_date": "2026-09-28", "title": "Zoning application RZ-STD 26-1287 (Standard Rezoning)", "summary": "Folio 61554.0400", "plain": "Rezoning \u2014 location not stated in item, Hillsborough County Zoning Applications", "link": "https://experience.arcgis.com/experience/870491f64f9744dca53c9f54ed4b7407", "project_type": "rezoning", "multifamily": false, "address": null, "parcel": null, "status": "upcoming", "first_seen": "2026-08-29", "units": null, "acres": null, "score": 2}}, {"type": "Feature", "geometry": {"type": "Point", "coordinates": [-82.54746287377937, 28.093977713952317]}, "properties": {"id": "defeddce8d00b07a", "source": "hillsborough-dev-tracker", "jurisdiction": "Hillsborough County Zoning Applications", "county": "Hillsborough", "meeting_body": "Hillsborough DSD Zoning Hearing", "meeting_date": "2026-09-28", "title": "Zoning application RZ-STD 26-1295 (Standard Rezoning)", "summary": "Folio 16151.0000", "plain": "Rezoning \u2014 location not stated in item, Hillsborough County Zoning Applications", "link": "https://experience.arcgis.com/experience/870491f64f9744dca53c9f54ed4b7407", "project_type": "rezoning", "multifamily": false, "address": null, "parcel": null, "status": "upcoming", "first_seen": "2026-08-29", "units": null, "acres": null, "score": 2}}, {"type": "Feature", "geometry": {"type": "Point", "coordinates": [-82.45193275337347, 28.06277542593157]}, "properties": {"id": "a6a7b87d2e7b895d", "source": "hillsborough-dev-tracker", "jurisdiction": "Hillsborough County Zoning Applications", "county": "Hillsborough", "meeting_body": "Hillsborough DSD Zoning Hearing", "meeting_date": "2026-09-28", "title": "Zoning application RZ-STD 26-1345 (Standard Rezoning)", "summary": "Folio 21735.0000", "plain": "Rezoning \u2014 location not stated in item, Hillsborough County Zoning Applications", "link": "https://experience.arcgis.com/experience/870491f64f9744dca53c9f54ed4b7407", "project_type": "rezoning", "multifamily": false, "address": null, "parcel": null, "status": "upcoming", "first_seen": "2026-08-29", "units": null, "acres": null, "score": 2}}, {"type": "Feature", "geometry": {"type": "Point", "coordinates": [-82.38511345250485, 27.84456635823776]}, "properties": {"id": "3f274ec51893f740", "source": "hillsborough-dev-tracker", "jurisdiction": "Hillsborough County Zoning Applications", "county": "Hillsborough", "meeting_body": "Hillsborough DSD Zoning Hearing", "meeting_date": "2026-09-28", "title": "Zoning application RZ-STD 26-1346 (Standard Rezoning)", "summary": "Folio 51046.0000", "plain": "Rezoning \u2014 location not stated in item, Hillsborough County Zoning Applications", "link": "https://experience.arcgis.com/experience/870491f64f9744dca53c9f54ed4b7407", "project_type": "rezoning", "multifamily": false, "address": null, "parcel": null, "status": "upcoming", "first_seen": "2026-08-29", "units": null, "acres": null, "score": 2}}, {"type": "Feature", "geometry": {"type": "Point", "coordinates": [-82.1687410797313, 27.93884215450855]}, "properties": {"id": "940c63f75849d1d6", "source": "hillsborough-dev-tracker", "jurisdiction": "Hillsborough County Zoning Applications", "county": "Hillsborough", "meeting_body": "Hillsborough DSD Zoning Hearing", "meeting_date": "2026-10-19", "title": "Zoning application RZ-STD 26-1349 (Standard Rezoning)", "summary": "Folio 86002.0000", "plain": "Rezoning \u2014 location not stated in item, Hillsborough County Zoning Applications", "link": "https://experience.arcgis.com/experience/870491f64f9744dca53c9f54ed4b7407", "project_type": "rezoning", "multifamily": false, "address": null, "parcel": null, "status": "upcoming", "first_seen": "2026-08-29", "units": null, "acres": null, "score": 2}}, {"type": "Feature", "geometry": {"type": "Point", "coordinates": [-82.24253762355835, 27.739048770230042]}, "properties": {"id": "2b1252f1a092cb6f", "source": "hillsborough-dev-tracker", "jurisdiction": "Hillsborough County Zoning Applications", "county": "Hillsborough", "meeting_body": "Hillsborough DSD Zoning Hearing", "meeting_date": "2026-09-28", "title": "Zoning application RZ-STD 26-1350 (Standard Rezoning)", "summary": "Folio 88736.0800, 88736.0850", "plain": "Rezoning \u2014 location not stated in item, Hillsborough County Zoning Applications", "link": "https://experience.arcgis.com/experience/870491f64f9744dca53c9f54ed4b7407", "project_type": "rezoning", "multifamily": false, "address": null, "parcel": null, "status": "upcoming", "first_seen": "2026-08-29", "units": null, "acres": null, "score": 2}}, {"type": "Feature", "geometry": {"type": "Point", "coordinates": [-82.30116621793371, 27.833187942168244]}, "properties": {"id": "826fbd14b6ca4403", "source": "hillsborough-dev-tracker", "jurisdiction": "Hillsborough County Zoning Applications", "county": "Hillsborough", "meeting_body": "Hillsborough DSD Zoning Hearing", "meeting_date": "2026-10-05", "title": "Zoning application VAR 26-1309 (Variance)", "summary": "Folio 77347.0225", "plain": "Variance \u2014 location not stated in item, Hillsborough County Zoning Applications", "link": "https://experience.arcgis.com/experience/870491f64f9744dca53c9f54ed4b7407", "project_type": "variance", "multifamily": false, "address": null, "parcel": null, "status": "upcoming", "first_seen": "2026-08-29", "units": null, "acres": null, "score": 1}}, {"type": "Feature", "geometry": {"type": "Point", "coordinates": [-82.43589704390983, 28.15622765227112]}, "properties": {"id": "5bae0c31e1f54fa7", "source": "hillsborough-dev-tracker", "jurisdiction": "Hillsborough County Zoning Applications", "county": "Hillsborough", "meeting_body": "Hillsborough DSD Zoning Hearing", "meeting_date": "2026-10-05", "title": "Zoning application VAR 26-1360 (Variance)", "summary": "Folio 33332.4004", "plain": "Variance \u2014 location not stated in item, Hillsborough County Zoning Applications", "link": "https://experience.arcgis.com/experience/870491f64f9744dca53c9f54ed4b7407", "project_type": "variance", "multifamily": false, "address": null, "parcel": null, "status": "upcoming", "first_seen": "2026-08-29", "units": null, "acres": null, "score": 1}}, {"type": "Feature", "geometry": {"type": "Point", "coordinates": [-82.28042283083693, 27.93530512340634]}, "properties": {"id": "528c79e34c5f2cbb", "source": "hillsborough-dev-tracker", "jurisdiction": "Hillsborough County Zoning Applications", "county": "Hillsborough", "meeting_body": "Hillsborough DSD Zoning Hearing", "meeting_date": "2026-11-16", "title": "Zoning application RZ-PD 26-1359 (Planned Development Rezoning)", "summary": "Folio 70463.0000", "plain": "Rezoning \u2014 location not stated in item, Hillsborough County Zoning Applications", "link": "https://experience.arcgis.com/experience/870491f64f9744dca53c9f54ed4b7407", "project_type": "rezoning", "multifamily": false, "address": null, "parcel": null, "status": "upcoming", "first_seen": "2026-08-29", "units": null, "acres": null, "score": 2}}, {"type": "Feature", "geometry": {"type": "Point", "coordinates": [-82.4722271979264, 27.686798075202425]}, "properties": {"id": "5881d224cc28c33e", "source": "hillsborough-dev-tracker", "jurisdiction": "Hillsborough County Zoning Applications", "county": "Hillsborough", "meeting_body": "Hillsborough DSD Zoning Hearing", "meeting_date": "2026-11-16", "title": "Zoning application RZ-PD 26-1370 (Planned Development Rezoning)", "summary": "Folio Portion of 32727.0000", "plain": "Rezoning \u2014 location not stated in item, Hillsborough County Zoning Applications", "link": "https://experience.arcgis.com/experience/870491f64f9744dca53c9f54ed4b7407", "project_type": "rezoning", "multifamily": false, "address": null, "parcel": null, "status": "upcoming", "first_seen": "2026-08-29", "units": null, "acres": null, "score": 2}}, {"type": "Feature", "geometry": {"type": "Point", "coordinates": [-82.4560339462096, 28.089142196701715]}, "properties": {"id": "b8b97f652d7a906f", "source": "hillsborough-dev-tracker", "jurisdiction": "Hillsborough County Zoning Applications", "county": "Hillsborough", "meeting_body": "Hillsborough DSD Zoning Hearing", "meeting_date": "2026-11-16", "title": "Zoning application RZ-PD 26-1366 (Planned Development Rezoning)", "summary": "Folio 17070.0100", "plain": "Rezoning \u2014 location not stated in item, Hillsborough County Zoning Applications", "link": "https://experience.arcgis.com/experience/870491f64f9744dca53c9f54ed4b7407", "project_type": "rezoning", "multifamily": false, "address": null, "parcel": null, "status": "upcoming", "first_seen": "2026-08-29", "units": null, "acres": null, "score": 2}}, {"type": "Feature", "geometry": {"type": "Point", "coordinates": [-82.31495909917786, 27.997782190475156]}, "properties": {"id": "c50e2c295042fb97", "source": "hillsborough-dev-tracker", "jurisdiction": "Hillsborough County Zoning Applications", "county": "Hillsborough", "meeting_body": "Hillsborough DSD Zoning Hearing", "meeting_date": "2026-11-16", "title": "Zoning application RZ-PD 26-1372 (Planned Development Rezoning)", "summary": "Folio 63010.5000, 63013.0000, 63059.0000", "plain": "Rezoning \u2014 location not stated in item, Hillsborough County Zoning Applications", "link": "https://experience.arcgis.com/experience/870491f64f9744dca53c9f54ed4b7407", "project_type": "rezoning", "multifamily": false, "address": null, "parcel": null, "status": "upcoming", "first_seen": "2026-08-29", "units": null, "acres": null, "score": 2}}, {"type": "Feature", "geometry": {"type": "Point", "coordinates": [-82.45806544080098, 28.087546080808714]}, "properties": {"id": "ff44ee0dc4c4883c", "source": "hillsborough-dev-tracker", "jurisdiction": "Hillsborough County Zoning Applications", "county": "Hillsborough", "meeting_body": "Hillsborough DSD Zoning Hearing", "meeting_date": "2026-10-05", "title": "Zoning application VAR 26-1381 (Variance)", "summary": "Folio 17074.0500", "plain": "Variance \u2014 location not stated in item, Hillsborough County Zoning Applications", "link": "https://experience.arcgis.com/experience/870491f64f9744dca53c9f54ed4b7407", "project_type": "variance", "multifamily": false, "address": null, "parcel": null, "status": "upcoming", "first_seen": "2026-08-29", "units": null, "acres": null, "score": 1}}, {"type": "Feature", "geometry": {"type": "Point", "coordinates": [-82.50411313737827, 28.096904751354483]}, "properties": {"id": "5de6919449efa554", "source": "hillsborough-dev-tracker", "jurisdiction": "Hillsborough County Zoning Applications", "county": "Hillsborough", "meeting_body": "Hillsborough DSD Zoning Hearing", "meeting_date": "2026-10-05", "title": "Zoning application VAR 26-1382 (Variance)", "summary": "Folio 16353.0700", "plain": "Variance \u2014 location not stated in item, Hillsborough County Zoning Applications", "link": "https://experience.arcgis.com/experience/870491f64f9744dca53c9f54ed4b7407", "project_type": "variance", "multifamily": false, "address": null, "parcel": null, "status": "upcoming", "first_seen": "2026-08-29", "units": null, "acres": null, "score": 1}}, {"type": "Feature", "geometry": {"type": "Point", "coordinates": [-82.51023870344109, 28.136327652357238]}, "properties": {"id": "69d002d9aece9d51", "source": "hillsborough-dev-tracker", "jurisdiction": "Hillsborough County Zoning Applications", "county": "Hillsborough", "meeting_body": "Hillsborough DSD Zoning Hearing", "meeting_date": "2026-10-05", "title": "Zoning application VAR 26-1389 (Variance)", "summary": "Folio 14525.2852", "plain": "Variance \u2014 location not stated in item, Hillsborough County Zoning Applications", "link": "https://experience.arcgis.com/experience/870491f64f9744dca53c9f54ed4b7407", "project_type": "variance", "multifamily": false, "address": null, "parcel": null, "status": "upcoming", "first_seen": "2026-08-29", "units": null, "acres": null, "score": 1}}, {"type": "Feature", "geometry": {"type": "Point", "coordinates": [-82.64167911562986, 28.03398144868182]}, "properties": {"id": "3d2f34c50778c7f4", "source": "hillsborough-dev-tracker", "jurisdiction": "Hillsborough County Zoning Applications", "county": "Hillsborough", "meeting_body": "Hillsborough DSD Zoning Hearing", "meeting_date": "2026-10-05", "title": "Zoning application VAR 26-1388 (Variance)", "summary": "Folio 4257.5644", "plain": "Variance \u2014 location not stated in item, Hillsborough County Zoning Applications", "link": "https://experience.arcgis.com/experience/870491f64f9744dca53c9f54ed4b7407", "project_type": "variance", "multifamily": false, "address": null, "parcel": null, "status": "upcoming", "first_seen": "2026-08-29", "units": null, "acres": null, "score": 1}}, {"type": "Feature", "geometry": {"type": "Point", "coordinates": [-82.5771717600746, 28.14929354332877]}, "properties": {"id": "3343040136f49eb7", "source": "hillsborough-dev-tracker", "jurisdiction": "Hillsborough County Zoning Applications", "county": "Hillsborough", "meeting_body": "Hillsborough DSD Zoning Hearing", "meeting_date": "2026-10-05", "title": "Zoning application VAR 26-1391 (Variance)", "summary": "Folio 837.0000", "plain": "Variance \u2014 location not stated in item, Hillsborough County Zoning Applications", "link": "https://experience.arcgis.com/experience/870491f64f9744dca53c9f54ed4b7407", "project_type": "variance", "multifamily": false, "address": null, "parcel": null, "status": "upcoming", "first_seen": "2026-08-29", "units": null, "acres": null, "score": 1}}, {"type": "Feature", "geometry": {"type": "Point", "coordinates": [-82.30120484311514, 27.866409645029773]}, "properties": {"id": "48ef0d1275c16a7a", "source": "hillsborough-dev-tracker", "jurisdiction": "Hillsborough County Zoning Applications", "county": "Hillsborough", "meeting_body": "Hillsborough DSD Zoning Hearing", "meeting_date": "2026-11-09", "title": "Zoning application VAR 26-1399 (Variance)", "summary": "Folio 74953.0020", "plain": "Variance \u2014 location not stated in item, Hillsborough County Zoning Applications", "link": "https://experience.arcgis.com/experience/870491f64f9744dca53c9f54ed4b7407", "project_type": "variance", "multifamily": false, "address": null, "parcel": null, "status": "upcoming", "first_seen": "2026-08-29", "units": null, "acres": null, "score": 1}}, {"type": "Feature", "geometry": {"type": "Point", "coordinates": [-82.428179336134, 27.735772876350957]}, "properties": {"id": "f3b1788f55ee9998", "source": "hillsborough-dev-tracker", "jurisdiction": "Hillsborough County Zoning Applications", "county": "Hillsborough", "meeting_body": "Hillsborough DSD Zoning Hearing", "meeting_date": "2026-10-05", "title": "Zoning application VAR 26-1412 (Variance)", "summary": "Folio 54226.0000", "plain": "Variance \u2014 location not stated in item, Hillsborough County Zoning Applications", "link": "https://experience.arcgis.com/experience/870491f64f9744dca53c9f54ed4b7407", "project_type": "variance", "multifamily": false, "address": null, "parcel": null, "status": "upcoming", "first_seen": "2026-08-29", "units": null, "acres": null, "score": 1}}, {"type": "Feature", "geometry": {"type": "Point", "coordinates": [-82.17238517215308, 27.85578617695025]}, "properties": {"id": "cf693b40687b713c", "source": "hillsborough-dev-tracker", "jurisdiction": "Hillsborough County Zoning Applications", "county": "Hillsborough", "meeting_body": "Hillsborough DSD Zoning Hearing", "meeting_date": "2026-10-05", "title": "Zoning application VAR 26-1413 (Variance)", "summary": "Folio 88111.0025", "plain": "Variance \u2014 location not stated in item, Hillsborough County Zoning Applications", "link": "https://experience.arcgis.com/experience/870491f64f9744dca53c9f54ed4b7407", "project_type": "variance", "multifamily": false, "address": null, "parcel": null, "status": "upcoming", "first_seen": "2026-08-29", "units": null, "acres": null, "score": 1}}, {"type": "Feature", "geometry": {"type": "Point", "coordinates": [-82.30024955911111, 27.93637007460143]}, "properties": {"id": "9961d629997fd19e", "source": "hillsborough-dev-tracker", "jurisdiction": "Hillsborough County Zoning Applications", "county": "Hillsborough", "meeting_body": "Hillsborough DSD Zoning Hearing", "meeting_date": "2026-11-09", "title": "Zoning application VAR 26-1421 (Variance)", "summary": "Folio 71531.0100", "plain": "Variance \u2014 location not stated in item, Hillsborough County Zoning Applications", "link": "https://experience.arcgis.com/experience/870491f64f9744dca53c9f54ed4b7407", "project_type": "variance", "multifamily": false, "address": null, "parcel": null, "status": "upcoming", "first_seen": "2026-08-29", "units": null, "acres": null, "score": 1}}, {"type": "Feature", "geometry": {"type": "Point", "coordinates": [-82.37158235608278, 27.71306693505891]}, "properties": {"id": "d92271330bfe843a", "source": "hillsborough-dev-tracker", "jurisdiction": "Hillsborough County Zoning Applications", "county": "Hillsborough", "meeting_body": "Hillsborough DSD Zoning Hearing", "meeting_date": "2026-11-09", "title": "Zoning application VAR 26-1439 (Variance)", "summary": "Folio 56776.1000", "plain": "Variance \u2014 location not stated in item, Hillsborough County Zoning Applications", "link": "https://experience.arcgis.com/experience/870491f64f9744dca53c9f54ed4b7407", "project_type": "variance", "multifamily": false, "address": null, "parcel": null, "status": "upcoming", "first_seen": "2026-08-29", "units": null, "acres": null, "score": 1}}, {"type": "Feature", "geometry": {"type": "Point", "coordinates": [-82.44552211375176, 28.05557409096017]}, "properties": {"id": "2dc43a7030cad31f", "source": "hillsborough-dev-tracker", "jurisdiction": "Hillsborough County Zoning Applications", "county": "Hillsborough", "meeting_body": "Hillsborough DSD Zoning Hearing", "meeting_date": "2026-10-19", "title": "Zoning application RZ-STD 26-1433 (Standard Rezoning)", "summary": "Folio 36032.0000, 36033.0000", "plain": "Rezoning \u2014 location not stated in item, Hillsborough County Zoning Applications", "link": "https://experience.arcgis.com/experience/870491f64f9744dca53c9f54ed4b7407", "project_type": "rezoning", "multifamily": false, "address": null, "parcel": null, "status": "upcoming", "first_seen": "2026-08-29", "units": null, "acres": null, "score": 2}}, {"type": "Feature", "geometry": {"type": "Point", "coordinates": [-82.3237761258062, 27.681380458156113]}, "properties": {"id": "dcbff684ff9dc775", "source": "hillsborough-dev-tracker", "jurisdiction": "Hillsborough County Zoning Applications", "county": "Hillsborough", "meeting_body": "Hillsborough DSD Zoning Hearing", "meeting_date": "2026-10-19", "title": "Zoning application RZ-STD 26-1434 (Standard Rezoning)", "summary": "Folio 79670.7842", "plain": "Rezoning \u2014 location not stated in item, Hillsborough County Zoning Applications", "link": "https://experience.arcgis.com/experience/870491f64f9744dca53c9f54ed4b7407", "project_type": "rezoning", "multifamily": false, "address": null, "parcel": null, "status": "upcoming", "first_seen": "2026-08-29", "units": null, "acres": null, "score": 2}}, {"type": "Feature", "geometry": {"type": "Point", "coordinates": [-82.2973914026033, 28.074218157391595]}, "properties": {"id": "e42d1409f6569c51", "source": "hillsborough-dev-tracker", "jurisdiction": "Hillsborough County Zoning Applications", "county": "Hillsborough", "meeting_body": "Hillsborough DSD Zoning Hearing", "meeting_date": "2026-10-19", "title": "Zoning application RZ-STD 26-1438 (Standard Rezoning)", "summary": "Folio 59834.0010", "plain": "Rezoning \u2014 location not stated in item, Hillsborough County Zoning Applications", "link": "https://experience.arcgis.com/experience/870491f64f9744dca53c9f54ed4b7407", "project_type": "rezoning", "multifamily": false, "address": null, "parcel": null, "status": "upcoming", "first_seen": "2026-08-29", "units": null, "acres": null, "score": 2}}, {"type": "Feature", "geometry": {"type": "Point", "coordinates": [-82.30579561744506, 27.87320240000756]}, "properties": {"id": "84fda025e132ddef", "source": "hillsborough-dev-tracker", "jurisdiction": "Hillsborough County Zoning Applications", "county": "Hillsborough", "meeting_body": "Hillsborough DSD Zoning Hearing", "meeting_date": "2026-10-19", "title": "Zoning application RZ-STD 26-1442 (Standard Rezoning)", "summary": "Folio 75080.0000", "plain": "Rezoning \u2014 location not stated in item, Hillsborough County Zoning Applications", "link": "https://experience.arcgis.com/experience/870491f64f9744dca53c9f54ed4b7407", "project_type": "rezoning", "multifamily": false, "address": null, "parcel": null, "status": "upcoming", "first_seen": "2026-08-29", "units": null, "acres": null, "score": 2}}, {"type": "Feature", "geometry": {"type": "Point", "coordinates": [-82.21409195709555, 28.023124114934934]}, "properties": {"id": "9ece798215e91782", "source": "hillsborough-dev-tracker", "jurisdiction": "Hillsborough County Zoning Applications", "county": "Hillsborough", "meeting_body": "Hillsborough DSD Zoning Hearing", "meeting_date": "2026-11-09", "title": "Zoning application VAR 26-1443 (Variance)", "summary": "Folio 82641.0000", "plain": "Variance \u2014 location not stated in item, Hillsborough County Zoning Applications", "link": "https://experience.arcgis.com/experience/870491f64f9744dca53c9f54ed4b7407", "project_type": "variance", "multifamily": false, "address": null, "parcel": null, "status": "upcoming", "first_seen": "2026-09-02", "units": null, "acres": null, "score": 1}}, {"type": "Feature", "geometry": {"type": "Point", "coordinates": [-82.63140302948275, 28.136138321529437]}, "properties": {"id": "b64805d4c225f8aa", "source": "hillsborough-dev-tracker", "jurisdiction": "Hillsborough County Zoning Applications", "county": "Hillsborough", "meeting_body": "Hillsborough DSD Zoning Hearing", "meeting_date": "2026-11-09", "title": "Zoning application VAR 26-1448 (Variance)", "summary": "Folio 1521.0150", "plain": "Variance \u2014 location not stated in item, Hillsborough County Zoning Applications", "link": "https://experience.arcgis.com/experience/870491f64f9744dca53c9f54ed4b7407", "project_type": "variance", "multifamily": false, "address": null, "parcel": null, "status": "upcoming", "first_seen": "2026-09-02", "units": null, "acres": null, "score": 1}}, {"type": "Feature", "geometry": {"type": "Point", "coordinates": [-82.430201516166, 27.956574529435]}, "properties": {"id": "a352910b183a2a08", "source": "tampa", "jurisdiction": "City of Tampa", "county": "Hillsborough", "meeting_body": "Council Evening", "meeting_date": "2026-08-20", "title": "File No. REZ-26-42", "summary": "Public Hearing on application of Ybor Land LLC request to rezone property generally located at 2701 East 2nd Avenue (other properties listed on certified application) from IH to PD-A (All Residential Types, All CI Uses, Recycling Materials and Goods). (Ordinance being presented for first reading consideration) - An ordinance rezoning a total of 16 parcels, consisting of \u00b1 24.83 acres located gener", "plain": "Rezoning \u00b7 24.83 ac \u2014 at 2701 East 2nd Avenue, Tampa", "link": "https://tampagov.hylandcloud.com/251agendaonline/Meetings/ViewMeetingAgendaItem?meetingId=2954&itemId=26392&isSection=False&type=agenda", "project_type": "rezoning", "multifamily": false, "address": "2701 East 2nd Avenue", "parcel": null, "status": "heard", "first_seen": "2026-08-15", "units": null, "acres": 24.83, "score": 2}}, {"type": "Feature", "geometry": {"type": "Point", "coordinates": [-82.459312475761, 28.053878368679]}, "properties": {"id": "f0ddc502c7eee60c", "source": "tampa", "jurisdiction": "City of Tampa", "county": "Hillsborough", "meeting_body": "Council Evening", "meeting_date": "2026-08-20", "title": "File No. REZ-26-48", "summary": "Public Hearing on application of Spring Engineering, Inc., request to rezone property generally located at 11607 & 11613 North Florida Avenue from CI to PD (Vehicle Sales and Leasing & Minor and Major Vehicle Repair). (Ordinance being presented for first reading consideration) - An ordinance rezoning property in the general vicinity of 11607 & 11613 North Florida Avenue, in the city of Tampa, Flor", "plain": "Rezoning \u2014 at 11613 North Florida Avenue, Tampa", "link": "https://tampagov.hylandcloud.com/251agendaonline/Meetings/ViewMeetingAgendaItem?meetingId=2954&itemId=25965&isSection=False&type=agenda", "project_type": "rezoning", "multifamily": false, "address": "11613 North Florida Avenue", "parcel": null, "status": "heard", "first_seen": "2026-08-15", "units": null, "acres": null, "score": 1}}, {"type": "Feature", "geometry": {"type": "Point", "coordinates": [-82.484995214477, 27.944887540851]}, "properties": {"id": "e303c61b2174d3a1", "source": "tampa", "jurisdiction": "City of Tampa", "county": "Hillsborough", "meeting_body": "Council Evening", "meeting_date": "2026-08-20", "title": "File No. REZ-26-55", "summary": "Public Hearing on application of Global Engineering request to rezone property generally located at 107 North Armenia Avenue from CG to PD (Business Professional Office and all CG uses). (Ordinance being presented for first reading consideration) - An ordinance rezoning property in the general vicinity of 107 North Armenia Avenue, in the city of Tampa, Florida, and more particularly described in S", "plain": "Rezoning \u2014 at 107 North Armenia Avenue, Tampa", "link": "https://tampagov.hylandcloud.com/251agendaonline/Meetings/ViewMeetingAgendaItem?meetingId=2954&itemId=25966&isSection=False&type=agenda", "project_type": "rezoning", "multifamily": false, "address": "107 North Armenia Avenue", "parcel": null, "status": "heard", "first_seen": "2026-08-15", "units": null, "acres": null, "score": 1}}, {"type": "Feature", "geometry": {"type": "Point", "coordinates": [-82.476084698744, 28.002927086743]}, "properties": {"id": "39e9796d5a1717eb", "source": "tampa", "jurisdiction": "City of Tampa", "county": "Hillsborough", "meeting_body": "Council Evening", "meeting_date": "2026-08-20", "title": "File No. REZ-26-57", "summary": "Public Hearing on application of Daniel R. Sefair request to rezone property generally located at 6111 North Rome Avenue from RS-50 to PD (Residential Single-Family Detached and Attached). (Ordinance being presented for first reading consideration) - An ordinance rezoning property in the general vicinity of 6111 North Rome Avenue, in the city of Tampa, Florida, and more particularly described in S", "plain": "Rezoning \u2014 at 6111 North Rome Avenue, Tampa", "link": "https://tampagov.hylandcloud.com/251agendaonline/Meetings/ViewMeetingAgendaItem?meetingId=2954&itemId=25968&isSection=False&type=agenda", "project_type": "rezoning", "multifamily": false, "address": "6111 North Rome Avenue", "parcel": null, "status": "heard", "first_seen": "2026-08-15", "units": null, "acres": null, "score": 1}}, {"type": "Feature", "geometry": {"type": "Point", "coordinates": [-82.436226213488, 27.943766466245]}, "properties": {"id": "f02771995a32ad6d", "source": "tampa", "jurisdiction": "City of Tampa", "county": "Hillsborough", "meeting_body": "Council Evening", "meeting_date": "2026-08-20", "title": "File No. REZ-26-67", "summary": "Public Hearing on application of Javan Ortiz request to rezone property generally located at 2016 & 2018 Grant Street from PD to CG. (Ordinance being presented for first reading consideration) - An ordinance rezoning property in the general vicinity of 2016 & 2018 Grant Street, in the city of Tampa, Florida, and more particularly described in Section 1, from zoning district classification PD (Plan", "plain": "Rezoning \u2014 at 2018 Grant Street, Tampa", "link": "https://tampagov.hylandcloud.com/251agendaonline/Meetings/ViewMeetingAgendaItem?meetingId=2954&itemId=25969&isSection=False&type=agenda", "project_type": "rezoning", "multifamily": false, "address": "2018 Grant Street", "parcel": null, "status": "heard", "first_seen": "2026-08-15", "units": null, "acres": null, "score": 1}}, {"type": "Feature", "geometry": {"type": "Point", "coordinates": [-82.396528015512, 27.963226144321]}, "properties": {"id": "14cdc1564951940c", "source": "tampa", "jurisdiction": "City of Tampa", "county": "Hillsborough", "meeting_body": "Council Evening", "meeting_date": "2026-08-20", "title": "File No. REZ-26-75", "summary": "Public Hearing on application of KLA Properties II LLC request to rezone property generally located at 5250 East Broadway Avenue from PD to PD (Warehouse/All CI Uses and Accessory Open Storage). (Ordinance being presented for first reading consideration) - An ordinance rezoning property in the general vicinity of 5250 East Broadway Avenue, in the city of Tampa, Florida, and more particularly descr", "plain": "Rezoning \u2014 at 5250 East Broadway Avenue, Tampa", "link": "https://tampagov.hylandcloud.com/251agendaonline/Meetings/ViewMeetingAgendaItem?meetingId=2954&itemId=25970&isSection=False&type=agenda", "project_type": "rezoning", "multifamily": false, "address": "5250 East Broadway Avenue", "parcel": null, "status": "heard", "first_seen": "2026-08-15", "units": null, "acres": null, "score": 1}}, {"type": "Feature", "geometry": {"type": "Point", "coordinates": [-82.473364134234, 27.981586774089]}, "properties": {"id": "08b3aa74e4c92dc0", "source": "tampa", "jurisdiction": "City of Tampa", "county": "Hillsborough", "meeting_body": "Council Evening", "meeting_date": "2026-08-20", "title": "File No. REZ-26-77", "summary": "Public Hearing on application of RRT East LLC request to rezone property generally located at 4001 North Riverside Drive from SH-CG to SH-PD (Professional Residential Treatment Facility). (Ordinance being presented for first reading consideration) - An ordinance rezoning property in the general vicinity of 4001 North Riverside Drive, in the city of Tampa, Florida, and more particularly described i", "plain": "Rezoning \u2014 at 4001 North Riverside Drive, Tampa", "link": "https://tampagov.hylandcloud.com/251agendaonline/Meetings/ViewMeetingAgendaItem?meetingId=2954&itemId=25971&isSection=False&type=agenda", "project_type": "rezoning", "multifamily": false, "address": "4001 North Riverside Drive", "parcel": null, "status": "heard", "first_seen": "2026-08-15", "units": null, "acres": null, "score": 1}}, {"type": "Feature", "geometry": {"type": "Point", "coordinates": [-82.459381603811, 27.960478882219]}, "properties": {"id": "869b9046b1999b0f", "source": "tampa", "jurisdiction": "City of Tampa", "county": "Hillsborough", "meeting_body": "Council Evening", "meeting_date": "2026-08-20", "title": "File No. REZ-26-47", "summary": "Continued Public Hearing from July 23, 2026 on application of LC-Heights JV LLC request to rezone property generally located at 1701 North Florida Avenue and 207 East 7th Avenue from PD & RM-24 to PD (Storefront: Residential/All CG Uses; Residential Multiple Family, Commercial Parking) (Ordinance being presented for first reading consideration) - An ordinance rezoning property in the general vicin", "plain": "Rezoning \u2014 at 1701 North Florida Avenue, Tampa", "link": "https://tampagov.hylandcloud.com/251agendaonline/Meetings/ViewMeetingAgendaItem?meetingId=2954&itemId=26220&isSection=False&type=agenda", "project_type": "rezoning", "multifamily": false, "address": "1701 North Florida Avenue", "parcel": null, "status": "heard", "first_seen": "2026-08-15", "units": null, "acres": null, "score": 1}}, {"type": "Feature", "geometry": {"type": "Point", "coordinates": [-82.514429737898, 27.919783518106]}, "properties": {"id": "a1195d1f68ada04e", "source": "tampa", "jurisdiction": "City of Tampa", "county": "Hillsborough", "meeting_body": "Council Evening", "meeting_date": "2026-08-20", "title": "File No. REZ-26-41", "summary": "Public Hearing on application of Global Engineering request to rezone property generally located at 4206 & 4208 West Bay to Bay Boulevard and 4201 & 4205 West Santiago Street from CG and RS-60 to PD (Medical Office, All CG Uses and all RS-60 uses).", "plain": "Rezoning \u2014 at 4208 West Bay to Bay Boulevard, Tampa", "link": "https://tampagov.hylandcloud.com/251agendaonline/Meetings/ViewMeetingAgendaItem?meetingId=2954&itemId=25964&isSection=False&type=agenda", "project_type": "rezoning", "multifamily": false, "address": "4208 West Bay to Bay Boulevard", "parcel": null, "status": "heard", "first_seen": "2026-08-15", "units": null, "acres": null, "score": 1}}, {"type": "Feature", "geometry": {"type": "Point", "coordinates": [-82.50555082614, 27.977915290862]}, "properties": {"id": "8a4b2ba55b959348", "source": "tampa", "jurisdiction": "City of Tampa", "county": "Hillsborough", "meeting_body": "Council Evening", "meeting_date": "2026-07-23", "title": "File No. TA/CPA 26-03", "summary": "Transmittal Public Hearing on a publicly initiated map amendment to the Future Land Use Element, Future Land Use Map, for the property located at 4002 North Dale Mabry Highway and 4014 and 4100 West Dr. Martin Luther King Jr. Boulevard.", "plain": "Land-use change \u2014 at 4002 North Dale Mabry Highway, Tampa", "link": "https://tampagov.hylandcloud.com/251agendaonline/Meetings/ViewMeetingAgendaItem?meetingId=2892&itemId=25691&isSection=False&type=agenda", "project_type": "land-use", "multifamily": false, "address": "4002 North Dale Mabry Highway", "parcel": null, "status": "heard", "first_seen": "2026-07-18", "units": null, "acres": null, "score": 1}}, {"type": "Feature", "geometry": {"type": "Point", "coordinates": [-82.435753744565, 28.032506237121]}, "properties": {"id": "fa60629ae047e9bb", "source": "tampa", "jurisdiction": "City of Tampa", "county": "Hillsborough", "meeting_body": "Council Evening", "meeting_date": "2026-07-23", "title": "File No. REZ-26-10", "summary": "Public Hearing on application of Aileen Rosario request to rezone property generally located at 2111 East Busch Boulevard from CG to CI. (Ordinance being presented for first reading consideration) - An ordinance rezoning property in the general vicinity of 2111 East Busch Boulevard, in the city of Tampa, Florida, and more particularly described in Section 1, from zoning district classification CG ", "plain": "Rezoning \u2014 at 2111 East Busch Boulevard, Tampa", "link": "https://tampagov.hylandcloud.com/251agendaonline/Meetings/ViewMeetingAgendaItem?meetingId=2892&itemId=25596&isSection=False&type=agenda", "project_type": "rezoning", "multifamily": false, "address": "2111 East Busch Boulevard", "parcel": null, "status": "heard", "first_seen": "2026-07-18", "units": null, "acres": null, "score": 1}}, {"type": "Feature", "geometry": {"type": "Point", "coordinates": [-82.476899530785, 27.946789857207]}, "properties": {"id": "c2b5ae011cf8f66b", "source": "tampa", "jurisdiction": "City of Tampa", "county": "Hillsborough", "meeting_body": "Council Evening", "meeting_date": "2026-07-23", "title": "File No. REZ-26-12", "summary": "Public Hearing on application of Stacey Wellnitz request to rezone property generally located at 1704 West North B Street, 202, 220 and 210 North Rome Ave, and 1701 and 1711 West North A Street from IG to CI. (Ordinance being presented for first reading consideration) - An ordinance rezoning property in the general vicinity of 1704 West North B Street, 202, 220 and 210 North Rome Avenue, 1701 and ", "plain": "Rezoning \u2014 at 1704 West North B Street, Tampa", "link": "https://tampagov.hylandcloud.com/251agendaonline/Meetings/ViewMeetingAgendaItem?meetingId=2892&itemId=25598&isSection=False&type=agenda", "project_type": "rezoning", "multifamily": false, "address": "1704 West North B Street", "parcel": null, "status": "heard", "first_seen": "2026-07-18", "units": null, "acres": null, "score": 1}}, {"type": "Feature", "geometry": {"type": "Point", "coordinates": [-82.478172138145, 27.965120229909]}, "properties": {"id": "156d48318a6488de", "source": "tampa", "jurisdiction": "City of Tampa", "county": "Hillsborough", "meeting_body": "Council Evening", "meeting_date": "2026-07-23", "title": "File No. REZ-26-14", "summary": "Public Hearing on application of Kshitij S. Sherard request to rezone property generally located at 1732 W Saint Louis Street from RS-50 to PD (Residential Single-Family Semi-Detached). (Ordinance being presented for first reading consideration) - An ordinance rezoning property in the general vicinity of 1732 West Saint Louis Street, in the city of Tampa, Florida, and more particularly described i", "plain": "Rezoning \u2014 at 1732 W Saint Louis Street, Tampa", "link": "https://tampagov.hylandcloud.com/251agendaonline/Meetings/ViewMeetingAgendaItem?meetingId=2892&itemId=25599&isSection=False&type=agenda", "project_type": "rezoning", "multifamily": false, "address": "1732 W Saint Louis Street", "parcel": null, "status": "heard", "first_seen": "2026-07-18", "units": null, "acres": null, "score": 1}}, {"type": "Feature", "geometry": {"type": "Point", "coordinates": [-82.486368987347, 27.944711463436]}, "properties": {"id": "fa54b035ee200d8b", "source": "tampa", "jurisdiction": "City of Tampa", "county": "Hillsborough", "meeting_body": "Council Evening", "meeting_date": "2026-07-23", "title": "File No. REZ-26-23", "summary": "Public Hearing on application of Global Engineering request to rezone property generally located at 104 South Tampania Avenue and 2522 West Kennedy Boulevard from PD to PD (Planned Development, Business, Professional and Medical Office). (Ordinance being presented for first reading consideration) - An ordinance rezoning property in the general vicinity of 104 South Tampania Avenue and 2522 West Ke", "plain": "Rezoning \u2014 at 104 South Tampania Avenue, Tampa", "link": "https://tampagov.hylandcloud.com/251agendaonline/Meetings/ViewMeetingAgendaItem?meetingId=2892&itemId=25601&isSection=False&type=agenda", "project_type": "rezoning", "multifamily": false, "address": "104 South Tampania Avenue", "parcel": null, "status": "heard", "first_seen": "2026-07-18", "units": null, "acres": null, "score": 1}}, {"type": "Feature", "geometry": {"type": "Point", "coordinates": [-82.480984449979, 27.944910440285]}, "properties": {"id": "e0d3c841de2aaae2", "source": "tampa", "jurisdiction": "City of Tampa", "county": "Hillsborough", "meeting_body": "Council Evening", "meeting_date": "2026-07-23", "title": "File No. REZ-26-31", "summary": "Public Hearing on application of Local Tampa Kennedy LLC request to rezone property generally located at 106, 108, 110, 112 North Albany Ave; 108 North Albany Ave, Unit 1 & 2; 2101, 2117, 2121 W. Kennedy Blvd, 105 & 107 North Westland Ave; 2110 West North A St from PD to PD (Storefront, Residential/All CG Uses; Residential, Multiple-Family). (Ordinance being presented for first reading considerati", "plain": "Rezoning \u2014 at 112 North Albany Ave, Tampa", "link": "https://tampagov.hylandcloud.com/251agendaonline/Meetings/ViewMeetingAgendaItem?meetingId=2892&itemId=25603&isSection=False&type=agenda", "project_type": "rezoning", "multifamily": false, "address": "112 North Albany Ave", "parcel": null, "status": "heard", "first_seen": "2026-07-18", "units": null, "acres": null, "score": 1}}, {"type": "Feature", "geometry": {"type": "Point", "coordinates": [-82.426516492287, 27.991636448356]}, "properties": {"id": "2025e94c8c8c3924", "source": "tampa", "jurisdiction": "City of Tampa", "county": "Hillsborough", "meeting_body": "Council Evening", "meeting_date": "2026-07-23", "title": "File No. REZ-26-43", "summary": "Public Hearin g on application of Melton Davis request to rezone property generally located at 5024 North 30th Street from RS-50 to IG. (Ordinance being presented for first reading consideration) - An ordinance rezoning property in the general vicinity of 5024 North 30th Street in the city of Tampa, Florida, and more particularly described in Section 1, from zoning district classification RS-50 (R", "plain": "Rezoning \u2014 at 5024 North 30th Street, Tampa", "link": "https://tampagov.hylandcloud.com/251agendaonline/Meetings/ViewMeetingAgendaItem?meetingId=2892&itemId=25604&isSection=False&type=agenda", "project_type": "rezoning", "multifamily": false, "address": "5024 North 30th Street", "parcel": null, "status": "heard", "first_seen": "2026-07-18", "units": null, "acres": null, "score": 1}}, {"type": "Feature", "geometry": {"type": "Point", "coordinates": [-82.432055793647, 27.947297668512]}, "properties": {"id": "9517734c7ddfb0cf", "source": "tampa", "jurisdiction": "City of Tampa", "county": "Hillsborough", "meeting_body": "Council Evening", "meeting_date": "2026-07-23", "title": "File No. REZ-26-45", "summary": "Public Hearing on application of Juan Vasquez request to rezone property generally located at 2404 and 2408 Stuart Street from PD to RS-50 & PD (Planned Development, Place of Religious Assembly and Residential, Single-Family Detached). (Ordinance being presented for first reading consideration) - An ordinance rezoning property in the general vicinity of 2404 and 2408 Stuart Street, in the city of ", "plain": "Rezoning \u2014 at 2404 and 2408 Stuart Street, Tampa", "link": "https://tampagov.hylandcloud.com/251agendaonline/Meetings/ViewMeetingAgendaItem?meetingId=2892&itemId=25605&isSection=False&type=agenda", "project_type": "rezoning", "multifamily": false, "address": "2404 and 2408 Stuart Street", "parcel": null, "status": "heard", "first_seen": "2026-07-18", "units": null, "acres": null, "score": 1}}, {"type": "Feature", "geometry": {"type": "Point", "coordinates": [-82.459381603811, 27.960478882219]}, "properties": {"id": "cef01d0700edda86", "source": "tampa", "jurisdiction": "City of Tampa", "county": "Hillsborough", "meeting_body": "Council Evening", "meeting_date": "2026-07-23", "title": "File No. REZ-26-47", "summary": "Public Hearing on application of LC-Heights JV LLC request to rezone property generally located at 1701 North Florida Avenue and 207 East 7th Avenue from PD & RM-24 to PD (Storefront: Residential/All CG Uses; Residential Multiple Family, Commercial Parking) (Ordinance being presented for first reading consideration) - An ordinance rezoning property in the general vicinity of 1701 North Florida Ave", "plain": "Rezoning \u2014 at 1701 North Florida Avenue, Tampa", "link": "https://tampagov.hylandcloud.com/251agendaonline/Meetings/ViewMeetingAgendaItem?meetingId=2892&itemId=25606&isSection=False&type=agenda", "project_type": "rezoning", "multifamily": false, "address": "1701 North Florida Avenue", "parcel": null, "status": "heard", "first_seen": "2026-07-18", "units": null, "acres": null, "score": 1}}, {"type": "Feature", "geometry": {"type": "Point", "coordinates": [-82.47718431231, 28.051057737347]}, "properties": {"id": "87bcd71572b8cc79", "source": "tampa", "jurisdiction": "City of Tampa", "county": "Hillsborough", "meeting_body": "Council Evening", "meeting_date": "2026-07-23", "title": "File No. REZ-26-56", "summary": "Public Hearing on application of Raul Riano request to rezone property generally located at 1715 W Overpar Drive from RS-100 to RS-50. (Ordinance being presented for first reading consideration) - An ordinance rezoning property in the general vicinity of 1715 West Overpar Drive, in the city of Tampa, Florida, and more particularly described in Section 1, from zoning district classification(s) RS-1", "plain": "Rezoning \u2014 at 1715 W Overpar Drive, Tampa", "link": "https://tampagov.hylandcloud.com/251agendaonline/Meetings/ViewMeetingAgendaItem?meetingId=2892&itemId=25607&isSection=False&type=agenda", "project_type": "rezoning", "multifamily": false, "address": "1715 W Overpar Drive", "parcel": null, "status": "heard", "first_seen": "2026-07-18", "units": null, "acres": null, "score": 1}}, {"type": "Feature", "geometry": {"type": "Point", "coordinates": [-82.459371393875, 27.97254682617]}, "properties": {"id": "8c4a691fe2362ed9", "source": "tampa", "jurisdiction": "City of Tampa", "county": "Hillsborough", "meeting_body": "Council Evening", "meeting_date": "2026-07-23", "title": "File No. REZ-25-116", "summary": "Continued Public Hearing from May 14, 2026 on application of Isabelle Albert request to rezone property generally located at 3101 N. Florida Avenue from CI to PD (Storefront Residential/Commercial All CN Uses). (Ordinance being presented for first reading consideration) - An ordinance rezoning property in the general vicinity of 3101 North Florida Avenue, in the city of Tampa, Florida, and more pa", "plain": "Rezoning \u2014 at 3101 N. Florida Avenue, Tampa", "link": "https://tampagov.hylandcloud.com/251agendaonline/Meetings/ViewMeetingAgendaItem?meetingId=2892&itemId=24196&isSection=False&type=agenda", "project_type": "rezoning", "multifamily": false, "address": "3101 N. Florida Avenue", "parcel": null, "status": "heard", "first_seen": "2026-07-18", "units": null, "acres": null, "score": 1}}, {"type": "Feature", "geometry": {"type": "Point", "coordinates": [-82.499774096909, 27.944863125436]}, "properties": {"id": "9165e82731b66f73", "source": "tampa", "jurisdiction": "City of Tampa", "county": "Hillsborough", "meeting_body": "Council Evening", "meeting_date": "2026-07-23", "title": "File No. REZ-26-04", "summary": "Continued Public Hearing from May 14, 2026 on application of Clark Charlton Martino And Borders PA request to rezone property generally located at 3401 & 3407 W. Kennedy Blvd., 106 N. Glen Ave., 3402 & 3406 W. North A Street from RS-50, CG, & PD to PD (Medical Office & All CG Uses). (Ordinance being presented for first reading consideration) - An ordinance rezoning property in the general vicinity", "plain": "Rezoning \u2014 at 3407 W. Kennedy Blvd, Tampa", "link": "https://tampagov.hylandcloud.com/251agendaonline/Meetings/ViewMeetingAgendaItem?meetingId=2892&itemId=24197&isSection=False&type=agenda", "project_type": "rezoning", "multifamily": false, "address": "3407 W. Kennedy Blvd", "parcel": null, "status": "heard", "first_seen": "2026-07-18", "units": null, "acres": null, "score": 1}}, {"type": "Feature", "geometry": {"type": "Point", "coordinates": [-82.525025938856, 27.89230898463]}, "properties": {"id": "b09f28aa0e746c80", "source": "tampa", "jurisdiction": "City of Tampa", "county": "Hillsborough", "meeting_body": "Council Evening", "meeting_date": "2026-07-23", "title": "File No. REZ-26-20 (Will not be Heard; Mis-noticed)", "summary": "Public Hearing on application of Alex Rios request to rezone property generally located at 4710 W McElroy Avenue from RS-75 to PD (Planned Development, Residential, Single-Family Detached and Semi-Detached).", "plain": "Rezoning \u2014 at 4710 W McElroy Avenue, Tampa", "link": "https://tampagov.hylandcloud.com/251agendaonline/Meetings/ViewMeetingAgendaItem?meetingId=2892&itemId=25600&isSection=False&type=agenda", "project_type": "rezoning", "multifamily": false, "address": "4710 W McElroy Avenue", "parcel": null, "status": "heard", "first_seen": "2026-07-18", "units": null, "acres": null, "score": 1}}, {"type": "Feature", "geometry": {"type": "Point", "coordinates": [-82.453738702246, 27.953084909987]}, "properties": {"id": "7adc55002077cf8b", "source": "tampa", "jurisdiction": "City of Tampa", "county": "Hillsborough", "meeting_body": "CRA Regular", "meeting_date": "2026-07-23", "title": "File No. CRA26-24408", "summary": "Resolution of the Community Redevelopment Agency of the City of Tampa, Florida, approving the DOMO Cass Square Housing Development Grant Funding Agreement and Construction Agreement by and between said Community Redevelopment Agency (\u201cCRA\u201d) and Lot 10 Multifamily Owner, LLC (\u201cgrant recipient\u201d) to develop the property generally described as 1110 E Cass Street. Tampa, Florida (Domo Cass Square) as a", "plain": "Multifamily development item \u2014 at 1110 E Cass Street, Tampa", "link": "https://tampagov.hylandcloud.com/251agendaonline/Meetings/ViewMeetingAgendaItem?meetingId=2923&itemId=24408&isSection=False&type=agenda", "project_type": "other-development", "multifamily": true, "address": "1110 E Cass Street", "parcel": null, "status": "heard", "first_seen": "2026-07-18", "units": null, "acres": null, "score": 3}}, {"type": "Feature", "geometry": {"type": "Point", "coordinates": [-82.428109480032, 27.977440422388]}, "properties": {"id": "69a0d7b1d7356369", "source": "tampa", "jurisdiction": "City of Tampa", "county": "Hillsborough", "meeting_body": "CRA Regular", "meeting_date": "2026-07-23", "title": "File No. CRA26-25666", "summary": "Resolution of the Community Redevelopment Agency of the City of Tampa, Florida, approving the Heritage Heights Housing Development Grant Funding Agreement and Construction Agreement by and between said Community Redevelopment Agency (\u201cCRA\u201d) and Corporation to Develop Communities of Tampa, Inc. (\u201cgrant recipient\u201d) to develop the property generally described as 3706 N. 29th St, 3801 N. 29th St., 280", "plain": "Multifamily development item \u2014 at 3706 N. 29th St, Tampa", "link": "https://tampagov.hylandcloud.com/251agendaonline/Meetings/ViewMeetingAgendaItem?meetingId=2923&itemId=25666&isSection=False&type=agenda", "project_type": "other-development", "multifamily": true, "address": "3706 N. 29th St", "parcel": null, "status": "heard", "first_seen": "2026-07-18", "units": null, "acres": null, "score": 3}}, {"type": "Feature", "geometry": {"type": "Point", "coordinates": [-82.409835689021, 28.051658907164]}, "properties": {"id": "521bbebd5ca6a47c", "source": "tampa", "jurisdiction": "City of Tampa", "county": "Hillsborough", "meeting_body": "Council Evening", "meeting_date": "2026-06-25", "title": "File No. TA/CPA 25-20", "summary": "Public Hearing on a publicly initiated request for an amendment to the Tampa Comprehensive Plan which alters the specified land use classification for property located at 11315 North 46th Street; 4801, 4615, 4901 East Fowler Ave; 11302 North 50th Street; and folio numbers 140139.0000 and 140510.0000. (Ordinance being presented for first reading consideration) - An ordinance amending the Tampa Comp", "plain": "Multifamily land-use change \u2014 at 11315 North 46th Street, Tampa", "link": "https://tampagov.hylandcloud.com/251agendaonline/Meetings/ViewMeetingAgendaItem?meetingId=2891&itemId=25495&isSection=False&type=agenda", "project_type": "land-use", "multifamily": true, "address": "11315 North 46th Street", "parcel": null, "status": "heard", "first_seen": "2026-07-06", "units": null, "acres": null, "score": 4}}, {"type": "Feature", "geometry": {"type": "Point", "coordinates": [-82.450179046791, 27.959092077009]}, "properties": {"id": "4bfe002e9efcd72d", "source": "tampa", "jurisdiction": "City of Tampa", "county": "Hillsborough", "meeting_body": "Council Evening", "meeting_date": "2026-06-25", "title": "File No. TA/CPA 26-01", "summary": "Public Hearing on a publicly initiated request for an amendment to the Tampa Comprehensive Plan which alters the specified land use classification for property located at 1605 North Waters Court. (Ordinance being presented for first reading consideration) - An ordinance amending the Tampa Comprehensive Plan, Future Land Use Element, Future Land Use Map, for the property located at An ordinance ame", "plain": "Multifamily land-use change \u2014 at 1605 North Waters Court, Tampa", "link": "https://tampagov.hylandcloud.com/251agendaonline/Meetings/ViewMeetingAgendaItem?meetingId=2891&itemId=25499&isSection=False&type=agenda", "project_type": "land-use", "multifamily": true, "address": "1605 North Waters Court", "parcel": null, "status": "heard", "first_seen": "2026-07-06", "units": null, "acres": null, "score": 4}}, {"type": "Feature", "geometry": {"type": "Point", "coordinates": [-82.440404237811, 27.956628529683]}, "properties": {"id": "e847e72992dc1e70", "source": "tampa", "jurisdiction": "City of Tampa", "county": "Hillsborough", "meeting_body": "Council Evening", "meeting_date": "2026-06-25", "title": "File No. TA/CPA 26-02", "summary": "Public Hearing on a publicly initiated request for an amendment to the Tampa Comprehensive Plan which alters the specified land use classification for property located at 1701 East 2nd Avenue. (Ordinance being presented for first reading consideration) - An ordinance amending the Tampa Comprehensive Plan, Future Land Use Element, Future Land Use Map, for the property located at 1701 East 2nd Avenu", "plain": "Multifamily land-use change \u2014 at 1701 East 2nd Avenue, Tampa", "link": "https://tampagov.hylandcloud.com/251agendaonline/Meetings/ViewMeetingAgendaItem?meetingId=2891&itemId=25497&isSection=False&type=agenda", "project_type": "land-use", "multifamily": true, "address": "1701 East 2nd Avenue", "parcel": null, "status": "heard", "first_seen": "2026-07-06", "units": null, "acres": null, "score": 4}}, {"type": "Feature", "geometry": {"type": "Point", "coordinates": [-82.482069924667, 27.933794350337]}, "properties": {"id": "0962d8c12adb87c3", "source": "tampa", "jurisdiction": "City of Tampa", "county": "Hillsborough", "meeting_body": "Council Evening", "meeting_date": "2026-06-25", "title": "File No. AB2-26-08", "summary": "Public Hearing on application of 2105 W Morrison Ave LLC requesting a Special Use 2 for a Small Venue; Beer, Wine and Liquor (Consumption on Premises Only) generally located at 2105 W Morrison Ave. (Ordinance being presented for first reading consideration) - An ordinance approving a special use permit (SU-2) for Alcoholic Beverage Sales \u2013 Small Venue (Consumption On-Premises Only) and making lawf", "plain": "Special exception \u2014 at 2105 W Morrison Ave, Tampa", "link": "https://tampagov.hylandcloud.com/251agendaonline/Meetings/ViewMeetingAgendaItem?meetingId=2891&itemId=24403&isSection=False&type=agenda", "project_type": "special-exception", "multifamily": false, "address": "2105 W Morrison Ave", "parcel": null, "status": "heard", "first_seen": "2026-07-06", "units": null, "acres": null, "score": 0}}, {"type": "Feature", "geometry": {"type": "Point", "coordinates": [-82.4515958, 27.955505]}, "properties": {"id": "5a6f2850e37f64b5", "source": "tampa", "jurisdiction": "City of Tampa", "county": "Hillsborough", "meeting_body": "Council Evening", "meeting_date": "2026-06-25", "title": "File No. AB2-26-09", "summary": "Public Hearing on application of Encore Lot 12 Property Association Inc. requesting a Special Use 2 for a Large Venue; Beer, Wine and Liquor (Consumption on Premises and Package Sales Off Premises Consumption) generally located at 1281 Ray Charles Blvd. (Ordinance being presented for first reading consideration) - An ordinance approving a special use permit (SU-2) for Alcoholic Beverage Sales \u2013 La", "plain": "Special exception \u2014 at 1281 Ray Charles Blvd, Tampa", "link": "https://tampagov.hylandcloud.com/251agendaonline/Meetings/ViewMeetingAgendaItem?meetingId=2891&itemId=24405&isSection=False&type=agenda", "project_type": "special-exception", "multifamily": false, "address": "1281 Ray Charles Blvd", "parcel": null, "status": "heard", "first_seen": "2026-07-06", "units": null, "acres": null, "score": 0}}, {"type": "Feature", "geometry": {"type": "Point", "coordinates": [-82.445256470769, 27.958085458745]}, "properties": {"id": "54daefe46c1c1d5d", "source": "tampa", "jurisdiction": "City of Tampa", "county": "Hillsborough", "meeting_body": "Council Evening", "meeting_date": "2026-06-25", "title": "File No. AB2-26-14", "summary": "Public Hearing on application of KS Ybor Gateway East 2 Property requesting a Special Use 2 for a Large Venue; Beer, Wine and Liquor (Consumption on Premises and Package Sales Off Premises Consumption) generally located at 1301 E. 4th Ave, 1306 E 4th Ave, 1302 E 2nd Ave, and 1315 E. 5th Ave. (Ordinance being presented for first reading consideration) - An ordinance approving a special use permit (", "plain": "Special exception \u2014 at 1301 E. 4th Ave, Tampa", "link": "https://tampagov.hylandcloud.com/251agendaonline/Meetings/ViewMeetingAgendaItem?meetingId=2891&itemId=24406&isSection=False&type=agenda", "project_type": "special-exception", "multifamily": false, "address": "1301 E. 4th Ave", "parcel": null, "status": "heard", "first_seen": "2026-07-06", "units": null, "acres": null, "score": 0}}, {"type": "Feature", "geometry": {"type": "Point", "coordinates": [-82.493559091289, 27.9199895342]}, "properties": {"id": "efe37c62a34f3b32", "source": "tampa", "jurisdiction": "City of Tampa", "county": "Hillsborough", "meeting_body": "Council Evening", "meeting_date": "2026-06-25", "title": "File No. AB2-26-03", "summary": "Public Hearing on application of Palma Ceia Management LLC requesting a Special Use 2 for a Small Venue; Beer, Wine and Liquor (Consumption on Premises and Package Sales Off Premises Consumption) generally located at 2832 S. MacDill Ave. (Ordinance being presented for first reading consideration) - An ordinance approving a special use permit (SU-2) for Alcoholic Beverage Sales \u2013 Small Venue (Consu", "plain": "Special exception \u2014 at 2832 S. MacDill Ave, Tampa", "link": "https://tampagov.hylandcloud.com/251agendaonline/Meetings/ViewMeetingAgendaItem?meetingId=2891&itemId=24402&isSection=False&type=agenda", "project_type": "special-exception", "multifamily": false, "address": "2832 S. MacDill Ave", "parcel": null, "status": "heard", "first_seen": "2026-07-06", "units": null, "acres": null, "score": 0}}, {"type": "Feature", "geometry": {"type": "Point", "coordinates": [-82.411084086059, 27.988713609197]}, "properties": {"id": "ae42b0acbde6f424", "source": "tampa", "jurisdiction": "City of Tampa", "county": "Hillsborough", "meeting_body": "Council Evening", "meeting_date": "2026-06-11", "title": "File No. REZ-26-07", "summary": "Public Hearing on application of Azam Elsheikh request to rezone property generally located at 4201 East Osborne Avenue from RS-50 to PD (Day Care and Nursery). (Ordinance being presented for first reading consideration) - An ordinance rezoning property in the general vicinity of 4201 East Osborne Avenue, in the City of Tampa, Florida, and more particularly described in Section 1, from Zoning Dist", "plain": "Rezoning \u2014 at 4201 East Osborne Avenue, Tampa", "link": "https://tampagov.hylandcloud.com/251agendaonline/Meetings/ViewMeetingAgendaItem?meetingId=2878&itemId=24395&isSection=False&type=agenda", "project_type": "rezoning", "multifamily": false, "address": "4201 East Osborne Avenue", "parcel": null, "status": "heard", "first_seen": "2026-07-06", "units": null, "acres": null, "score": 1}}, {"type": "Feature", "geometry": {"type": "Point", "coordinates": [-82.458118520294, 27.957416495284]}, "properties": {"id": "f2f2506fdbe4e0c4", "source": "tampa", "jurisdiction": "City of Tampa", "county": "Hillsborough", "meeting_body": "Council Evening", "meeting_date": "2026-06-11", "title": "File No. REZ-26-36", "summary": "Public Hearing on application of Accardi and Sons LLC request to rezone property generally located at 1502 and 1506 North Morgan Street; and 1501, 1505 and 1507 North Marion Avenue from RM-24 and CI to CI. (Ordinance being presented for first reading consideration) - An ordinance rezoning property in the general vicinity of 1502 and 1506 North Morgan Street; 1501 1505, and 1507 North Marion Avenue", "plain": "Rezoning \u2014 at 1502 and 1506 North Morgan Street, Tampa", "link": "https://tampagov.hylandcloud.com/251agendaonline/Meetings/ViewMeetingAgendaItem?meetingId=2878&itemId=24399&isSection=False&type=agenda", "project_type": "rezoning", "multifamily": false, "address": "1502 and 1506 North Morgan Street", "parcel": null, "status": "heard", "first_seen": "2026-07-06", "units": null, "acres": null, "score": 1}}, {"type": "Feature", "geometry": {"type": "Point", "coordinates": [-82.464492265381, 27.977972460879]}, "properties": {"id": "0824e09f46ae84e2", "source": "tampa", "jurisdiction": "City of Tampa", "county": "Hillsborough", "meeting_body": "Council Evening", "meeting_date": "2026-06-11", "title": "File No. REZ-26-46", "summary": "Public Hearing on application of Dwell Tampa LLC request to rezone property generally located at 3705 North Darwin Avenue from RS-50 to PD (Residential Single-Family Detached). (Ordinance being presented for first reading consideration) - An ordinance rezoning property in the general vicinity of 3705 North Darwin Avenue, in the city of Tampa, Florida, and more particularly described in Section 1, ", "plain": "Rezoning \u2014 at 3705 North Darwin Avenue, Tampa", "link": "https://tampagov.hylandcloud.com/251agendaonline/Meetings/ViewMeetingAgendaItem?meetingId=2878&itemId=24396&isSection=False&type=agenda", "project_type": "rezoning", "multifamily": false, "address": "3705 North Darwin Avenue", "parcel": null, "status": "heard", "first_seen": "2026-07-06", "units": null, "acres": null, "score": 1}}, {"type": "Feature", "geometry": {"type": "Point", "coordinates": [-82.482100533286, 28.038728629719]}, "properties": {"id": "fb48f96036f4b5f8", "source": "tampa", "jurisdiction": "City of Tampa", "county": "Hillsborough", "meeting_body": "Council Evening", "meeting_date": "2026-06-11", "title": "File No. REZ-26-51", "summary": "Public Hearing on application of Tiffany Oaks II LLC request to rezone property generally located at 9710 and 9720 North Armenia Avenue from RO-1 to CN. (Ordinance being presented for first reading consideration) - An ordinance rezoning property in the general vicinity of 9710 and 9720 North Armenia Avenue, in the city of Tampa, Florida, and more particularly described in Section 1, from Zoning Di", "plain": "Rezoning \u2014 at 9710 and 9720 North Armenia Avenue, Tampa", "link": "https://tampagov.hylandcloud.com/251agendaonline/Meetings/ViewMeetingAgendaItem?meetingId=2878&itemId=24397&isSection=False&type=agenda", "project_type": "rezoning", "multifamily": false, "address": "9710 and 9720 North Armenia Avenue", "parcel": null, "status": "heard", "first_seen": "2026-07-06", "units": null, "acres": null, "score": 1}}, {"type": "Feature", "geometry": {"type": "Point", "coordinates": [-82.400949150608, 27.980016762994]}, "properties": {"id": "786032a22e1e9467", "source": "tampa", "jurisdiction": "City of Tampa", "county": "Hillsborough", "meeting_body": "Council Evening", "meeting_date": "2026-06-11", "title": "File No. REZ-26-53", "summary": "Public Hearing on application of Sean Castro request to rezone property generally located at 3817 and 3819 Temple Street from RM-16 and CG to RM-18. (Ordinance being presented for first reading consideration) - An ordinance rezoning property in the general vicinity of 3817 & 3819 Temple Street, in the city of Tampa, Florida, and more particularly described in Section 1, from Zoning District Classi", "plain": "Rezoning \u2014 at 3817 and 3819 Temple Street, Tampa", "link": "https://tampagov.hylandcloud.com/251agendaonline/Meetings/ViewMeetingAgendaItem?meetingId=2878&itemId=24398&isSection=False&type=agenda", "project_type": "rezoning", "multifamily": false, "address": "3817 and 3819 Temple Street", "parcel": null, "status": "heard", "first_seen": "2026-07-06", "units": null, "acres": null, "score": 1}}, {"type": "Feature", "geometry": {"type": "Point", "coordinates": [-82.451140686784, 27.972006638289]}, "properties": {"id": "4cf40faef6895f0a", "source": "tampa", "jurisdiction": "City of Tampa", "county": "Hillsborough", "meeting_body": "Council Evening", "meeting_date": "2026-06-11", "title": "File No. REZ-25-86", "summary": "Continued Public Hearing from April 9, 2026 on application of Azam Elsheikh request to rezone property generally located at 3101 North Nebraska Avenue from RS-50 and CG to PD (Storefront Residential, Commercial/Office (All CG Uses)). (Ordinance being presented for first reading consideration) - An ordinance rezoning property in the general vicinity of 3101 North Nebraska Avenue, in the city of Tam", "plain": "Rezoning \u2014 at 3101 North Nebraska Avenue, Tampa", "link": "https://tampagov.hylandcloud.com/251agendaonline/Meetings/ViewMeetingAgendaItem?meetingId=2878&itemId=23326&isSection=False&type=agenda", "project_type": "rezoning", "multifamily": false, "address": "3101 North Nebraska Avenue", "parcel": null, "status": "heard", "first_seen": "2026-07-06", "units": null, "acres": null, "score": 1}}, {"type": "Feature", "geometry": {"type": "Point", "coordinates": [-82.450858574483, 27.971891043615]}, "properties": {"id": "e69ec2792dcd086b", "source": "tampa", "jurisdiction": "City of Tampa", "county": "Hillsborough", "meeting_body": "Council Evening", "meeting_date": "2026-06-11", "title": "File No. REZ-25-119", "summary": "Continued Public Hearing from April 9, 2026 on application of Azam Elsheikh request to rezone property generally located at 915 East 23rd Avenue from RS-50 to PD (Residential Single-Family Attached). (Ordinance being presented for first reading consideration) - An ordinance rezoning property in the general vicinity of 915 East 23rd Avenue, in the city of Tampa, Florida, and more particularly descr", "plain": "Rezoning \u2014 at 915 East 23rd Avenue, Tampa", "link": "https://tampagov.hylandcloud.com/251agendaonline/Meetings/ViewMeetingAgendaItem?meetingId=2878&itemId=23327&isSection=False&type=agenda", "project_type": "rezoning", "multifamily": false, "address": "915 East 23rd Avenue", "parcel": null, "status": "heard", "first_seen": "2026-07-06", "units": null, "acres": null, "score": 1}}, {"type": "Feature", "geometry": {"type": "Point", "coordinates": [-82.478906037862, 27.962273495585]}, "properties": {"id": "002a0141ea1a8687", "source": "tampa", "jurisdiction": "City of Tampa", "county": "Hillsborough", "meeting_body": "Council Evening", "meeting_date": "2026-06-11", "title": "File No. REZ-26-22 (Will not be Heard; Withdrawn)", "summary": "Public Hearing on application of Ariomar Alejo request to rezone property generally located at 1915 W. Palmetto Street from RM-16 to PD (Residential, Single-Family, Semi-Detached).", "plain": "Rezoning \u2014 at 1915 W. Palmetto Street, Tampa", "link": "https://tampagov.hylandcloud.com/251agendaonline/Meetings/ViewMeetingAgendaItem?meetingId=2878&itemId=24051&isSection=False&type=agenda", "project_type": "rezoning", "multifamily": false, "address": "1915 W. Palmetto Street", "parcel": null, "status": "heard", "first_seen": "2026-07-06", "units": null, "acres": null, "score": 1}}, {"type": "Feature", "geometry": {"type": "Point", "coordinates": [-82.476899530785, 27.946789857207]}, "properties": {"id": "b2791a5059799fea", "source": "tampa", "jurisdiction": "City of Tampa", "county": "Hillsborough", "meeting_body": "Council Evening", "meeting_date": "2026-06-11", "title": "File No. REZ-26-12 (Will not be Heard; Mis-noticed)", "summary": "Public Hearing on application of Stacey Wellnitz request to rezone property generally located at 1704 W. North B Street; 202, 210 and 220 North Rome Avenue; and 1701 and 1711 W. North A Street from IG to CI.", "plain": "Rezoning \u2014 at 1704 W. North B Street, Tampa", "link": "https://tampagov.hylandcloud.com/251agendaonline/Meetings/ViewMeetingAgendaItem?meetingId=2878&itemId=24050&isSection=False&type=agenda", "project_type": "rezoning", "multifamily": false, "address": "1704 W. North B Street", "parcel": null, "status": "heard", "first_seen": "2026-07-06", "units": null, "acres": null, "score": 1}}, {"type": "Feature", "geometry": {"type": "Point", "coordinates": [-82.426516492287, 27.991636448356]}, "properties": {"id": "1465bb53b795f50e", "source": "tampa", "jurisdiction": "City of Tampa", "county": "Hillsborough", "meeting_body": "Council Evening", "meeting_date": "2026-06-11", "title": "File No. REZ-26-43 (Will not be Heard; Mis-noticed)", "summary": "Public Hearing on application of Melton Davis request to rezone property generally located at 5024 N. 30th Street from RS-50 to IG.", "plain": "Rezoning \u2014 at 5024 N. 30th Street, Tampa", "link": "https://tampagov.hylandcloud.com/251agendaonline/Meetings/ViewMeetingAgendaItem?meetingId=2878&itemId=24056&isSection=False&type=agenda", "project_type": "rezoning", "multifamily": false, "address": "5024 N. 30th Street", "parcel": null, "status": "heard", "first_seen": "2026-07-06", "units": null, "acres": null, "score": 1}}, {"type": "Feature", "geometry": {"type": "Point", "coordinates": [-82.459371393875, 27.97254682617]}, "properties": {"id": "f2b90f8ac16c03ad", "source": "tampa", "jurisdiction": "City of Tampa", "county": "Hillsborough", "meeting_body": "Council Evening", "meeting_date": "2026-05-14", "title": "File No. REZ-25-116", "summary": "Public Hearing on application of Isabelle Albert request to rezone property generally located at 3101 N. Florida Avenue from CI to PD (Storefront Residential/Commercial All CN Uses). (Ordinance being presented for first reading consideration) - An ordinance rezoning property in the general vicinity of 3101 North Florida Avenue, in the city of Tampa, Florida, and more particularly described in Sect", "plain": "Rezoning \u2014 at 3101 N. Florida Avenue, Tampa", "link": "https://tampagov.hylandcloud.com/251agendaonline/Meetings/ViewMeetingAgendaItem?meetingId=2829&itemId=23305&isSection=False&type=agenda", "project_type": "rezoning", "multifamily": false, "address": "3101 N. Florida Avenue", "parcel": null, "status": "heard", "first_seen": "2026-07-06", "units": null, "acres": null, "score": 1}}, {"type": "Feature", "geometry": {"type": "Point", "coordinates": [-82.499774096909, 27.944863125436]}, "properties": {"id": "37c679c7427b8098", "source": "tampa", "jurisdiction": "City of Tampa", "county": "Hillsborough", "meeting_body": "Council Evening", "meeting_date": "2026-05-14", "title": "File No. REZ-26-04", "summary": "Public Hearing on application of Clark Charlton Martino And Borders PA request to rezone property generally located at 3401 & 3407 W. Kennedy Blvd., 106 N. Glen Ave., 3402 & 3406 W. North A Street from RS-50, CG, & PD to PD (Medical Office & All CG Uses). (Ordinance being presented for first reading consideration) - An ordinance rezoning property in the general vicinity of 3401 & 3407 West Kennedy", "plain": "Rezoning \u2014 at 3407 W. Kennedy Blvd, Tampa", "link": "https://tampagov.hylandcloud.com/251agendaonline/Meetings/ViewMeetingAgendaItem?meetingId=2829&itemId=23307&isSection=False&type=agenda", "project_type": "rezoning", "multifamily": false, "address": "3407 W. Kennedy Blvd", "parcel": null, "status": "heard", "first_seen": "2026-07-06", "units": null, "acres": null, "score": 1}}, {"type": "Feature", "geometry": {"type": "Point", "coordinates": [-82.474698274012, 27.954855811857]}, "properties": {"id": "7e425dfeb857d617", "source": "tampa", "jurisdiction": "City of Tampa", "county": "Hillsborough", "meeting_body": "Council Evening", "meeting_date": "2026-05-14", "title": "File No. REZ-26-11", "summary": "Public Hearing on application of Aaron Trommater request to rezone property generally located at 1500 W. LaSalle Street from RS-50 to RM-18 (Residential, Multiple Family). (Ordinance being presented for first reading consideration) - An ordinance rezoning property in the general vicinity of 1500 West La Salle Street, in the city of Tampa, Florida, and more particularly described in Section 1, from", "plain": "Rezoning \u2014 at 1500 W. LaSalle Street, Tampa", "link": "https://tampagov.hylandcloud.com/251agendaonline/Meetings/ViewMeetingAgendaItem?meetingId=2829&itemId=23308&isSection=False&type=agenda", "project_type": "rezoning", "multifamily": false, "address": "1500 W. LaSalle Street", "parcel": null, "status": "heard", "first_seen": "2026-07-06", "units": null, "acres": null, "score": 1}}, {"type": "Feature", "geometry": {"type": "Point", "coordinates": [-82.460936441932, 27.973431907829]}, "properties": {"id": "85c4142d3adbef48", "source": "tampa", "jurisdiction": "City of Tampa", "county": "Hillsborough", "meeting_body": "Council Evening", "meeting_date": "2026-05-14", "title": "File No. REZ-26-16", "summary": "Public Hearing on application of Poseidon25 Developments LLC request to rezone property generally located at 3206 N. Tampa Street from RS-50 to PD (Residential, Single Family Attached). (Ordinance being presented for first reading consideration) - An ordinance rezoning property in the general vicinity of 3206 North Tampa Street, in the city of Tampa, Florida, and more particularly described in Sec", "plain": "Rezoning \u2014 at 3206 N. Tampa Street, Tampa", "link": "https://tampagov.hylandcloud.com/251agendaonline/Meetings/ViewMeetingAgendaItem?meetingId=2829&itemId=23309&isSection=False&type=agenda", "project_type": "rezoning", "multifamily": false, "address": "3206 N. Tampa Street", "parcel": null, "status": "heard", "first_seen": "2026-07-06", "units": null, "acres": null, "score": 1}}, {"type": "Feature", "geometry": {"type": "Point", "coordinates": [-82.473240519684, 27.953499965285]}, "properties": {"id": "ff067f0a73e1c10f", "source": "tampa", "jurisdiction": "City of Tampa", "county": "Hillsborough", "meeting_body": "Council Evening", "meeting_date": "2026-05-14", "title": "File No. REZ-26-37", "summary": "Public Hearing on application of James Lascara request to rezone property generally located at 1313 W. Nassau Street from RS-50 to PD (Residential, Single Family Semi-Detached). (Ordinance being presented for first reading consideration) - An ordinance rezoning property in the general vicinity of 1313 West Nassau Street, in the city of Tampa, Florida, and more particularly described in Section 1, ", "plain": "Rezoning \u2014 at 1313 W. Nassau Street, Tampa", "link": "https://tampagov.hylandcloud.com/251agendaonline/Meetings/ViewMeetingAgendaItem?meetingId=2829&itemId=23310&isSection=False&type=agenda", "project_type": "rezoning", "multifamily": false, "address": "1313 W. Nassau Street", "parcel": null, "status": "heard", "first_seen": "2026-07-06", "units": null, "acres": null, "score": 1}}, {"type": "Feature", "geometry": {"type": "Point", "coordinates": [-82.5171412, 27.8883678]}, "properties": {"id": "891797a3ecdd2ad5", "source": "tampa", "jurisdiction": "City of Tampa", "county": "Hillsborough", "meeting_body": "Council Evening", "meeting_date": "2026-05-14", "title": "File No. REZ-26-52", "summary": "Public Hearing on application of Mac Mccraw request to rezone property generally located at 5200 S. Manhattan Avenue from PD to PD (Residential, Single Family Attached). (Ordinance being presented for first reading consideration) - An ordinance rezoning property in the general vicinity of 5200 South Manhattan Avenue, in the city of Tampa, Florida, and more particularly described in Section 1, from", "plain": "Rezoning \u2014 at 5200 S. Manhattan Avenue, Tampa", "link": "https://tampagov.hylandcloud.com/251agendaonline/Meetings/ViewMeetingAgendaItem?meetingId=2829&itemId=23311&isSection=False&type=agenda", "project_type": "rezoning", "multifamily": false, "address": "5200 S. Manhattan Avenue", "parcel": null, "status": "heard", "first_seen": "2026-07-06", "units": null, "acres": null, "score": 1}}, {"type": "Feature", "geometry": {"type": "Point", "coordinates": [-82.404710223132, 27.996154110624]}, "properties": {"id": "98217610c280ef30", "source": "tampa", "jurisdiction": "City of Tampa", "county": "Hillsborough", "meeting_body": "Council Evening", "meeting_date": "2026-05-14", "title": "File No. REZ-25-118", "summary": "Continued Public Hearing from February 12, 2026 on application of Global Engineering request to rezone property generally located at 4714 E. Hillsborough Avenue from CI & RS-50 to PD (Business Professional Office, Open Storage & All CI Uses). (Ordinance being presented for first reading consideration) - An ordinance rezoning property in the general vicinity of 4714 East Hillsborough Avenue, in the", "plain": "Rezoning \u2014 at 4714 E. Hillsborough Avenue, Tampa", "link": "https://tampagov.hylandcloud.com/251agendaonline/Meetings/ViewMeetingAgendaItem?meetingId=2829&itemId=23306&isSection=False&type=agenda", "project_type": "rezoning", "multifamily": false, "address": "4714 E. Hillsborough Avenue", "parcel": null, "status": "heard", "first_seen": "2026-07-06", "units": null, "acres": null, "score": 1}}, {"type": "Feature", "geometry": {"type": "Point", "coordinates": [-82.502124430547, 27.908596459336]}, "properties": {"id": "99f2c96a582cc419", "source": "tampa", "jurisdiction": "City of Tampa", "county": "Hillsborough", "meeting_body": "Council Evening", "meeting_date": "2026-05-14", "title": "File No. REZ-26-18", "summary": "Continued Public Hearing from April 9, 2026 on application of Tyler Hudson request to rezone property generally located at 3602 West Euclid Avenue from RO to CG. (Ordinance being presented for first reading consideration ) - An ordinance rezoning property in the general vicinity of 3602 West Euclid Avenue, in the city of Tampa, Florida, and more particularly described in Section 1, from Zoning Dis", "plain": "Rezoning \u2014 at 3602 West Euclid Avenue, Tampa", "link": "https://tampagov.hylandcloud.com/251agendaonline/Meetings/ViewMeetingAgendaItem?meetingId=2829&itemId=23317&isSection=False&type=agenda", "project_type": "rezoning", "multifamily": false, "address": "3602 West Euclid Avenue", "parcel": null, "status": "heard", "first_seen": "2026-07-06", "units": null, "acres": null, "score": 1}}, {"type": "Feature", "geometry": {"type": "Point", "coordinates": [-82.4304649, 27.9815478]}, "properties": {"id": "d76156319508830a", "source": "tampa", "jurisdiction": "City of Tampa", "county": "Hillsborough", "meeting_body": "Council Evening", "meeting_date": "2026-05-14", "title": "File No. REZ-26-26", "summary": "Continued Public Hearing from April 9, 2026 on application of Catherine Coyle request to rezone property generally located at 2602 & 2604 E. Dr. Martin Luther King Jr. Boulevard and 2603 East Ida Street from RS-50 and CI to PD (Residential Multiple-Family). (Ordinance being presented for first reading consideration) - An ordinance rezoning property in the general vicinity of 2602 and 2604 East Dr ", "plain": "Rezoning \u2014 at 2604 E. Dr, Tampa", "link": "https://tampagov.hylandcloud.com/251agendaonline/Meetings/ViewMeetingAgendaItem?meetingId=2829&itemId=23318&isSection=False&type=agenda", "project_type": "rezoning", "multifamily": false, "address": "2604 E. Dr", "parcel": null, "status": "heard", "first_seen": "2026-07-06", "units": null, "acres": null, "score": 1}}]}